label,text
ham,"Ir hasta punto Jurong, loco.. Disponible sólo en bugis n gran mundo la e buffet ... Cine allí tiene amore wat ..."
ham,Ok lar... bromeando con tu oni...
spam,Entrada gratuita en 2 a wkly comp para ganar FA Cup final tkts 21 de mayo de 2005. Texto FA a 87121 para recibir la pregunta de entrada (std txt rate)T&C's aplicar 08452810075over18
ham,No se diga tan temprano... ya se dice...
ham,"No, no creo que vaya a Usf, pero vive por aquí."
spam,"FreeMsg Hey no querida ha sido 3 semanas ahora y no hay palabra de vuelta! Me gustaría un poco de diversión para que todavía? Tb ok! XxX std chgs para enviar, 1.50 a rcv"
ham,"Incluso mi hermano no es como hablar conmigo, me tratan como una patente de ayudas."
ham,Según su petición 'Melle Melle (Oru Minnaminunginte Nurungu Vettam)' se ha establecido como su callertune para todos los que llaman. Pulse *9 para copiar a sus amigos Callertune
spam,WINNER!! Como un cliente de red valorado que han sido seleccionados para recibir una recompensa premio 900! Para reclamar llamar al 09061701461. Código de reclamación KL341. Válido sólo 12 horas.
spam,¿Tuvo su móvil 11 meses o más? U R derecho a actualizar a los últimos móviles a color con cámara gratis! Llame a la actualización móvil Co FREE en 08002986030
ham,"Voy a estar en casa pronto y no quiero hablar más de estas cosas esta noche, ya he llorado bastante hoy."
spam,"¡Seis oportunidades de ganar CASH! De 100 a 20.000 libras txt> CSH11 y enviar a 87575. Costo 150p/día, 6días, 16+ TsandCs aplicar Responder HL 4 info"
spam,"URGENTE! Usted ha ganado una membresía GRATUITA de 1 semana en nuestro Premio Jackpot 100,000! Txt la palabra: RECLAMACIÓN al No: 81010 T&C www.dbuk.net LCCLTD POBOX 4403LDNW1A7RW18"
ham,He estado buscando las palabras correctas para agradecerte por este aliento. Prometo que no daré tu ayuda por sentada y cumpliré mi promesa. Has sido maravillosa y una bendición en todo momento.
ham,¡¡Tengo una cita el domingo con voluntad!!
spam,"XXXMobileMovieClub: Para usar su crédito, haga clic en el enlace WAP en el siguiente mensaje txt o haga clic aquí>> http://wap. xxxmobilemovieclub.com?n=QJKGIGHJGCBL"
ham,Oh k...estoy viendo aquí:)
ham,"Eh, recuerda cómo 2 deletrean su nombre... sí, lo hice."
ham,Bien si eso es la manera en que te sientes.
spam,"England v Macedonia - no te pierdas los goles/noticias del equipo. Txt u equipo nacional a 87077 eg ENGLAND a 87077 Pruebe:WALES, SCOTLAND 4txt/Ì1⁄41.20 POBOXox36504W45WQ 16+"
ham,¿Es así en serio cómo deletreas su nombre?
ham,Voy a intentar por 2 meses ha ha sólo bromear
ham,Así que Í_ pagar primero lar... entonces cuando viene la acción...
ham,¿Ya terminaste tu almuerzo?
ham,¿De ninguna manera podré reunirme contigo antes?
ham,"Sólo me forcé a comer una rebanada, realmente no tengo hambre, esto apesta, Mark se está preocupando, sabe que estoy enfermo cuando rechazo la pizza."
ham,Lol tu siempre tan convincente.
ham,¿Cogiste el autobús? ¿Estás freyendo un huevo? ¿Has hecho un té? ¿Estás comiendo la izquierda de tu mamá durante la cena? ¿Sientes mi amor?
ham,"Estoy de vuelta &"";"" estamos empacando el coche ahora, te haré saber si hay espacio"
ham,Ahhh. trabajo. recuerdo vagamente eso! ¿Qué se siente? Lol
ham,"Espera que todavía no está tan claro, ¿no estás seguro de que yo sea sarcástico o que es por eso que x no quiere vivir con nosotros"
ham,"Sí, llegó a las 2 y se disculpó. N se había caído y ella estaba actuando como un niño malcriado y él quedó atrapado en eso. ¡Hasta las 2! Pero no vamos a ir allí."
ham,"K, cuéntame algo de ti."
ham,¿Por miedo a desmayarse con todas las tareas domésticas que acabas de hacer?
spam,Gracias por su suscripción a Ringtone UK su móvil se cobrará 5/mes Por favor confirme respondiendo SÍ o NO. Si usted responde NO no se le cobrará
ham,"Sip... Ok me voy a casa a ver los cronometrajes y luego me vuelvo a ver... Xuhui va a aprender el 2 de mayo también, pero su lección es a las 8 de la mañana."
ham,"Oops, te lo haré saber cuando mi compañero de cuarto haya terminado"
ham,Veo la letra B en mi coche.
ham,Lo que sea... tú decides...
ham,Hola! ¿Cómo estás y cómo te fue el sábado? Estaba escribiendo un mensaje para ver si habías decidido hacer algo Tomo. ¡No es que esté tratando de invitarme a mí mismo o algo así!
ham,Sólo quería estar seguro de tener un gran fin de semana Abiola
ham,"¿Olvidé decirte? Te quiero, te necesito, te ansío... pero sobre todo... te amo mi dulce corcel árabe..."
spam,"07732584351 - Rodger Burns - MSG = Hemos intentado llamarle para su respuesta a nuestros sms para un móvil de nokia gratis + videocámara gratis. Por favor, llame ahora 08000930705 para la entrega de mañana"
ham,¿A quién estás viendo?
ham,¡Genial! Espero que te guste tu hombre bien dotado. Soy <#> pulgadas...
ham,Sin llamadas... mensajes... llamadas perdidas.
ham,¿No te dieron la inmunización de hepatitis B en Nigeria?
ham,"Me parece justo, ¿algo está pasando?"
ham,"Sí, con suerte, si Tyler no puede hacerlo podría preguntar por ahí un poco."
ham,"No sé lo testaruda que soy, ni siquiera quería ir al hospital, le decía a Mark que no soy débil, que los hospitales son para los débiles."
ham,"Lo que pensabas de mí, la primera vez que me viste en clase."
ham,"""""Un gramo por lo general se ejecuta como <"";#> , media octava es más inteligente sin embargo y te consigue casi un segundo gramo entero para <#>"
ham,K fyi x tiene un viaje temprano mañana por la mañana pero se estrellará en nuestro lugar esta noche
ham,"Nunca me di cuenta de que estabas tan avergonzada por tus alojamientos. Pensé que te gustaba, ya que estaba haciendo lo mejor que podía y siempre parecías tan feliz por la cueva."
spam,SMS. ac Sptv: Los Diablos de Nueva Jersey y las Alas Rojas de Detroit juegan al hockey sobre hielo. ¿Correcto o Incorrecto?
ham,¿Sabes lo que hizo Mallika Sherawat ayer? Averigua ahora @ <URL>
spam,"Felicidades! 1 año especial de cine pase para 2 es suyo. llame al 09061209465 ahora! C Suprman V, Matrix3, StarWars3, etc todo 4 GRATIS! bx420-ip4-5we. 150pm. No se pierda!"
ham,"Lo siento, llamaré más tarde en la reunión."
ham,Dile a dónde has llegado.
ham,Sí... Gauti y Sehwag fuera de la serie ODI.
ham,"Tendrás que recoger una hamburguesa de $1 para ti en tu camino a casa, ni siquiera puedo moverme, el dolor me está matando."
ham,Las chicas son buscadoras de situaciones.
ham,Es una parte de comprobar el coeficiente intelectual
ham,"Siento que mis compañeros de cuarto tardaran mucho, ¿está bien si vengo ahora?"
ham,Ok lar I doble chequeo wif da peinador ya dijo wun corte v corto. Dijo cortar hasta que me vea bien.
spam,"Como un cliente valorado, me complace aconsejarle que después de la revisión reciente de su Mob No. usted es galardonado con un Premio de Bono 1500, llame al 09066364589"
ham,"Hoy es \song día dedicado..\"""" ¿Qué canción vas a dedicar para mí? Envíe esto a todos sus valiosos frnds, pero primero rply me..."""""
spam,"Urgente UR concedió un viaje de cortesía a EuroDisinc Trav, Aco&Entry41 O 1000. Para reclamar txt DIS a 87121 18+6*1.50(másFrmMob. ShrAcomOrSglSuplt)10, LS1 3AJ"
spam,"¿Has oído hablar de la nueva \ Barbie divorcio \ """"? Viene con todas las cosas de Ken!"""""
ham,Me voy a dar este fin de mes.
ham,Wah afortunado... entonces puede ahorrar dinero...
ham,Terminado la clase donde estás.
ham,Hola bebé Im en casa ahora quiere hacer algo? XX
ham,K..k:)¿Dónde estás?¿Cómo has actuado?
ham,Puedes llamarme ahora...
ham,"Estoy esperando a Machan, llámame una vez que estés libre."
ham,Eso es genial. Soy un caballero y te trataré con dignidad y respeto.
ham,Me gustan mucho los pueblos:) pero soy muy tímido pa.
ham,No funciona después de <#> o qué
ham,"No es lo mismo aquí, todavía buscando trabajo, cuánto ganan los Ta."
ham,"Lo siento, llamaré más tarde."
ham,K. ¿Me acabas de llamar?
ham,"Ok, estoy de camino a casa, hola."
ham,Estarás en el lugar de ese hombre.
ham,"Sí, próxima parada."
ham,"Te llamo más tarde, no tengo red."
ham,Sólo necesito 2 entradas más y una chaqueta más y ya he terminado. Ya he usado todos mis multis.
ham,"Sí, empecé a enviar peticiones para hacerlo, pero el dolor volvió, así que estoy de vuelta en la cama, monedas dobles en la fábrica también, tengo que cobrar todos mis nitros."
ham,Realmente no estoy a la altura todavía esta noche nena
ham,"Ela kano., a la descarga, vienen gratis.."
ham,"¡Sí, hazlo! ¡No te pongas de pie para cerrar algo!"
ham,Lo siento por ser un dolor. ¿Está bien si nos encontramos otra noche? Pasé la tarde en la víctima y eso significa que no he hecho nada de y stuff42moro y que incluye todas mis hojas de tiempo y eso. Lo siento.
ham,Sonrisa en el placer Sonrisa en el dolor Sonrisa cuando los problemas se derraman como la lluvia Sonrisa cuando sum1 Lastima U Sonrisa por alguien todavía ama ver u sonriente!!
spam,Por favor llame a nuestro representante de servicio al cliente en 0800 169 6031 entre 10am-9pm ya que usted tiene WON un dinero garantizado 1000 o 5000 premio!
ham,Tengo planes de comprar más tarde. Ya he comprobado lido sólo tiene 530 show en e tarde. U terminar el trabajo ya?
spam,"Su tono de llamada libre está a la espera de ser recogido. Simplemente escriba la contraseña \MIX\"""" a 85069 para verificar. Obtenga Usher y Britney. FML"", PO Box 5249, ""MK17 92H. 450Ppw 16"""""
ham,Viendo la película de telugu..wat abt u?
ham,Cuando terminemos tenemos un montón de préstamos que pagar.
ham,"Hola. Wk ha estado bien - en hols ahora! Sí para un poco de carrera. Olvidé que tengo cita con peluqueros a las cuatro, así que la necesidad de llegar a casa n ducharse de antemano."
ham,"Por favor, no me mandes más mensajes, no tengo nada más que decir."
ham,Ok nombre u precio siempre y cuando sea legal! Wen puedo recogerlos? Y u ave x ams xx
ham,Todavía estoy buscando un coche para comprar y no he ido a la prueba de conducir todavía.
ham,Según su petición 'Melle Melle (Oru Minnaminunginte Nurungu Vettam)' se ha establecido como su callertune para todos los que llaman. Pulse *9 para copiar a sus amigos Callertune
ham,"Supongo que una vez que me di por vencido con los hombres de Boston y cambié mi ubicación de búsqueda por nyc, algo cambió."
ham,Umma mi vida y vava umma te amo mucho querida
ham,Muchas gracias por tus deseos en mi cumpleaños. Gracias por hacer mi cumpleaños verdaderamente memorable.
ham,"De acuerdo, te golpearé cuando consiga algo de dinero."
ham,¿Cómo probaría mi dirección IP que considerando que mi computadora no es un servidor de Minecraft?
ham,Mi mamá era como si no estuvieras mintiendo.
ham,"No te preocupes, supongo que está ocupado."
ham,¿Cuál es el plural de la investigación sustantivo?
ham,Voy a cenar. Te voy a dejar después.
ham,Estoy bien porque me gustan 2 probar cosas nuevas pero me asusté como mah porque dijiste no demasiado fuerte
spam,GENT! Estamos tratando de contactar con usted. Los fines de semana pasados sorteo muestra que usted ganó un premio 1000 GARANTIZADO. Llame 09064012160. Código de reclamación K52. Válido sólo 12 horas. 150ppm
ham,"Wa, tu frase de apertura muy formal... de todos modos, yo también estoy bien, Juz tt estoy comiendo demasiado n puttin en peso... ¿Así que pasó algo especial?"
ham,Cuando entré en mi camarote mi asistente me dijo: '¡Feliz Jefe B'day!!'. Me sentí especial. Ella me pidió 4 almuerzos. Después del almuerzo me invitó a su apartamento. Fuimos allí.
spam,Usted es un ganador U han sido especialmente seleccionados 2 recibir 1000 o un 4* vacaciones (vuelos inc) hablar con un operador en vivo 2 reclamación 0871277810910p/min (18+)
ham,"Sí, tenemos que hablar el viernes - proporción huevo-potato para tortilla necesaria!"
ham,"Mi tío me acaba de informar que está pagando la escuela directamente, así que pls compra comida."
spam,PRIVADO! Su cuenta de 2004 para 07742676969 muestra 786 puntos de bonificación no redimidos. Para reclamar llame al 08719180248 Código de identificación: 45239 Expira
spam,"URGENTE! Su móvil No. fue galardonado 2000 Bono Premio Llamador el 5/9/03 Este es nuestro último intento de contactar con U! Llamada desde Landline 09064019788 BOX42WR29C, 150PPM"
ham,Aquí está mi nueva dirección - manzanillas & pairs & all que malarky
spam,Hoy los números Voda que terminan 7548 son seleccionados para recibir un premio de $350. Si usted tiene un partido por favor llame al 08712300220 citando código de reclamación 4041 estándar tarifas app
ham,Voy a ir a Sao Mu hoy. Se hará sólo a las 12
ham,¿Predecir que el tiempo va a terminar de comprar?
ham,"Bien hecho, lo haré."
ham,"Sólo para que lo sepas, aún no le he enviado dinero, le he enviado un mensaje de texto para no molestarse en enviar, así que se acabó, no tienes que involucrarte en nada, no debí haberte impuesto nada en primer lugar, así que me disculpo."
ham,¿Estás ahí en la habitación.
ham,"Hola, chica. ¿Cómo estás?"
ham,K.k:)¿Cuánto cuesta?
ham,Estoy en casa.
ham,"Querida, llamaré a Tmorrow.pls accomodate."
ham,Primero responde a mi pregunta.
spam,Sunshine Quiz Wkly Q! Ganar un reproductor de DVD de Sony superior si usted sabe en qué país está el Algarve? Txt Ansr a 82277. 1.50 SP:Tyrone
spam,¿Quieres dos conseguir sexo esta noche? ¿Quieres real Dogging ubicaciones enviadas directamente 2 u mob? Únete a la red de perros más grande del Reino Unido bt Txting GRAVEL a 69888! Nt. ec2a. 31p.msg@150p
ham,Sólo tengo msn. Es yijue@hotmail.com
ham,Llámalo y encuéntrate con él.
ham,Revisaré todas las habitaciones para ver si hay actividades.
spam,Usted no rcv más msgs del chat svc. Para FREE Hardcore services texto Ir a: 69988 Si u consigue nada u must Age Verify with yr network & inténtalo de nuevo
ham,Tengo... perezosa para escribir... olvidé... en lect... vi una bolsa pero como si no fuera agradable...
ham,"K, envíame un mensaje cuando estés en camino."
ham,"Señor, esperando su correo."
ham,"Un pensamiento swt: \Nver se cansan de hacer pequeñas cosas 4 personas adorables..\"""" Coz..somtimes esas pequeñas cosas ocupan d mayor parte en sus corazones.. Gud ni8"""""
ham,Sé que lo eres. ¿Puedes abrir la parte de atrás?
ham,"Sí, nos vemos no en el punto"
ham,¿Cuál es el nombre del personal que está tomando clases para nosotros?
spam,"FreeMsg ¿Por qué no has respondido a mi texto? Soy Randy, sexy, mujer y local en vivo. Luv para escuchar de u. Netcollex Ltd 08700621170150p por msg respuesta Parar para terminar"
ham,Ummma.llamará después del check in.nuestra vida comenzará desde qatar así que pls ora muy duro.
ham,K..i borró mi contacto ¿por qué?
ham,Sindu consiguió trabajo en Birla suave ..
ham,El vino está fluyendo y yo nunca...
ham,Sip i thk cine es mejor porque no hay necesidad de 2 bajar 2 plaza mah.
ham,Ok... respuesta típica de Ur...
ham,Según su petición 'Melle Melle (Oru Minnaminunginte Nurungu Vettam)' se ha establecido como su callertune para todos los que llaman. Pulse *9 para copiar a sus amigos Callertune
ham,"Estás en todas partes tierra, en el suelo, las ventanas, incluso en mi camisa. Y a veces cuando abro mi boca, eres todo lo que sale. Sueño con mi mundo sin ti, entonces la mitad de mis tareas están fuera también. Un tiempo de alegría para mí, un montón de programas de televisión i.ll ver. Pero supongo que como todas las cosas que sólo debe existir, como lluvia, granizo y niebla, y cuando mi tiempo aquí ha terminado, usted y yo se convierten en una."
ham,¿Estás en el trabajo?
ham,Me voy de mi casa ahora...
ham,"Hola, mi amor. ¿Qué estás haciendo? ¿Has llegado a esa entrevista hoy? ¿Estás feliz? ¿Estás siendo un buen chico? ¿Piensas en mí?¿Me estás extrañando?"
spam,Servicio de atención al cliente annoncement. Usted tiene una entrega de Año Nuevo esperando para usted. Por favor llame al 07046744435 ahora para organizar la entrega
spam,Usted es un ganador U han sido especialmente seleccionados 2 recibir 1000 en efectivo o un 4* vacaciones (vuelos inc) hablar con un operador en vivo 2 reclamación 0871277810810
ham,Mantente a salvo por mí porque te necesito y ya te extraño y envidio a todos los que te ven en la vida real
ham,Coche nuevo y casa para mis padres.:) Tengo sólo trabajo nuevo en la mano:)
ham,"Estoy tan enamorado de ti, estoy emocionado cada día que paso contigo, me haces tan feliz."
spam,-PLS STOP bootydelious (32/F) le invita a ser su amigo. Responder YES-434 o NO-434 Veala: www.SMS.ac/u/bootydelious STOP? Enviar STOP FRND a 62468
spam,"El pedido de BangBabes Ur está en camino. U DEBERÍA recibir un servicio Msg 2 descargar el contenido de UR. Si U no lo hace, GoTo wap. bangb. tv en el menú de Internet móvil / servicio UR"
ham,Pongo todos los puntos en e módulo de culturas ya.
spam,URGENTE! Estamos tratando de contactar con usted. Los fines de semana pasados sorteo muestra que usted ha ganado un premio 900 GARANTIZADO. Llame a 09061701939. Código de reclamación S89. Válido sólo 12hrs
ham,"Hola frnd, ¿cuál es la mejor manera de evitar malinterpretar a nuestro amado?"
ham,Me gusta el puente pero necesita su cerveza.
ham,Sí:) completamente fuera de forma:)clark también el desperdicio total.
ham,"Señor, necesito la cuenta del banco AXIS no y la dirección del banco."
ham,"Hmmm... seguro que tienes tiempo para saltar ard... ya, puedes ir 4 abt gratis... muz llama para hablar de liao..."
ham,¿A qué hora bajarás más tarde?
ham,"Maldita sea, no puedo creer que hayas olvidado mi apellido, Sr.. Te daré una pista, su español y comienza con..."
ham,"Bueno, voy a terminar mi baño ahora."
ham,Avísame cuando tengas el dinero para que Carlos pueda hacer la llamada.
ham,¿Aún vas al centro comercial?
ham,"Resulta que mis amigos se quedan para todo el show y no estarán de vuelta hasta ~ <"";#> , así que siéntase libre de seguir adelante y fumar que $ <#>"" vale la pena"
ham,"Si no contesta, hágamelo saber para que pueda tener su registro."
ham,¡Hola! Acabas de hablar con MANEESHA V. Nos gustaría saber si estás satisfecho con la experiencia. Responder Gratis con Sí o No.
ham,Usted levantó mis esperanzas con la oferta de dinero. Estoy en necesidad. Especialmente cuando el final del mes se acerca y me duele mi estudio. De todos modos tienen un fin de semana gr8
ham,"Lol no, puedes confiar en mí."
ham,Soy un caballero y te trataré con dignidad y respeto.
ham,"Lo hará, ¿ustedes se acercan?"
ham,No va nada genial. Adiós.
ham,Hola guapo ! ¿Estás encontrando ese trabajo ? No ser perezoso ? Trabajando para recuperar esa red para mamá ? ¿Dónde está mi niño ahora ? ¿Me echa de menos ?
ham,"Haha impresionante, estar allí en un minuto"
spam,Por favor llame a nuestro representante de servicio al cliente en FREEPHONE 0808 145 4742 entre 9am-11pm ya que tiene WON un premio garantizado 1000 en efectivo o 5000!
ham,¿Tienes tiempos de radio de Navidad. Si no voy a conseguirlo ahora
ham,"Sólo llegué a casa, me bañé primero, pero mi hermana usando la red te dijo cuando terminó..."
spam,¿Eres lo suficientemente único? Infórmate desde el 30 de agosto. www.areyouunique.co.uk
ham,Lo siento. Me he unido a la liga de personas que no se mantienen en contacto. Significas mucho para mí. Has sido un amigo en todo momento incluso a un gran costo personal.
ham,Hola :) finalmente terminé el curso:)
ham,"Sin embargo, sugiero que se quede con alguien que será capaz de dar ors por cada taburete."
ham,Espero que te hayas instalado para el nuevo año escolar.
ham,Gud mrng querido tener un buen día
ham,¿Conseguiste esa historia de personas?
ham,¿Su hámster está muerto?
ham,"Hola su Kate cómo es su noche? Espero que pueda verte mañana por un rato, pero tengo que maldito babyjontet! Txt volver si puedes. :) xxx"
ham,"Lo encontré, ENC <"";#>"" , ¿dónde estás?"
ham,Te envié <#> dólares
ham,"Hola, cariño, he terminado la universidad ahora, así que txt me cuando termines si puedes amar a Kate xxx"
ham,Su cuenta ha sido recargada con éxito por INR <DECIMAL> . Su saldo de cuenta prepago de KeralaCircle es Rs <DECIMAL> . Su ID de transacción es KR <#> .
ham,Buenos días durmiendo ga.
ham,Llámame alter a las 11 ok.
ham,Di hasta que compres ericsson oso no pueda oredi lar...
ham,Cuando entré en mi camarote mi asistente me dijo: '¡Feliz Jefe B'day!!'. Me sentí especial. Ella me pidió 4 almuerzos. Después del almuerzo me invitó a su apartamento. Fuimos allí.
ham,"Está bien, perro derecho."
ham,Usted por favor nos da la conexión hoy mismo antes de <DECIMAL> o devolver la factura
ham,Ambos :) me tiro grandes cargas así que prepárate!
ham,"Que pasa hermano, espero que hayas tenido un buen descanso."
ham,Casa para que siempre podamos charlar
ham,K:)k:)bueno:)estudiar bien.
ham,Sí... cómo no leh...
ham,Suena genial. ¿Ya estás en casa?
ham,Finalmente el partido se dirige hacia el dibujo como su predicción.
ham,No he dormido bien las últimas noches.
ham,Fácil ah?sen ha sido seleccionado significa que es bueno..
ham,Tengo que hacer el examen con el 3 de marzo.
ham,"Creo que puedes usar tu teléfono móvil para registrarte, pero si hay algo que pueda ayudarme, pero cuando estés seguro de que estás listo."
ham,"Ok, no hay problema, tómate tu tiempo."
ham,Hay os llamado ubandu que se ejecutará sin instalar en el disco duro... usted puede utilizar que os para copiar los archivos importantes en el sistema y darle a la tienda de reparación..
ham,"Lo siento, llamaré más tarde."
ham,"Por supuesto que no pasa nada, no decir nada romántico, sólo un poco."
spam,"500 nuevos móviles de 2004, debe ir! Txt: NOKIA a No: 89545 y recoger el suyo hoy!Desde sólo 1 www.4-tc.biz 2optout 087187262701.50gbp/mtmsg18"
ham,"Realmente apreciaría que me llamaras, sólo necesito a alguien con quien hablar."
spam,"¿Va a conocer a su pareja de ensueño pronto? ¿Es su carrera de 2 un comienzo flyng? 2 descubrir gratis, txt HORO seguido por el signo de la estrella, por ejemplo. HORO ARIES"
ham,Hola compañía elama po mudyadhu.
ham,"La vida es más estricta que el maestro... Bcoz Maestro enseña la lección &""; luego conduce el examen, pero la vida primero conduce el examen &"" luego enseña las lecciones. Feliz mañana. . ."
ham,"Queridos buenos días, ahora sólo estoy despierto."
ham,Baje en gandipuram y camine para cruzar el camino de corte. Lado derecho <#> calle y gire en la primera a la derecha.
ham,"Querido, vamos a ir a nuestro lugar de goma."
ham,"Siento que la batería haya muerto, sí, estoy aquí."
ham,Sí:)aquí la televisión siempre está disponible en el lugar de trabajo..
spam,Texto y conocer a alguien sexy hoy. U puede encontrar una fecha o incluso coquetear su hasta U. Únete a 4 sólo 10p. RESPUESTA con nombre y edad por ejemplo Sam 25. 18 -msg rect@thirty8 pence
ham,Lo he impreso oh. Así que <#> subir
ham,O estar un poco más cerca como en la parada de autobús en la misma calle
ham,¿Dónde estás? ¿Cuándo llegarás aquí?
ham,"Nueva Teoría: Argumento gana d SITUACIÓN, pero pierde la PERSONA. Así que no discutas con tus amigos sólo... . . . patearlos &"";"" decir, ¡siempre estoy en lo cierto!"
spam,U 447801259231 tienen un admirador secreto que está buscando 2 hacer contacto con U-encuentre a quién R*revelar que piensa UR tan especial-llamada en 09058094597
ham,La audiencia final de Tomarrow en mi caso de laptop así que no puedo.
ham,PLEASSSSSEEEE TEL ME V AVENT HECHO SPORTSx
ham,"De acuerdo, no, no, sólo brillaba, se suponía que iba a firmar, pero eso suena mejor."
ham,"Aunque te dije que ahora me gustan los relojes baig face, pero me gusta mucho ver cómo me lo das porque es fr u. Thanx 4 todo lo que has hecho hoy, estoy conmovido..."
ham,¿No recuerdas ese viejo anuncio?
ham,"Dije que tengo el sitio web, que no tengo o no tengo las zapatillas."
ham,Te pedí que lo llamaras ahora.
ham,Kallis no bateará en la 2a entrada.
ham,No funcionó de nuevo oh. Ok buenas noches entonces. Lo arreglaré y lo tendré listo para el momento en que te despiertes. Se te echa mucho de menos tener una buena noche de sueño.
spam,Enhorabuena por la entrega de 500 de los bonos de CD o 125gift garantía & libre de entrada 2 100 wkly dibujar txt MUSIC a 87066 TnCs www.Ldew.com1win150ppmx3age16
ham,Ranjith cal drpd Deeraj y deepak 5min bodega
ham,"wen u bcums adorables enojado wid u, dnt tomarlo en serio.. coz estar enojado es d más infantil n verdadera manera de mostrar afecto profundo, cuidado n luv!.. kettoda manda... tener un buen día da."
ham,¿Qué estás haciendo? ¿Cómo estás?
ham,"Ups que es 3 días también, y la compañía naviera que toma 2wks. La otra manera es usps que toma una semana, pero cuando llega a retraso usted puede tener que sobornar nipost para obtener sus cosas."
ham,"Estoy de vuelta, déjame saber cuando estés listo"
ham,No esperes necesariamente que se haga antes de que regreses.
ham,Mmm tan delicioso bebé ... Buena sacudida para el suzy
ham,¿Dónde estás amante?
spam,Tratamos de contactar con usted para su respuesta a nuestra oferta de un teléfono de vídeo? 750 redes en cualquier momento minutos? TEXTO UNLIMITADO? Videocámara? Responder o llamar al 08000930705 AHORA
ham,Im estacionado al lado de un MINI!!!! ¿Cuándo vas a venir hoy crees?
ham,Sí.
ham,De todos modos voy a ir de compras por mi cuenta ahora porque mi hermana no ha terminado todavía Dun molestar u liao
ham,MI NO. EN LUTON 0125698789 Llámeme si está cerca.
spam,Hey estoy realmente caliente quiero chatear o verme texto desnudo caliente a 69698 texto cargado a 150pm para darse de baja stop de texto 69698
ham,¿Por qué Dint viene con nosotros.
ham,Wana planea un viaje algo entonces.
ham,"Aún no estoy seguro, todavía estoy tratando de localizarlo."
spam,¡Ur ringtone service ha cambiado! 25 créditos gratis! ¡Ve a club4mobiles.com para elegir el contenido ahora! ¡Stop? txt CLUB STOP to 87070. 150p/wk Club4 PO Box1146 MK45 2WT
ham,El Evo. Sólo tenía que descargar flash. ¿Celoso?
spam,Ringtone Club: ¡Consigue la tabla de sencillos del Reino Unido en tu móvil cada semana y elige cualquier tono de timbre de primera calidad! Este mensaje es gratuito.
ham,"Ven a Mu, estamos resolviendo nuestra situación de narcóticos."
ham,"La noche ha terminado para otro día, la mañana ha llegado de una manera especial. Que sonrías como los rayos soleados y dejes tus preocupaciones en la bahía azul azul."
spam,HMV BONUS SPECIAL 500 libras de bonos de HMV genuinos para ganar. Sólo tienes que responder 4 preguntas fáciles. Juega ahora! Enviar HMV a 86688 Más información:www.100percent-real.com
ham,"Si supongo, puede ser que también tomar 1 coche"
ham,"No hay objeción, mi amigo no viene."
ham,Thanx...
ham,Dile a Rob que mack su gf en el teatro
ham,"Genial, te veré en un rato."
ham,¿Qué tipo de comida te gusta?
ham,"¿Todo listo, todo entregado, las celebraciones en pleno apogeo?"
ham,¿Te llamaron herramienta?
ham,"\Wen u extrañar a alguien, la persona es definitivamente especial para u..... Pero si la persona es tan especial, ¿por qué extrañarlos,"""" sólo mantente en contacto \"""""""" gdeve.."""""""""""""""
ham,"Bueno, pedí dinero hasta dónde."
ham,Okie...
ham,"Sí, creo que mi tipo de siempre todavía se desmayó de anoche, si te pones en contacto con alguien házmelo saber y voy a tirar hacia abajo"
ham,"K, podría venir esta noche si mi clase sale temprano."
ham,De acuerdo...
ham,Hola bebé im cruisin con mi amiga chica lo que r u up 2? llámeme en y hora en casa si eso está bien o me en este momento amor Jenny xxx
ham,"Mi vida significa mucho para mí, no porque amo mi vida, sino porque amo a la gente en mi vida, el mundo los llama amigos, los llamo mi mundo:-).. Ge:-).."
ham,"Querido, mail tonite.busy en la calle, te actualizará tonite.things se ven bien.varunnathu edukkukayee raksha ollu.but una buena en sentido real."
ham,"Oye, ¿le dijiste tu nombre a Gautham ah?"
ham,Me siento tan estúpida que Da v Cam estaba trabajando.
ham,Oops. 4 tiene esa parte.
ham,¿Eres tan efervescente?
ham,He borrado accidentalmente el mensaje.
spam,Cliente T-Mobile ahora puede reclamar su actualización gratuita de CAMERA PHONE & una tarjeta SIM de pago & ir para su lealtad. Llame al 0845 021 3680.Offer termina 28thFeb.T&C aplicar
ham,A menos que sea una situación en la que usted vaya Gurl sería más apropiado
ham,"Hazme daño... hazme llorar... pero al final de mi vida cuando muera, plz, mantén una rosa en mi tumba y di ""Estúpida"" que te echo de menos."
ham,No puedo coger el teléfono ahora mismo. Pls enviar un mensaje
ham,¿Necesitas un café para tomar Tomo?No puedo creer que ya sea esa época de la semana
ham,"Impresionante, recuerdo la última vez que tuvimos a alguien drogado por primera vez con diesel: V"
ham,"Mierda que es realmente chocante y aterrador, no puedo imaginar por un segundo. Def para la noche de salida. ¿Crees que hay algún lugar que podría dormir por la noche, ahorrar en taxi?"
ham,"Oh, y por cierto, tienes más comida en tu nevera. ¿Quieres salir a comer esta noche?"
ham,Él es un actor womdarfull
spam,"SMS. ac Clind Date 4U!: Rodds1 es 21/m de Aberdeen, Reino Unido. Echa un vistazo a él http://img. sms. ac/W/icmb3cktz8r7!-4 no Clind Dates enviar HIDE"
ham,Sí... por lo que yo remb... creo que debería ser puede reservar...
ham,Jos pregunta si u wana se reúne?
ham,Nuestra amistad está colgando de un hilo porque no comprarás cosas.
spam,"TheMob> Echa un vistazo a nuestra nueva selección de contenido, Juegos, Tonos, Gossip, nenas y deporte, Mantenga su ajuste móvil y texto funky WAP a 82468"
ham,¿Dónde están las llaves del garaje?
ham,Hoy es ACEPT DAY..U Aceptarme como? Hermano Amante Hermana Dear1 Best1 Clos1 Lvblefrnd Jstfrnd Cutefrnd Lifpartnr Belovd Swtheart Bstfrnd No rply significa enemigo
spam,"¿Crees que tu inteligente? Ganar 200 esta semana en nuestro cuestionario semanal, texto PLAY a 85222 ahora! Ganadores de T&CsClub PO BOX 84, M26 3UZ. 16+. GBP1.50/semana"
ham,Dice que me llamará cuando su amigo tenga el dinero pero que definitivamente comprará antes de fin de semana.
ham,"Hola la forma en que estaba con u 2días, es la forma normal y este es el verdadero yo. UR unique&Espero saber u 4 el resto de mi vida. Espero que encuentre wot se perdió."
ham,Has hecho mi día.
ham,K.k:)vance feliz pongal.
ham,"Hmmm... supongo que podemos ir 4 kb n yoga de poder... jaja, no sabemos que podemos tahan yoga de poder anot..."
ham,"No realmente amigo, no tengo amigos me temo :("
spam,¿Tuvo su móvil 11mths+? Usted tiene derecho a actualizar a la última cámara a color móvil de forma gratuita! Llame a la actualización móvil Co FREE en 08002986906
ham,"Pastel de café, supongo..."
ham,"Feliz Navidad para ti también, nena, te quiero *kisses*"
ham,"Oye, ¿por qué no vamos a ver a los hombres y almorzamos?"
ham,cud u decir ppl im gona b un poco l8 porque 2 autobuses han ido más allá porque estaban llenos & im todavía espera en 4 1. Pete x
ham,Eso sería genial. Estaremos en el Gremio. Podríamos encontrarnos en la carretera de Bristol o en algún lugar - se pondrá en contacto durante el fin de semana. Nuestros planes toman vuelo!
ham,No hay problema. ¿Cómo estás?
ham,Sin llamadas... mensajes... llamadas perdidas.
ham,Hola da:)¿Cómo está la clase de hoy?
ham,"Yo diría que es una buena señal, pero, bueno, ya sabes mi historial en la lectura de mujeres"
ham,"Genial, mándame un mensaje cuando estés estacionado."
ham,"Estoy leyendo el texto que acabo de enviarte, es una broma, así que léelo bajo esa luz."
ham,K.k:)apo k.buena película.
ham,Tal vez podría sacar un libro de Tomo y devolverlo inmediatamente... o algo así.
spam,Llame a Alemania por sólo 1 penique por minuto! Llame desde una línea fija a través del número de acceso 0844 861 85 85. Sin pago por adelantado. Acceso directo!
ham,"Cualquier posibilidad que pudieras haber tenido conmigo se evaporó tan pronto como violaste mi privacidad robando mi número de teléfono del papeleo de tu empleador. No está bien en absoluto. Por favor, no me contactes de nuevo o te informaré a tu supervisor."
spam,Especial Día de San Valentín! Ganar más de 1000 en nuestro examen y llevar a su pareja en el viaje de su vida! Enviar Ir a 83600 ahora. 150p/msg rcvd. CustCare:0871872001.
ham,"Ta-Daaaaa! Soy nena de casa, ¿sigues levantada?"
ham,Genial. ¿Cómo es que no te han envidiado y cenado antes?
ham,Solo durmiendo... y surfeando.
ham,"Lo siento, llamaré más tarde."
ham,Llama a mi teléfono de la mano...
ham,"Vale, eso es genial mucho."
ham,Supongo que el post ha llegado entonces! Usted debe tener 1000s de textos ahora! Feliz lectura. Mi uno de wiv hola carolina al final es mi favorito. Bendícelo
ham,¿Dónde has estado escondiendo a un extraño?
ham,No estoy interesado en hacer eso.
ham,Mi hermana limpió dos rondas en Birla suave ayer.
ham,Gudnite..tc... práctica en curso
ham,"En caso de que Huiming no te haya enviado mi num, Dis es mi num."
ham,Un pequeño problema de prestigio ahora.
spam,"¿Te apetece un polvo? Lo hago.Interesado? sextextuk.com txt XXUK SUZY a 69876. Los txts cuestan 1,50 por msg. TnCs en el sitio web. X"
ham,Realmente extraño ver a Jeremiah.
ham,"No puedo ayudarte allí, nunca he tenido un iphone"
ham,Si no estás en mi auto en una hora y media me voy a volver loco.
ham,"Si alguna vez me enojé contigo, si alguna vez me porté mal o te lastimé?"
ham,Jay y yo estamos tratando de averiguar cuánto podemos gastar con seguridad en hierba.
ham,<#> ISH MINUTOS fue hace 5 minutos. WTF.
ham,"Gracias por llamar.Olvidé decir feliz Onam a usted Sirji.Estoy bien aquí y te recordé cuando conocí a una persona del seguro.Te conocí en Qatar Insha Allah.Rakhesh, ex Tata AIG que se unió a TISSCO,Tayseer."
spam,Enhorabuena por la entrega de 500 de los bonos de CD o 125gift garantía & libre de entrada 2 100 wkly dibujar txt MUSIC a 87066 TnCs www.Ldew.com1win150ppmx3age16
spam,El saldo de caja de Ur es actualmente 500 libras - para maximizar nuestro efectivo-in ahora enviar efectivo a 86688 sólo 150p/msg. CC: 08708800282 HG/Suite342/2Lands Row/W1J6HL
ham,"Cuando trabajo, trabajo por la noche y duermo hasta tarde, ya que estoy desempleado en este momento, siempre duermo hasta tarde, cuando estás desempleado, todos los días son sábados."
ham,"Hola, acabo de llegar, St. Andrews, es un largo camino, está frío, te mantendré informado."
ham,Ha ha cool chikku chikku:-:-DB-)
ham,"Oh, ok, no hay problema.."
ham,Comprueba el estado de Audrey ahora mismo.
ham,"Estoy ocupado aquí, tratando de terminar el año nuevo, estoy deseando conocerte por fin..."
ham,"¡Buenas tardes sol! ¿Cómo amanece ese día? ¿Estamos refrescados y felices de estar vivos? ¿Respiramos en el aire y sonreímos? Pienso en ti, mi amor... Como siempre"
ham,"Sé que Z me cuidará, así que no te preocupes."
spam,"Actualizar_Ahora - Oferta de Navidad! Última Motorola, SonyEricsson y Nokia y Bluetooth GRATIS! Doble Mins y 1000 Txt en Orange. Llame a MobileUpd8 en 08000839402 o call2optout/F4Q="
spam,Aquí está su código de descuento RP176781. Para detener más mensajes responder stop. www.regalportfolio.co.uk. Atención al cliente 08717205546
ham,¿Un uniforme Wat?
ham,"Genial, mándame un mensaje cuando estés listo."
ham,"Hola mi niño ... Geee te extraño ya y me acabo de despertar. Me gustaría que estuvieras aquí en la cama conmigo, acariciándome. Te amo ..."
ham,Te echaré a perder en la cama también :)
ham,Voy para el baño msg usted siguiente <#> min..
ham,No puedo seguir hablando con la gente si no estoy seguro de que puedo pagarles si están de acuerdo con el precio.
spam,"Gracias por su pedido Ringtone, Referencia T91. Se le cobrará 4 GBP por semana. Puede darse de baja en cualquier momento llamando al servicio al 09057039994"
ham,¿Puedes decir lo que pasa?
ham,Pudiste haberme visto... no te reconocí Cara.
ham,"Bueno, no hay muchas cosas sucediendo en Lindsay en Año Nuevo *suspira* Algunos bares en Ptbo y la garza azul tiene algo en marcha"
ham,Mantenga mi payasam allí si Rinu trae
ham,"Le enseñé que el señor Ranjith me llamó, así que sólo yo sms como eso, porque está verificando el proyecto Prabu dijo hoy que sólo pa no me confunda."
ham,"Supongo que por eso te preocupas, debes saber que hay una forma en que el cuerpo se repara, y estoy seguro de que no deberías preocuparte, lo tomaremos con calma, primero las pruebas, te guiarán cuando tu ovulación se relaje, nada de lo que hayas dicho es una razón para preocuparte, pero seguiré siguiéndote."
ham,"Sí, claro, dame un par de minutos para rastrear mi billetera."
ham,"Oye, déjalo. No es gran cosa:-) cuídate."
ham,Hey voy a llegar tarde ah ... Nos vemos en 945+
spam,"Doble minutos y txts 4 6 meses Bluetooth gratis en naranja. Disponible en teléfonos Sony, Nokia Motorola. Llame a MobileUpd8 en 08000839402 o call2optout/N9DX"
ham,Se necesita Sr. búho 3 lamidos
ham,El lugar del cliente te llamaré.
ham,Esa vez no te gusta la diversión.
spam,4mths mitad de precio Orange línea de alquiler y los últimos teléfonos con cámara 4 GRATIS. Tenía su teléfono 11mths ? Llame a los móvilesDirect gratis en 08000938767 para actualizar ahora! or2stoptxt
ham,"Sí, teniendo mi almuerzo buffet ahora. ¿Ya comes?"
ham,Huh tan tarde... ¿Cena de padre?
ham,"Oye, ¿esta sesión es sólo para las intropilates o también para el kickboxing?"
ham,Sólo por la mañana puedo estar bien.
ham,"Sí, creo que sí. Estoy en la oficina pero mi regazo está en la habitación creo que está encendido en los últimos días."
ham,Te recojo a las 7:30 a.m. ¿A qué hora va?
ham,A partir de aquí después El premio de rendimiento se calcula cada dos meses.no para el período actual de un mes..
ham,En realidad estaba durmiendo y todavía podría cuando u llamar de vuelta. Así que un texto es gr8.
ham,"Siempre estás poniendo tu negocio por ahí. Pones fotos de tu culo en facebook. Eres una de las personas más abiertas que he conocido. ¿Por qué iba a pensar que una foto de tu habitación te haría daño, te haría sentir violado."
ham,"Buenas noches Señor, Al Salam Wahleykkum.compartir una feliz noticia.Por la gracia de Dios, recibí una oferta de Tayseer, TISSCO y yo nos unimos.Espero que estés bien.Inshah Allah, nos vemos alguna vez.Rakhesh, visitante de la India."
ham,Hmmm...k...pero quiero cambiar el campo rápidamente da:-)quiero obtener administrador del sistema o administrador de red..
spam,"FREE RINGTONE texto PRIMERO a 87131 para un poli o texto GET to 87131 para un tono verdadero! Ayuda? 0845 2814032 16 después de 1er libre, tonos son 3x150pw a end txt parada"
ham,"Querido, ¿cómo está Chechi?"
ham,La crema para el cabello no ha sido enviada.
ham,Nada de eso va a pasar hasta que llegues aquí.
ham,"Sí, el gran árbol de loxahatchee xmas quema de <"";#>"" comienza en una hora"
ham,"Haha acostumbrarse a conducir a usf hombre, conozco un montón de stoners"
ham,Todo estaba bien hasta clase ligeramente desastrosa esta pm con mis queridos favoritos! Esperanza día libre ok. Café wld ser bueno como no se puede quedar hasta tarde mañana. La misma hora + lugar como siempre?
ham,¿Quieres una copa o algo más tarde?
ham,Dirígete hacia busetop
ham,Mensaje: falta un poco de texto* Sender: falta un nombre* * Falta un número * Senta: falta una fecha * Falta un montón de U y todo lo que falta se envía a través de fullonsms.com
ham,Ven a nuestra habitación en algún momento para que podamos planchar el plan para este fin de semana
ham,Porque quiero que sea lo tuyo.
ham,"Okies... voy a ir yan jiu también... podemos saltarnos ard oso, vamos cine den ir mrt uno, bla bla bla..."
ham,Trae a casa un poco de Wendy = D
spam,100 servicio de citas cal;l 09064012103 box334sk38ch
ham,"¿Qué pasa, no quieres dormir?"
ham,"Bien, ahora tengo una nueva meta."
spam,Entrada libre en nuestro concurso semanal 250 sólo texto la palabra WIN a 80086 NOW. 18 T&C www.txttowin.co.uk
ham,"Muy bien, saldré en unos minutos, mándame un mensaje donde encontrarte."
spam,Enviar un logo 2 tu amante - 2 nombres unidos por un corazón. Txt LOVE NAME1 NAME2 MOBNO eg LOVE ADAM EVE 07123456789 to 87077 Yahoo! POBox36504W45WQ TxtNO 4 no ads 150p
ham,Sí:) de la semana pasada en sí mismo estoy tomando llamadas en vivo.
spam,Alguien se ha puesto en contacto con nuestro servicio de citas y entró en su teléfono porque les gustas! Para averiguar quién es la llamada desde un teléfono fijo 091110321224 . PoBox12n146tf150p
ham,Shiva está en el albergue aha:-.
spam,URGENTE! Su número de móvil ha sido galardonado con un premio 2000 GARANTIZADO. Llame a 09058094455 desde la línea de tierra. Reclamación 3030. Válido sólo 12hrs
ham,Envía esto a tus amigos y recibe algo acerca de tu voz.... ¿Cómo es mi expresión hablando? 1.childish 2.naughty 3.Sentiment 4.rowdy 5.ful of Actitud 6.romantic 7.shy 8.Atractivo 9.funny <#> .irritating <#> .lovable. respóndeme..
ham,"Ella estará bien, supongo."
ham,Aathi..donde estás querida..
ham,¿Algún dolor por orinar algo más?
ham,7 en explanada.. ¿Te importaría llevarme porque no tengo coche hoy..
ham,Yo quería comprar un coche BMW urgentemente..its vry urgent.but hv una escasez de <#> Lacs.thes no hay ninguna fuente para arng dis amt. <#> lacs..thas mi prob
ham,En casa viendo la tele.
ham,¿Por lo general tarda quince malditos minutos en responder a una pregunta de sí o no
spam,¡Felicitaciones! Nokia 3650 video cámara de teléfono es su llamada 09066382422 Calls cost 150ppm Ave call 3mins varían desde móviles 16+ Close 300603 post BCM4284 Ldn WC1N3XX
ham,¿Un billete reservado para el pongal?
ham,¿Está disponible ahora? Estoy como en los alrededores de Hillsborough & <#> th
ham,El mensaje enviado es askin para <#> dólares. Shoul i pay <#> o <#> ?
ham,"Pregunta a g o iouri, ya he contado la historia como diez veces."
ham,¿Cuánto tiempo tardan los abejorros?
ham,"Hola espero que tengas este viaje no ha sido GD, ahora unos 50 minutos tarde, creo."
ham,"Pero tengo que hacerlo, me gusta tener amor y arreglar."
ham,Sí..él es realmente genial..bhaji le dijo a Kalis mejor jugador de cricket después de sachin en el mundo:).muy difícil de salir.
ham,Se suponía que me despertarías >:(
ham,"Yo también lo vi, pero me di cuenta de que encontré un liao de grupo."
ham,"Lo siento, llamaré más tarde."
ham,"\HEYHEYHEYHEYEL MONKEESPEOPLE DICEMOS MONKEYAROUND! CÓMO GORGEOUS,"""" CÓMO HACES? ENCONTRARSE UN SAUSAJE DE JOYET?LOVE JEN XXX\"""""""""""""""""""
ham,"Lo siento, se me acabó la batería, puedo pasar pero sólo voy a conseguir un gramo por ahora, ¿dónde está tu casa?"
ham,"Bien hecho, caramba, ejercicio, sí, me acuerdo de lo que es, hmm."
ham,No conseguiré concentración querida sabes que eres mi mente y todo :-)
ham,LOL... ¿Has hecho planes para los nuevos años?
ham,10 minutos más tarde k...
ham,¡Hanks mucho!
ham,Gracias por esta esperanza que ha tenido un buen día hoy
ham,K:)k:)¿cuáles son los detalles que desea transferir?acc no lo suficiente?
ham,"Sí, ha sido difícil, pero somos optimistas, las cosas mejorarán este mes."
spam,Préstamo para cualquier propósito 500 - 75.000. Propietarios + inquilinos bienvenidos. ¿Ha sido rechazado previamente? Todavía podemos ayudar. Llame gratis 0800 1956669 o el texto de vuelta 'ayuda'
ham,Si si. Creo que es malo hacer esas trufas de oreo.
ham,"Sé que no te gusto así, así que no te preocupes."
ham,Espero que ese sea el resultado de ser consistentemente inteligente y amable. Comience a preguntarle acerca de enlaces de práctica y mantener sus oídos abiertos y todo lo mejor. tyl
ham,"1.20 el costo de la llamada, lo que supongo que no es malo."
ham,Ir a través de un sentimiento muy diferente.wavering decisiones y hacer frente a lo mismo es el mismo individuo.tiempo sanará todo lo que creo.
ham,"Mi teléfono va a morir, tienes que quedarte aquí."
ham,Grande. Nunca ha estado mejor. Cada día da más razones para dar gracias a Dios
spam,"Cliente UpgrdCentre Orange, ahora puede reclamar su actualización gratuita de CAMERA PHONE para su lealtad. Llame ahora al 0207 153 9153. Oferta termina el 26 de julio. T&C aplicar. Opt-out disponible"
ham,"Lo siento, llamaré más tarde. Ok, adiós."
ham,"Ok, estoy de camino al ferrocarril."
ham,gran princesa! Me encanta dar y recibir oral. El estilo perrito es mi posición favorita. ¿Qué hay de ti? Me gusta hacer el amor <#> veces por la noche :)
ham,¿No ponen esas cosas en las carreteras para evitar que se resbalen por ahí?
ham,¿Cuándo vas a montar en bicicleta?
ham,"Sí, no hace falta, sólo esperaré 4 e lluvia 2 parar."
ham,"Hay muchas compañías, dime el idioma."
spam,okmail: Estimado Dave este es su último aviso para recoger su 4* Tenerife Holiday o premio #5000 CASH! Llame a 09061743806 desde teléfono fijo. TCs SAE Box326 CW25WX 150ppm
ham,"¿Cuánto hace que no gritas, princesa?"
ham,"Nada. Quise decir que una vez que el dinero entra en su cuenta aquí, el banco eliminará su tarifa plana. Alguien transfirió <"";#> a mi cuenta y <#>"" dólares fueron eliminados. Así que los bancos difieren y los cargos también different.be seguro de que confía en la persona 9ja que está enviando detalles de la cuenta a cos..."
spam,¿Quieres tener sexo esta noche? ¿Quieres lugares reales Dogging enviado directamente 2 ur Mob? Únete a la red de Dogging más grande del Reino Unido por txting MOAN a 69888Nyt. ec2a. 31p.msg@150p
ham,Bonita línea dijo por un corazón roto - Plz no se corra 1 veces más delante de mí ... Otro sabio una vez más voy a confiar en U ... Bien 9t:)
ham,"Ok, voy a ir a usf en unos quince minutos."
ham,Te quiero aathi .. te quiero mucho ..
ham,Tensión ah?qué machi?algún problema?
ham,"K, ¿puedo recoger otro octavo cuando termines?"
ham,¿Cuándo van a volver? G dijo que estaban pensando en no quedarse para McR.
ham,"Ya casi llegamos, nos vemos en un segundo."
ham,"Carlos, unos amigos ya me están preguntando por ti, ¿trabajas todo este fin de semana?"
ham,Viendo la tele...
ham,"Gracias, nena, no puedo esperar a probar lo real..."
ham,Usted debe cambiar su fb a jaykwon matón halconerf
ham,Si ganamos su realmente no 1 lado por mucho tiempo.
spam,"MENSAJE GRATIS Active sus 500 Mensajes de texto GRATIS respondiendo a este mensaje con la palabra GRATIS Para términos y condiciones, visite www.07781482378.com"
ham,Querida llegó al ferrocarril. ¿Qué te pasa?
ham,"Depende de la calidad. Si quieres el tipo que he enviado Boye, se desvaneció la gloria, entonces alrededor de 6. Si quieres ralphs tal vez 2"
ham,Creo que lo he arreglado. ¿Puedes enviar un mensaje de prueba?
ham,"Lo siento hombre mi cuenta está seca o lo haría, si quieres podríamos cambiar de nuevo la mitad o podría comprar algo de mierda con mi tarjeta de crédito"
spam,"Felicidades! 1 año especial de cine pase para 2 es suyo. llame al 09061209465 ahora! C Suprman V, Matrix3, StarWars3, etc todo 4 GRATIS! bx420-ip4-5we. 150pm. No se pierda!"
ham,"Lo siento, en la reunión llamaré más tarde."
ham,¿Qué clase de reunión de <#>?
ham,¿Estás libre ahora?¿Puedo llamar ahora?
ham,¿Cuándo?
ham,No... creo que iré a por ello el lunes... siento haber respondido tan tarde.
ham,Algunos de ellos dijeron que la acentuación no está confirmada. ¿Es verdad?
ham,"Kate Jackson centro de recreación antes de 7ish, ¿verdad?"
ham,"Querido, tengo una habitación."
ham,"Luchar con el mundo es fácil, o bien ganar o perder bt lucha con algunos1 que está cerca de u es difícil si pierdes - pierdes si ganas - todavía pierdes."
ham,¿Cuándo puede salir?
ham,Consulte con el nuerólogo.
ham,Lolnice. ¿Fui de un pez a agua?
spam,+123 Felicitaciones - en el sorteo de la competición de esta semana u han ganado el premio 1450 para reclamar sólo llamar 09050002311 b4280703. T&Cs/stop SMS 08718727868. Más de 18 sólo 150ppm
ham,"No, está esperando en el coche está aburrido porque esperar afuera no tiene nada que hacer en casa puede hacer mis cosas o ver televisión wat."
ham,"¿Tal vez en la costa oeste o en el pueblo de Hyde Park, el lugar cerca de mi casa?"
ham,Usted debe saber ahora. Así que cómo es Anthony. ¿Está trayendo dinero. Tengo gastos de la escuela para pagar y alquiler y cosas como eso. Es por eso que necesito su ayuda. Un amigo en necesidad....
ham,¿Cuál es el significado?
ham,¿Tu opinión sobre mí? 1. Sobre 2. Jada 3. Kusruthi 4. Lovable 5. Silent 6. Spl carácter 7. No madurado 8. Con estilo 9. Simple Pls respuesta..
ham,"8 a más tardar, g todavía está allí si usted puede scrounge hasta un poco de munición y quiere dar el nuevo ak una oportunidad"
ham,Prabha .. soy Soryda ..realy ..frm corazón Lo siento
ham,Lol ok tu perdonado :)
ham,No..jst cambiar tat sólo ..
spam,"Usted está garantizado el último Nokia Phone, un reproductor de iPod MP3 de 40 GB o un premio 500! Txt palabra: COLECCIONAR a No: 83355! IBHltd LdnW15H 150p/Mtmsgrcvd18+"
ham,S:) no hay competencia para él.
spam,Boltblue tonos para 150p Responder POLY# o MONO# ejemplo POLY3 1. Cha Cha Diapositiva 2. Sí 3. Slow Jamz 6. Toxic 8. Ven conmigo o detente 4 tonos más txt MÁS
spam,Sus créditos han sido completados para http://www.bubbletext.com Su renovación Pin es tgxxrz
ham,"De esa manera el transporte es menos problemático que en la noche sentada. Por cierto, si usted quiere pedir n para unirse a mi bday, no dude. Pero necesita saber definitivamente nos como reservar en fri."
ham,"Por lo general, la persona está inconsciente que está en los niños, pero en los adultos que sólo pueden comportarse de forma anormal."
ham,Pero eso es en ebay que podría ser menos en otro lugar.
ham,¿Quieres que vaya por pepinillos?
ham,Íbamos a comprar unos tacos.
ham,"Eso es muy grosero, ¿estás en el campus?"
spam,URGENTE!: Su móvil No. fue galardonado con un premio de bonificación de 2.000 dólares el 02/09/03! Este es nuestro segundo intento de ponerse en contacto con usted! Llame 0871-872-9755 BOX95QU
ham,"Hola, no voy a tener 4 navidades, pero disfruta de las felices Navidades."
spam,"¡Oferta de hoy! ¡Reclamar ur 150 vale de vales de descuento! Texto SÍ a 85023 ahora! SavaMob, miembro ofrece móvil! T Cs 08717898035. 3.00 Sub. 16 . Unsub reply X"
ham,¿Cómo es que una hermosa dama como tú es soltera?
spam,Usted recibirá su tono dentro de las próximas 24 horas. Para términos y condiciones por favor vea Canal U Teletexto Pg 750
ham,Jay dice que eres un maricón.
spam,PRIVATE! Su estado de cuenta de 2003 para 07815296484 muestra 800 puntos SIM no redimidos. Llame al 08718738001 Código identificador 41782 Expira 18/11/04
ham,Lo que hoy-domingo..domingo es feriado..así que no hay trabajo..
ham,Gudnite..tc... práctica en curso
ham,Llegaré tarde...
ham,"No te he llamado en un tiempo. Esto es la esperanza de que era l8r malaria y que usted sabe que los extrañamos chicos. Echo de menos Bani grande, así que pls darle mi amor especialmente. Tenga un gran día."
ham,"Buenas tardes, mi amor! ¿Cómo va ese día? Espero que tal vez tengas algunas pistas en un trabajo. Pienso en ti, niño y te envío un beso apasionado desde el otro lado del mar"
ham,"Probablemente va a estar aquí por un tiempo, nos vemos más tarde esta noche <"";"")"
ham,O tal vez mis dedos gordos solo presionan todos estos botones y no sabe qué hacer.
ham,Ummmmmaah Muchos muchos feliz retornos del día mi querido corazón dulce.. Feliz cumpleaños querida
ham,"Estoy en tirupur da, una vez que empezaste desde la oficina llámame."
spam,desde www. Aplausosstore.com MonthlySubscription@50p/msg max6/mes T&CsC web age16 2stop txt stop
ham,"Una cita famosa : cuando usted desarrolla la capacidad de escuchar 'cualquier cosa' incondicionalmente sin perder su temperamento o confianza en sí mismo, significa que usted es ......... 'MARRIDO'"
ham,Pero voy a ir a la universidad pa. ¿Qué hacer. son otros mal venir allí sí mismo.
ham,"A las 4 en punto en el mío, sólo para romper un plan plano."
ham,Esta chica no se queda en la cama. Esta chica no necesita tiempo de recuperación. Prefiero desmayarme mientras se divierten y luego ser encerrado en la cama
ham,"Entonces, ¿hay algún especial ahí?"
ham,"Lo sé, pero tienes que ir al hotel ahora, acabo de recibir mi invitación pero tuve que disculparme, Cali es muy dulce para mí venir a la boda de un tipo inglés."
ham,"Siento que haya tardado tanto, omw ahora"
ham,Espera <#> min..
ham,"De acuerdo, dame 5 minutos creo que la veo, eres mi coartada, me cortaste el pelo todo el tiempo."
ham,"Imagínate que finalmente llegas a hundirte en ese baño después de que te he puesto a través de tus pasos, tal vez incluso tener que comerme por un tiempo antes de que me vaya ... Pero también imagina la sensación de esa jaula en tu polla rodeada por el agua del baño, recordándote siempre que posees ... Disfruta, mi cuck"
ham,"Date prisa, llevo tres días de mala hierba."
ham,"Claro, si recibo un reconocimiento de usted que es sorprendentemente sin tacto y generalmente maricón para exigir un juramento de sangre"
ham,Cada noche tomar un baño caliente beber una taza de leche y verás un trabajo de magia.
ham,Ill tener una mirada en la sartén en caso de que its barato o un libro tal vez. No ques tonto la sartén no es probable que sea un libro
ham,O. Bueno uv causa mutaciones. El protector solar es como esencial hoy en día
ham,Almorzar:)¿no estás en línea?¿Por qué?
ham,Sé que mi amigo ya lo dijo.
ham,Hola princesa! Gracias por las fotos. Eres muy bonita. ¿Cómo estás?
ham,"Aiyo... siempre c nuestro ex uno... no sé abt mei, ella tiene respuesta... primera vez que responde tan rápido... y tan afortunado de no trabajar en, eh, consiguió bao por ur sugardad ah... vaya.."
ham,Hola msg me:) estoy en el cargo ..
ham,Thanx 4 e brownie es v agradable ...
ham,Geeee... te quiero tanto que apenas puedo soportarlo.
spam,GENT! Estamos tratando de contactar con usted. Los fines de semana pasados sorteo muestra que usted ganó un premio 1000 GARANTIZADO. Llame 09064012160. Código de reclamación K52. Válido sólo 12 horas. 150ppm
ham,"Te echo de menos, ¿sabes? ¿No puedes dejar que te envíe algo de dinero hacia tu red? Te necesito... te quiero... te deseo..."
ham,"Voy a llamar a tu 2mrw a Ninish, con mi dirección ese engreído freek americano no dejará de llamarme 2 mal Jen k eh?"
ham,¿En qué estás pensando?
ham,"Así que de todos modos, puedes ir a tu gimnasio o lo que sea, mi amor * sonríe * Espero que tu ok y tener un buen día nena ... Te echo tanto de menos ya"
ham,¡Me encanta! ¡Papá te hará gritar de placer! ¡Te voy a abofetear el culo con mi polla!
ham,¿Qué quieres que haga?
ham,Yar lor espera 4 mi mamá 2 terminar sch y luego almorzar lor ... Me quedo toda la mañana en casa limpiar mi habitación ahora mi habitación bastante limpia ... Hee ...
ham,¿Sabes a dónde fueron mis gafas de laboratorio?
ham,¿Puedes abrir la puerta?
ham,Esperando tu llamada.
ham,No puedo esperar en sch 4 papi...
spam,"Usted ha ganado ?1,000 en efectivo o un premio ?2,000! Para reclamar, llame09050000327"
ham,"Estoy cansado de discutir contigo sobre esto semana tras semana, haz lo que quieras y de ahora en adelante, haré lo mismo."
ham,Esperame 4 en sch y termino ard 5.
spam,"nuestro número de móvil ha ganado 5000, para reclamar nos llama de nuevo o llamar a la línea de reclamos en 09050005321."
ham,"El matrimonio Arngd es mientras que u r walkin lamentablemente una serpiente muerde u. bt amor matrimonio está bailando en frnt de d serpiente & amp"";"" sayin Muérdeme, muérdeme."
ham,¿Entonces cenamos fuera de Izzit?
ham,Ok de todos modos no hay necesidad de cambiar con lo que dijiste
spam,Tratamos de contactar con usted para su respuesta a nuestra oferta de 750 minutos 150 textoy una nueva llamada de vídeo 08002988890 ahora o responder para la entrega gratuita mañana
ham,Mi ex-esposa no pudo tener hijos. ¿Quieres hijos algún día?
ham,Espero que no hayas terminado de mostrar tus tendencias JJC. Ten cuidado. Vive el sueño.
ham,Diles que tienes dolor de cabeza y que sólo quieres usar 1 hora de tiempo de enfermedad.
ham,No sé si renunciaré aún... ¿Puedes ir al jazz? Yogasana oso puede... podemos ir a reunirnos con ellos después de nuestras clases...
ham,"\Pete, ¿puedes por favor llamar a Meive? Difícilmente obtuviste ningún crédito. \"""""""""""""
ham,Ya srly mejor que yi tho
ham,"Estoy en una reunión, llámame más tarde en"
spam,"Para nuestra oportunidad de ganar una ola de compras 250 wkly TXT: TIENDA a 80878. T's&C's www.txt-2-shop.com custcare 08715705022, 1x150p/wk"
spam,Usted ha sido especialmente seleccionado para recibir un premio de 2000 libras! Llame 08712402050 ANTES de cerrar las líneas. Costo 10ppm. 16+. T&Cs aplican. AG Promo
spam,PRIVATE! Su estado de cuenta de 2003 para 07753741225 muestra 800 puntos S. I. M. no redimidos. Llame al 08715203677 Código de identificación: 42478 Expira 24/10/04
ham,¿Sigues en Grand Prix?
ham,"Te conocí como un extraño y te elegí como mi amigo. Mientras el mundo esté de pie, nuestra amistad nunca termina. Vamos a ser amigos para siempre! Gud nitz..."
ham,Estoy genial. ¿Cómo estás tú?
ham,"Gud mrng querida, que tengas un buen día."
spam,Usted tiene un anuncio de servicio al cliente importante. Llame a FREEPHONE 0800 542 0825 ahora!
ham,"Lo haré, estaba agotado en el tren esta mañana demasiado vino y tarta."
ham,Voy a comprar el regalo de mamá.
ham,Mente blastin.. No más Tsunamis ocurrirá a partir de ahora.. Rajnikant dejó de nadar en el Océano Índico..:-D
ham,"Si la mandas a casa primero, está bien, aún no estoy lista."
ham,"Hablando de eso, ¿ya tiene efectivo?"
ham,Sé feliz allí. Vendré después del mediodía.
ham,Nos vemos después del almuerzo...
ham,TaKe CaRE n get WeLL SON
spam,XCLUSIVE@CLUBSAISAI 2MOROW 28/5 SOIREE ESPECIALE ZOUK CON NICOLES DE PARÍS.FREE ROSES 2 TODAS LAS LADIAS !!! info: 07946746291/0788086867
ham,Lo que quería decir es que no puedo esperar a que te aburras de esta broma de Bridgwater.
ham,Neva mente está bien ..
ham,"Está bien, Imma toma una copa o algo. ¿Quieres que vaya a buscarte?"
spam,22 días para empezar! Para Euro2004 U se mantendrá al día con las últimas noticias y resultados diarios. Para eliminar enviar GET TXT STOP a 83222
ham,Es un juego de San Valentín. . . Enviar dis msg a todos nuestros amigos. . . Si 5 respuestas r d igual entonces alguien realmente ama u. Ques- que color me conviene el mejor?rply me
ham,Tengo muchos dependientes.
ham,THANX4 HOY CER fue agradable 2 alcanzar pero tenemos 2 encontrar más tiempo más a menudo OH well cuídate C U pronto.C
ham,Llamé y le dije todo:) entonces él tiene que elegir este futuro.
ham,"\Feliz día de San Valentín\"" ""Sé que es temprano, pero tengo cientos de guapos y bellezas que desear. Así que pensé en acabar con las tías y tíos primero..."""""
ham,Le gusta no v shock leh. Porque decir shuhui es como decirle también a Leona. Como casi todos saben liao.
ham,Para la felicidad de mi familia ..
ham,Vengo a recoger... a salir inmediatamente de la lección...
ham,"Deja que haya nieve, deja que haya nieve, este tipo de clima une a la gente para que las amistades puedan crecer."
ham,Estimado tenemos <#> dólares hola
ham,Buenas palabras... pero las palabras pueden dejarnos consternados muchas veces.
ham,Asegúrate de que Alex sepa que su cumpleaños ha terminado en cinco minutos en cuanto te concierne.
ham,"Lo siento, no, tengo algunas cosas que hacer. Puede que esté en el pub más tarde."
ham,"No, está bien, si puedes traer un poco de café o bebidas o algo que en realidad sea un poco más útil que dinero en efectivo."
ham,"Haha bueno oír, estoy oficialmente pagado y en el mercado para un octavo"
ham,¿Cuántas lamidas se necesitan para llegar al centro de un pop tootsie?
ham,"Sí, creo que el profesor dijo que hará que mi cara parezca más larga."
spam,Nuevo TEXTOBUDDY Chat 2 chicos cachondos en ur área 4 sólo 25p Gratis 2 recibir Buscar código postal o en gaytextbuddy.com. TXT ONE nombre a 89693
spam,Hoy Vodafone números que terminan con 4882 son seleccionados para recibir un premio 350. Si su número coincide con la llamada 09064019014 para recibir su premio 350.
ham,"Por favor, no digas eso."
ham,¡Gracias!
ham,"Oh, eso fue un mensaje enviado, pensé que me lo habías enviado."
ham,Lo tengo. Diecisiete libras por setecientos ml de esperanza ok.
spam,"Estimado titular del bono, 2 reclamo esta oferta semanas, en su PC ir a http://www.e-tlp.co.uk/expressoffer Ts&Cs aplicar.2 stop texts txt STOP to 80062."
ham,Yo en él tan gracioso...
ham,"Cariño, espero que no estés teniendo ese tipo de día! Tener uno con un montón de razones para sonreír. Biola"
ham,Cuando Ì_ login dat time... ¿Papá está buscando a mi casa ahora?
ham,"¿Qué haremos en la ducha, nena?"
ham,Te había hecho una pregunta unas horas antes.
ham,"Bueno, Imma definitivamente necesita reponer antes de Acción de Gracias, Te haré saber cuando estoy fuera"
ham,"dijo beso, beso, no puedo hacer los efectos de sonido! Él es un hombre magnífico no es él! Tipo de persona que necesita una sonrisa para alegrar su día!"
ham,Probablemente pase por aquí en un poquito.
ham,"Sí, muy bonito. Estate listo el jueves."
ham,Allo! Hemos luchado los autobuses y tomado en los trenes y triunfó. Quiero decir were en bham. Tener un buen descanso de la semana
ham,"Ver dibujos animados, escuchar música &""; en vísperas tuvo que ir templo &"" iglesia.. ¿Qué pasa con u?"
ham,¿Te importa si pregunto qué pasó? No tienes que decir si es incómodo.
spam,PRIVATE! Su cuenta de 2003 para shows 800 puntos S. I. M. no redimidos. Llame al 08715203694 Código de identificación: 40533 Expira 31/10/04
ham,No hay problema. Enviaré a su correo electrónico.
spam,"Usted ha ganado ?1,000 en efectivo o un premio ?2,000! Para reclamar, llame09050000327. T&C: RSTM, SW7 3SS. 150ppm"
ham,Eso es genial! A veces lento y suave. Sonetimes áspero y duro :)
ham,"Voy a decir que no, lo siento, pero como de costumbre estoy empezando a entrar en pánico por el tiempo, lo siento otra vez, ¿estás viendo el martes?"
ham,"Espera, ¿sabes si Wesleys está en la ciudad?"
ham,"Bien, te echo mucho de menos."
ham,¿Conseguiste esa historia de personas?
ham,Diles que el traficante se impacienta.
ham,"El sol no puede venir a la tierra, pero enviar luv como rayos. nubes no pueden venir al río, pero enviar luv como lluvia. No puedo venir a conocer U, pero puedo enviar mi cuidado como msg a U. Gud evng"
ham,Estarás en el lugar de ese hombre.
ham,"No tiene sentido llevarlo allí a menos que sea gratis. Si necesitas saber más, wikipedia.com"
spam,88800 y 89034 son servicios telefónicos premium llamada 08718711108
ham,"Bajo el mar, hay una roca, en la roca hay un sobre, en el sobre hay un papel, en el papel hay tres palabras..."
ham,"Entonces mamá se arrepiente, ¿cómo?"
ham,Siento irme a casa primero... papá ven a buscarte más tarde...
ham,Déjelo de:-). Comience Prepárese para el siguiente:-)..
ham,Sí bebé! Podemos estudiar todas las posiciones del kama sutra ;)
ham,En chikku nange bakra msg kalstiya .. entonces tomó té / café?
ham,Carlos estará aquí en un minuto si aún necesitas comprar
ham,Este pago es <DECIMAL> lakhs:)
ham,¡Que tengas una buena noche!
ham,¿Recibiste mi msg?
ham,Ho ho - gran risa panza! Nos vemos Tomo
spam,"SMS. ac sun0819 posts HELLO:\Te ves genial,"""" quería decir hola. HI!!!\"""""""" ¿Parar? Enviar STOP a 62468"""""""""""""""""""
spam,"¡Gr8 TOP 20 tonos a su teléfono cada semana sólo 1,50 por wk 2 opt out send 08452810071 16"
ham,"Como dije anoche, haz lo que quieras y yo haré lo mismo."
ham,"Tengo <"";#>"" , ¿de alguna manera podría recogerlo?"
ham,"No lo sé, sólo bebo leche .."
ham,Tal vez?! Saludar y averiguar si consiguió su tarjeta. Gran escape o embrollos?
ham,"Apuesto a que aún duermes, voy a almorzar 4 veces..."
ham,Porque no soy una loca.
ham,"Me perdí su llamada porque le estaba gritando a Scrappy, Srta. U. No puedo esperar a que vuelva a casa, estoy tan sola hoy."
ham,¿De qué es este lugar del que hablas?
ham,Es sdryb8i
ham,¿Xy va a almorzar 4 e?
spam,Hola soy demandado. Tengo 20 años y trabajo como bailarín lap. Me encanta el sexo. Text me live - I'm my bedroom now. text SUE to 89555. By TextOperator G2 1DA 150ppmsg 18+
ham,Quería pedirle a I_ que esperara 4 a mí para terminar el lect. Porque mi lect termina en una hora de todos modos.
ham,¿Ya has terminado de trabajar? :)
ham,"Cada rey fue una vez un bebé llorando y cada gran edificio fue una vez un mapa.. No es importante donde U r hoy, pero donde U Wil alcanza TOMORW. Gud ni8"
ham,"Querido, yo en cherthala.in caso u r venir cochin pls llamar bfore u start.i también alcanzará en consecuencia.o me dirá qué día u r winning.tmarrow estoy comprometido y sus vacaciones."
ham,"Gracias amor, pero estoy haciendo antorcha o atrevida."
spam,<Forwarded from 448712404000>Por favor llame al 08712404000 inmediatamente ya que hay un mensaje urgente esperándole.
ham,¿Estaba abierta la granja?
ham,"Disculpa que te moleste otra vez. ¿Puedes comprar 4d para mi papá otra vez? 1405, 1680, 1843. Todos 2 grandes 1 pequeño, sentado n sol. Thanx."
ham,"Mi cuñada, espero que estés teniendo un gran mes."
ham,Comprará d cosas hoy y le enviará un correo. ¿Tiene un número de casilla postal?
ham,Parece que un enfermo prob tiene que enviar mi portátil para que lo arreglen porque tiene un problema con la GPU.
ham,"Buen trabajo, me gustan los emprendedores."
ham,"De acuerdo, ¿cierras o sigues cerca de la casa de Alex?"
ham,te encuentro en la corporación st exterior brecha _ se puede ver cómo mi mente está trabajando!
ham,Mamá le pide a I_ que compre comida en casa...
ham,K..u tampoco msg o responder a su msg..
ham,¿Cuánto es lo que está dispuesto a pagar?
ham,"Lo siento, llamaré más tarde."
ham,Lo importante es que evites la deshidratación dándole suficientes líquidos.
ham,"Eso es un poco raro, incluso ?- ¿Dónde se supone que está sucediendo? Pero buena idea, seguro que estarán en el pub!"
ham,Verdadero querido..me senté a rezar por la noche y me sentí tan.so yo sms'd usted en algún tiempo...
ham,"No creo que pueda escaparme tanto tiempo con la familia en la ciudad, lo siento."
ham,Así que cuando quieres gimnasio harri
ham,"Muy tarde lar... ard 12 de todos modos, quiero conducir..."
spam,"Para revisar y mantener la fantástica cubierta de Nokia N-Gage con Club Nokia, vaya 2 www.cnupdates.com/newsletter. darse de baja de alertas responder con la palabra OUT"
spam,4mths mitad precio Orange línea de alquiler y los últimos teléfonos con cámara 4 GRATIS. Tenía su teléfono 11mths+? Llame a móvilesDirect gratis en 08000938767 para actualizar ahora! o2stoptxt T&Cs
ham,"Altura de confianza: Todos los profesores de Aeronáutica llamaron a &"" ellos pidieron 2 sentarse en un avión. Aftr se sentaron ellos wer dijeron dat el avión ws hecho por sus estudiantes. Dey todos se apresuraron fuera de d avión.. Bt sólo 1 no se movió... Él dijo:\si es hecho por mis estudiantes,""""esto ni siquiera comenzará.....Datz confianza.."""""""""""""","","""
ham,Parece raro que la noche que todo lo que tú y G quieren sea para mí venir a fumar sea el mismo día que cuando una tormenta de mierda se me atribuye siempre viniendo y haciendo que todos fumen.
spam,08714712388 entre 10am-7pm Costo 10p
ham,"Ahorrese el estrés. Si la persona tiene una cuenta de dormitorio, sólo tiene que enviar los detalles de su cuenta y el dinero se enviará a usted."
ham,También sabe acerca de menú de almuerzo sólo da. .
ham,Cuando tenga cosas que vender te lo diré.
spam,+449071512431 URGENTE! Este es el segundo intento de contactar U!U han WON 1250 LLAMADO 09071512433 b4 050703 T&CsBCM4235WC1N3XX. callcost 150ppm mobilesvary. max7. 50
ham,¿Librar qué lección? entonces usted msg me ... Voy a llamar después del trabajo o sth ... Voy a obtener especificaciones. Mi membresía es PX3748
spam,Usted tiene WON un dinero garantizado 1000 o un premio 2000. Para reclamar el premio de yr llame a nuestro representante de servicio al cliente en 08714712394 entre 10am-7pm
ham,Macha no se siente molesto. puedo asumir su mentalidad. créame una noche conmigo y tengo algunos planes maravillosos para ambos de nosotros.LET VIDA COMENZA DE NUEVO.Llámeme en cualquier momento
ham,Envíame la dirección.
ham,"Está bien, en cualquier momento, todo lo mejor."
ham,Eso es wondar full flim.
ham,Incluso esas galletas tienen gelatina.
ham,"El mundo está corriendo y yo estoy todavía.tal vez todos están sintiendo lo mismo, así que sea.o tengo que admitir, estoy loco.entonces ¿dónde está la corrección?o permítanme llamar a esto es life.and seguir corriendo con el mundo, puede ser u r también running.lets correr."
ham,"Parece delicioso, papá quiere comerte toda la noche."
ham,Porque no soy tan ba dao ok... 1 pm lor... nunca preguntes a dónde vamos ah... dije que lo pedirías en fri pero él dijo que lo preguntarías hoy...
ham,"Muy bien, omw, tengo que cambiar mi pedido a la mitad de octavo"
ham,"Exactamente, de todos modos, hasta dónde. ¿Es su jide para estudiar o simplemente visitar"
ham,No sé si me lo preguntas.
spam,Alerta por correo electrónicoDesde: Jeri StewartTamaño: 2KBAsunto: Prescripiton drvgs de bajo costoPara escuchar la llamada al correo electrónico 123
ham,"No, no lo hizo. ¡La primavera llega temprano!"
ham,Lol no te sentirás mal cuando use su dinero para llevarte a una cena de bistec = D
ham,Incluso usted no se meten en problemas mientras que convincente.. sólo le llaman una o dos veces y sólo tel descuidar sus msgs no c y leerlo..justo no responder
ham,Dejando a qatar tonite en busca de una oportunidad.all fue fast.pls añadirme en sus oraciones querida.Rakhesh
ham,"Entonces, ¿por qué nadie me habla?"
ham,Gracias por cuidar de mí.
spam,Hola. Oferta de lealtad del cliente:El nuevo Nokia6650 móvil de SOLO 10 en TXTAUCTION! Txt palabra: START to No: 81151 y obtener el tuyo Ahora! 4T&Ctxt TC 150p/MTmsg
ham,¡Ojalá estuviera contigo ahora!
ham,Haha puede ser tu rito... me conoces bien. Da sentimiento de ser querido por alguien es gd lor. U más rápido ve a encontrar una entonces todas las chicas en nuestro grupo adjunta liao.
ham,"Sí, estaré allí, me alegro de que hayas venido."
ham,Hacer bien :) todos lo harán por poco tiempo. Cosa de buenos tiempos por delante:
ham,Sólo se levantó. tienen que estar fuera de la habitación muy pronto. _. No había puesto los relojes de vuelta hasta 8 Grité a todos para levantarse y luego se dio cuenta de que era 7. wahay. otra hora en la cama.
ham,Puede haber un gimnasio gratis.
ham,A los hombres les gustan las mujeres más cortas.
ham,"No sé si dijo que fueras a lido, a la misma hora de la 930."
ham,"Prometo cuidar bien de ti, princesa, tengo que correr ahora, por favor envía fotos cuando tengas la oportunidad. ¡Ttyl!"
spam,U está suscrito al mejor Servicio de Contenido Móvil en el Reino Unido por 3 por 10 días hasta que envíe STOP a 82324.
ham,"¿Hay alguna razón por la que no hemos hablado este año? De todos modos, tener una gran semana y todo lo mejor en su examen"
ham,Para el lunes de la semana que viene.
spam,"¿Te das cuenta de que en unos 40 años, tendremos miles de ancianas corriendo por ahí con tatuajes?"
spam,Usted tiene un importante anuncio de servicio al cliente de PREMIER.
ham,No me des el labio cavernícola.
ham,¿Cuándo llegaste a la biblioteca?
ham,Realmente lo siento-no reconozco este número y ahora estoy confundido :) ¿Quién r u por favor?!
ham,"Entonces, ¿por qué no hiciste holla?"
ham,No puedo pensar en nadie con * habitación de repuesto fuera * en la parte superior de mi cabeza
ham,"La fe hace las cosas posibles, la esperanza hace que las cosas funcionen, el amor hace las cosas hermosas, Que tengas los tres esta Navidad!Feliz Navidad!"
ham,Debería haber hecho una cita.
ham,"Llámame cuando tú/Carlos esté aquí, el vibrador de mi teléfono está actuando y puede que no escuche mensajes."
spam,"Romántico París. 2 noches, 2 vuelos desde 79 Reserve ahora 4 el próximo año. Llame al 08704439680Ts&Cs aplican."
ham,"Estamos en las abuelas. Oh querida, todavía estás enferma? Me sentí mierda esta mañana pero creo que sólo tengo resaca! Otra noche entonces."
spam,Ur Ur 500 premio garantizado todavía no se ha reclamado! Llame 09066368327 AHORA fecha de cierre04/09/02 código de reclamación M39M51 1.50pmmásdemobile2Bremoved-MobyBox734LS27YF
ham,Nada más que que te preguntaríamos porque tu ba gua... pero fuimos mt faber yet... yet jus salió ya mah así que hoy no salir... Jus llama lor...
ham,"Deseando que usted y su familia Merry \X\"""" mas y Feliz Año Nuevo con antelación.."""
spam,UR galardonado con un descanso de la ciudad y podría GANAR un  200 Verano Compras de ola cada WK. Txt STORE a 88039 . SkilGme. TsCs087147403231Winawk!Age16 1.50perWKsub
ham,"No voy a ir, tengo algo puesto, a menos que se reúnan en 4 cenas..."
ham,"Lo siento, llamaré más tarde."
ham,No puedo coger el teléfono ahora mismo. Pls enviar un mensaje
ham,"Lol, lo sé, son tan dramáticos, las escuelas ya cerraron para mañana parece que no podemos conducir en la pulgada de nieve se suponía que llegarían."
ham,¡No llegar a ninguna parte con esta maldita búsqueda de trabajo por aquí!
ham,"Lol, borracho, me estoy peinando."
ham,"Idc, ven aquí, no vas a salir de esta mierda dos veces seguidas."
ham,Estaré allí en <#> minutos. Tengo cualquier espacio
ham,Solo durmiendo... y surfeando.
ham,Gracias por recoger la basura.
ham,¿Por qué no le dices a tu amigo que no estás seguro de querer vivir con él porque fuma demasiado y luego pasa horas rogándole que venga a fumar?
ham,"\Hola su Kate fue encantador verte esta noche y mal teléfono mañana. Tengo que cantar y un tipo me dio su tarjeta! xxx\"""""""""
ham,Feliz año nuevo mi querido hermano. Realmente te echo de menos. Acabo de recibir tu número y decidí enviarte este texto deseándote sólo felicidad. Abiola
ham,Eso significa abrir la puerta.
ham,¿Tu opinión sobre mí? 1. Sobre 2. Jada 3. Kusruthi 4. Lovable 5. Silent 6. Spl carácter 7. No madurado 8. Con estilo 9. Simple Pls respuesta..
ham,"Hmmm... pensé que habíamos dicho 2 horas de esclavo, no 3... llegas tarde... ¿Cómo debería castigarte?"
ham,¿Beerage?
spam,Usted tiene un anuncio de servicio al cliente importante de PREMIER. Llame a FREEPHONE 0800 542 0578 ahora!
ham,No lo creo. Se apaga como al azar dentro de 5 minutos de la apertura
ham,"Se suponía que iba a estar, pero no pudo, aún está en la ciudad."
ham,"La mayoría de las veces arregla mi ortografía, pero a veces recibe una palabra completamente diferente."
spam,¿Alguna vez has pensado en vivir una buena vida con una pareja perfecta? Sólo txt volver NOMBRE y EDAD para unirse a la comunidad móvil. (100p/SMS)
spam,"5 Gratis Top Polyphonic Tones llamar 087018728737, tarifa nacional. Obtener una melodía toppoly enviado cada semana, sólo texto SUBPOLY a 81618, 3 por polo. UnSub 087187278770."
ham,Gud mrng querido tener un buen día
ham,Esto es esperar que disfrutaras de tu juego ayer. Lo siento no he estado en contacto pero pls saben que usted es cariñosamente bein thot off. Tener una gran semana. Abiola
ham,Todos los mejores 4 ur driving tmr :-)
ham,¿Y? ¿Dónde estás en Dogbreath? ¡¡Su sonido como Jan C que es al!!!!!!
ham,Omg quiero gritar. ¡Me pesé y perdí más peso!
ham,Generalmente no hay uno. Es un sustantivo incontable - u en el diccionario. piezas de investigación?
ham,Realmente me está deteniendo por ahí.
spam,"Cliente naranja, ahora puede reclamar su actualización gratuita de CAMERA PHONE para su lealtad. Llame ahora al 0207 153 9996. La oferta termina el 14 de marzo. T&C's aplicar. Opt-out availa"
ham,"\Petey chico, ¿dónde estás tú y yo y todos tus amigos están en la cabeza del rey bajar si usted puede amar Nic\"""""""""""
ham,Ok i msg u b4 me voy de mi casa.
ham,"\Gimme unos pocos\"""" fue <"";#>"" hace minutos"""""
spam,"Última oportunidad! Reclamo ur 150 vale de vales de descuento hoy! Texto TIENDA a 85023 ahora! SavaMob, ofrece móvil! T Cs SavaMob POBOX84, M263UZ. 3.00 Sub. 16"
ham,Appt está en <TIME> am. No es mi culpa que no escuches. Te lo dije dos veces
spam,GRATIS para la primera semana! No1 Nokia tono 4 u móvil cada semana sólo txt NOKIA a 8077 Obtener txting y decirle a sus compañeros. www.getzed.co.uk POBox 36504 W45WQ 16+ norma150p/tone
spam,Usted ha ganado un premio garantizado 200 o incluso 1000 cashto reclamo UR llamada de premio gratis en 08000407165 (18+) 2 stop getstop en 88222 PHP. RG21 4JX
ham,K Estaré allí antes de las 4.
ham,Me deslizó 3d su muy imp
ham,"Claro, pero asegúrate de que sepa que aún no fumamos."
ham,"Boooo, siempre trabajas."
ham,Estoy tomando medio día de permiso bec No estoy bien
ham,"No quiero salir de la cama, hace tanto calor."
ham,S:) s.nervous <#> :)
ham,Así que hay un anillo que viene con los trajes de los chicos.
spam,Felicitaciones o 500 de bonos de regalo de CD y entrada gratuita 2 nuestro 100 sorteo semanal txt MUSIC a 87066 TnCs www.Ldew.com1win150ppmx3age16
ham,"Me prestaste tu bolsa, ok."
spam,"U fueron superados por simonwatson5120 en el DVD de Shinco Plyr. 2 puja de nuevo, visite sms. ac/smsrewards 2 notificaciones de puja final, responder END OUT"
ham,¿Dónde está mi niño? Te echo de menos... ¿Qué pasó?
ham,"Tiene un montón de chicas usadas, pero la modelo no ayuda."
ham,También estás trayendo galileo o dobby
ham,"Entonces, ¿por qué no respondes?"
ham,"\BOO BABE! U enjoyin yourjob? U SEGED 2 B GETTIN EN BIEN HUNNY!HOPE URE OK? TU CUIDADO Y ILLSPEEK 2U MUCHOS DE LOVEME XXXX.\"""""""
ham,¡Buenas tardes! ¿Cómo está mi niño? ¿Me desea ya? ¿Me apetece follarme? *Sips cappuccino* Te echo de menos nena *beso de teasing*
ham,En el camino así que no puedo
spam,"SMSSERVICES. para sus créditos de texto incluido, pls goto www.comuk.net login= 3qxj9 darse de baja con STOP, sin cargo adicional. help 08702840625.COMUK. 220-CM2 9AE"
spam,25p 4 alfie Moon's Children in need cantion on ur mob. Dile a tu m8s. Txt Tone caridad a 8007 para Nokias o Poly caridad para polis: zed 08701417012 beneficio 2 caridad.
ham,¡Que tengas una buena noche!
ham,Bits y piezas lol ... *suspira* ...
ham,Hahaha .. usa tu cerebro querido
ham,Hola. ¿Tienes correo?
ham,"Lo siento luz se volvió verde, me refiero a que otro amigo quería <"";#>"" vale la pena, pero puede que no esté cerca"
ham,"Gracias por lo de ayer, señor, ha sido maravilloso, espero que haya disfrutado del entierro."
spam,U tienen un admirador secreto. REVEAL que piensa U R Tan especial. Llamar 09065174042. Para opt out Responder REVEAL STOP. 1.50 per msg rect. Cust care 07821230901
ham,Hola mate su RV ha tenido un buen hol sólo un mensaje 3 decir hola coz havent enviado u 1 en edades comenzó a conducir así que manténgase fuera de las carreteras!RVx
spam,"Estimado Titular del Vale, Para reclamar esta oferta de semanas, en su PC por favor vaya a http://www.e-tlp.co.uk/expressoffer Ts&Cs aplicar. Para detener los textos, txt STOP a 80062"
ham,"Muchas gracias. Cuando nos despegamos con kz y sura, no conseguimos el placer de su compañía. Espero que sean buenos. Le hemos dado ultimátum oh! Estamos contando hacia abajo a aburo. Disfrute! Este es el mensaje que envié hace días"
ham,Seguramente el resultado ofrecerá:)
ham,"Buenos días, mi querida............. Que tengas un gran día de éxito."
spam,¿Quieres 750 en cualquier momento cualquier red minutos 150 texto y un nuevo teléfono VIDEO por sólo cinco libras por semana llamar a 08002888812 o responder para la entrega de mañana
ham,"Señor, he estado atrasado en el pago de la renta durante los últimos meses y tuve que pagar un $ <"";#>"" cargo. Sentí que sería desconsiderado de mí para molestar sobre algo que usted da a gran costo a ti mismo y es por eso que no hablé. Sin embargo, estoy en una recesión y no voy a ser capaz de pagar la carga este mes por lo tanto mi piel bien antes de fin de mes. ¿Puede por favor ayudar. Gracias."
spam,Tratamos de contactar con usted nuestra oferta de Nuevo Video Phone 750 en cualquier momento cualquier red minutos HALF PRECIO Videocámara de alquiler llamar 08000930705 o responder para la entrega Mié
spam,Última oportunidad 2 reclamación ur 150 vale de vales de descuento-Texto SÍ a 85023 ahora!SavaMob-miembro ofrece móvil T Cs 08717898035. 3.00 Sub. 16 . Eliminar txt X o STOP
ham,Yo luv u soo much u dont entender lo especial u r 2 me anillo u 2mañana luv u xxx
ham,"Pls me envía un correo completo sobre a quién estoy pagando, cuándo y cuánto."
ham,"La madre de nuestro Prashanthettan falleció anoche, reza por ella y su familia."
spam,Urgente! llame al 090663350750 desde su teléfono fijo. Sus 4* Ibiza Holiday o 10.000 efectivo esperan la recogida SAE T&Cs PO BOX 434 SK3 8WP 150 ppm 18+
ham,K.k:)¿Cuándo te vas?
ham,"Mientras tanto, en la suite de mierda: xavier decidió darnos <#> segundos de advertencia de que samantha iba a venir y está tocando la guitarra de Jay para impresionarla o alguna mierda. Además, no creo que Doug se da cuenta de que ya no vivo aquí."
ham,Mi estómago ha sufrido tanto trauma que juro que no puedo comer.
ham,Estoy en el cargo:) lo que me pasa..msg ahora.Te llamaré en el descanso:).
ham,"Sí, apenas hay suficiente espacio para los dos, x tiene demasiados putos zapatos."
spam,"¡Oferta de hoy! ¡Reclamar ur 150 vale de vales de descuento! Texto SÍ a 85023 ahora! SavaMob, miembro ofrece móvil! T Cs 08717898035. 3.00 Sub. 16 . Unsub reply X"
ham,U llegar a huerto ya? U wan 2 ir comprar entradas primero?
ham,"¡Soy real, nena! Quiero sacar tu tigre interior..."
ham,No da si se ejecuta que activa la versión completa da.
ham,"\ah pobre bebé!Hope URFEELING BETTERSN LUV!Probthat Overdose of Work HEY GO CUIDADO SPK 2 U SN LOTS DE LOVEJEN XXX.\"""""""
ham,Le he dicho que lo he devuelto y está diciendo que no debería volver a pedirlo.
spam,¡Habla sexy! Haz nuevos amigos o enamórate en el servicio de citas de texto más discreto del mundo. Sólo envía un mensaje VIP a 83110 y mira a quién podrías conocer.
ham,¿Vas a sacar a tu chica?
ham,Hai ana tomarrow estoy llegando en la mañana. <DECIMAL> mal estar allí en sathy entonces vamos a ir a la oficina de RTO. Contéstame después de venir a casa.
ham,"Cucharas, entonces, ¿está bien?"
ham,¿Acaba de decir que alguien se llama Tampa?
ham,"En el trabajo ahora, voy a tener en pocos minutos."
ham,Tu hermano es un genio.
ham,"Lo siento, supongo que cada vez que puedo conseguir un acuerdo de mis conexiones, tal vez una hora o dos?"
ham,¿Has averiguado a qué hora está el autobús? Necesito arreglar algunas cosas.
ham,Amigo ha estado viendo un montón de corvettes últimamente
spam,Enhorabuena por su entrega de CDs de Virgin Records o de un Don Misterioso GARANTIZADO Llamada 09061104283 Ts&Cs www.smsco.net 1.50pm aprox. 3mins
ham,"Lo mismo aquí, pero considero que las paredes, los bunkers y la mierda importante sólo porque nunca juego en la paz, pero supongo que su lugar es lo suficientemente alto como para que no importe"
spam,PRIVATE! Su estado de cuenta de 2003 para 07808 XXXXXX muestra 800 puntos S. I. M. no redimidos. Llame al 08719899217 Código de identificación: 41685 Expira 07/11/04
spam,Hola. ¿Puedo bajarte? Necesito tu dirección y dob lo antes posible.
spam,¿Qué quiere U para Navidad? ¿Qué tal 100 mensajes de texto gratis y un nuevo teléfono de vídeo con media línea de alquiler de precio? Llame gratis ahora en 0800 0721072 para saber más!
ham,"Bueno, oficialmente estoy en un agujero filosófico, así que si quieres llamar a mi casa listo para ser salvado!"
ham,Va bien... no hay problema... pero todavía necesita poca experiencia para entender la voz del cliente americano...
ham,Te enviaré un mensaje cuando deje x
ham,"Ha sido un día largo, estoy exhausto, sólo quiero abrazarme y echar una siesta."
ham,Habla contigo mismo al menos una vez en un día...!!! De lo contrario te perderás a tu mejor amigo en este mundo...!!! -Shakespeare- SHESIL <#>
spam,"Comprar hasta u Drop, es usted, ya sea 10K, 5K, 500 Efectivo o 100 Cheque de viaje, Llame ahora, 09064011000. NTT PO Box CR01327BT línea fija Costo 150ppm móvil varían"
ham,¿Estás en castor? Necesitas ver algo.
spam,Sunshine Quiz Wkly Q! Ganar un reproductor de DVD de Sony superior si usted sabe qué país Liverpool jugado a mediados de semana? Txt Ansr a 82277. 1.50 SP: Tyrone
spam,U tiene un admirador secreto que está buscando 2 hacer contacto con U-encuentre a quién R*revela que piensa UR tan especial-llamada en 09058094565
spam,U tiene un Admirador Secreto que está buscando 2 hacer contacto con U-encuentre a quién R*revela que piensa UR tan especial-llamada en 09065171142-stopsms-08
spam,Recordatorio: Usted no ha descargado el contenido que ya ha pagado. Goto http://doit. mymoby. tv/ para recoger su contenido.
ham,"Sabía que darte un descanso unas cuantas veces te llevaría a que siempre quisieras perder el toque de queda. Te iba a dar hasta uno, pero una película de MIDNIGHT no saldrá hasta después de las dos, necesitas volver a casa."
ham,"Me encanta dar masajes, uso mucho aceite para bebés... ¿Cuál es tu posición favorita?"
ham,"Amigo, deberíamos ir a cenar de nuevo."
ham,Yoyyooo u saber cómo cambiar los permisos para una unidad en mac. Mi unidad flash USB
ham,Gibbs unsold.mike hussey
ham,Me gusta hablar pa pero no soy capaz de hacerlo.
ham,"Ha fallado, está muy triste."
ham,Faglord increíble
ham,Esposa. Cómo sabía exactamente la hora del asesinato.
ham,¿Por qué le preguntas a la princesa?
ham,¡Soy una gran princesa! ¿Qué estás pensando de mí? :)
ham,"Cttergg, Cttergg, Cttergg, Ctargg, Ctagg."
ham,"Está bien, estoy ocupado, pero estoy muy aburrido, así que no sé el color que ella elija."
ham,No tiene clase mañana temprano y por lo tanto no debería estar tratando de fumar en <#>
ham,"Superb Thought- \Sea agradecido de que usted no tiene todo lo que desea. Eso significa que usted todavía tiene una oportunidad de ser más feliz mañana que usted son hoy.\"""":-)"""
ham,Espero que tengas una buena semana.
ham,"Sólo espero que mis agentes no me dejen ya que este año sólo he reservado unas cuantas cosas, todo esto en Boston, ellos en Nyc fue un experimento."
ham,"Sí, claro, entonces lo resolveremos."
spam,"Su tono de llamada libre está a la espera de ser recogido. Simplemente escriba la contraseña \MIX\"""" a 85069 para verificar. Obtenga Usher y Britney. FML"", PO Box 5249, ""MK17 92H. 450Ppw 16"""""
ham,Las cosas están por venir y tengo varias facturas pendientes por el trabajo que hice hace dos y tres meses.
ham,¿Cómo es posible enseñarte y dónde?
ham,Me pregunto si la batería de tu teléfono se apagó?
ham,Bonito olor en este autobús y no es tabaco...
ham,"Todos nos preocupamos por aquí, Derek y Taylor ya han asumido lo peor."
ham,"Oye, ¿qué pasa, Charles? Siento lo de la respuesta tardía."
spam,"todo lo último de Stereophonics, Marley, Dizzee Racal, Libertines y los golpes! Ganar Nookii juegos con Flirt!! Haga clic en TheMob WAP Marcador o texto WAP a 82468"
ham,Le daré una vez que lo tenga.
ham,Los OREOS BLANCO DE FUDGE están en las tiendas
spam,"Enero Hombre Venta! Hot Gay chat ahora más barato, llame al 08709222922. Tarifa nacional de 1,5p/min barato a 7,8p/min pico! Para detener los textos llame al 08712460324 (10p/min)"
ham,"¿Por qué tardaste tanto en irte a casa de Zaher? Recibí tus palabras y me alegré de verlas, pero estaba triste de que te hubieras ido. Te echo de menos."
ham,Siento que te haya hecho daño.
ham,No puedo. Me siento nauseabundo. Estoy tan enojado. No comí ningún dulce en toda la semana porque hoy estaba planeando salir. Estuve a dieta toda la semana. Y ahora no tengo hambre :/
ham,"Bueno, pero no demasiado pronto, aún tengo una reunión de proyecto."
ham,"Llámame da, estoy esperando tu llamada."
ham,Podría preguntarle a Carlos si podemos conseguir más si alguien más puede participar.
ham,Estaba a punto de enviarte un recordatorio hoy.
ham,"Cuando la gente ve mis msgs, Ellos piensan que soy adicto a msging... Están equivocados, Bcoz Ellos no saben que soy adicto a mis amigos dulces..! BSLVYL"
ham,¿Les diste tu foto cuando te registraste para conducir?
ham,No le hables nunca ok es mi palabra.
ham,Cuando u wana lo vea entonces
ham,¿Puedes enviarme el número de Ashley?
ham,"Todo irá bien, ahora tengo avalearr."
ham,Ella fue a asistir a otras dos rondas hoy .. pero todavía no llegó a casa ..
ham,En realidad borré mi viejo sitio web..now i m blogging at magicsongs.blogspot.com
ham,"K, espera chikku..il enviar aftr <"";#>"" minutos"
ham,Pero estoy a dieta y comí 1 porciones de pizza ayer.
ham,K:) voy a dar mi kvb acc detalles:)
ham,"Oh, todos tienen que venir ah?"
spam,dinero!!! usted r un afortunado ganador ! 2 reclamar su premio dinero de texto 2 88600 más de 1millones para regalar ! ppt150x3+caja de tasa de texto normal403 w1t1jy
ham,Lo siento mucho no voy a b capaz 2 hacer este viernes.esperamos que usted puede encontrar una alternativa.esperanza yr término va bien:-)
ham,Enhorabuena ore mo owo re wa. Disfrútalo y te deseo muchos momentos felices para ir y parar donde quiera que vayas
ham,Así que todavía tienes hombros de samus.
ham,¿A qué hora crees que lo tendrás?
spam,"Estimado Matthew por favor llame al 09063440451 desde un teléfono fijo, sus vacaciones gratuitas de 4*Lux Tenerife o 1000 CASH esperan colección. ppm150 SAE T&Cs Box334 SK38XH."
ham,Entonces lleva jeans lor...
ham,"Desde cuándo, de qué lado, cualquier fiebre, cualquier vómito."
ham,K:)k.¿Estás en la universidad?
spam,"¡Urgente! llame al 09061749602 desde Landline. Sus 4* Tenerife Holiday o 10,000 efectivo esperan la recogida SAE T&Cs BOX 528 HP20 1YF 150ppm 18+"
ham,"Mejor, me compensé el viernes y me metí como un cerdo ayer, ahora me siento bien, pero al menos no me retorcía el dolor."
ham,No lo vendemos todo así que tendremos toneladas si monedas. Entonces vender nuestras monedas a alguien a través de paypal. Voila! Dinero de vuelta en los bolsillos de la vida:)
ham,"Lo están haciendo en muchos lugares, sólo los hospitales y los centros médicos son seguros."
spam,¿Qué tal ponerse en contacto con la gente que espera por la compañía? Simplemente vuelva a su nombre y edad para optar! Disfrute de la comunidad (150p/SMS)
ham,Y también lo he volado un par de veces recientemente así que Id prefiere no enviarle un mensaje de la nada en busca de hierba
ham,"Envié mis notas a los sofas y tuve que hacer la aplicación secundaria para algunas escuelas. Creo que si usted está pensando en aplicar, hacer una investigación sobre el costo también."
ham,¡No puedo esperar a verte! ¿Cómo fueron útiles las fotos? :)
spam,El saldo de caja de Ur es actualmente 500 libras - para maximizar nuestro efectivo de entrada ahora enviar GO a 86688 sólo 150p/msg. CC: 08718720201 PO BOX 114/14 TCR/W1
ham,"Oye, ya reservé el KB en el set... ¿qué otras lecciones vamos a tomar? Manten tu noche libre de descanso, tenemos que reunirnos y confirmar nuestro alojamiento."
ham,Chk in ur beloved ms dict
ham,¿A qué hora quieres que vaya?
ham,"Asombroso, déjame saber cuando estés por aquí."
ham,Shb b ok lor... Thanx...
ham,"Hermosa verdad contra la gravedad.. Lea cuidadosamente: \Nuestro corazón se siente ligero cuando alguien está en él.. Pero se siente muy pesado cuando alguien lo deja..\"" BUENA NOCHE"""""
ham,También recuerda coger el bol de Dobby de tu coche.
spam,Historias sucias y chicas esperando por su
ham,"Lo siento, pero sólo cuatro una noche tendrás una habitación nueva en la que dormirás."
ham,"El amor no es una decisión, es un sentimiento. Si pudiéramos decidir a quién amar, entonces, la vida sería mucho más simple, pero menos mágica."
ham,Welp aparentemente se retiró.
ham,Mi código de clase es y acc no es . El banco es natwest. ¿Puede responder para confirmar que he enviado esto a la persona correcta!
ham,Dónde @
ham,¿Seguro que no puedes tomarte ningún tiempo enfermo?
spam,URGENTE! Estamos tratando de contactar con U. Sorteo de hoy muestra que usted ha ganado un premio 800 GARANTIZADO. Llame a 09050001808 desde la línea de tierra. Reclamación M95. Válido12hrs solamente
ham,"Ver dibujos animados, escuchar música &""; en vísperas tuvo que ir templo &"" iglesia.. ¿Qué pasa con u?"
ham,¿Qué clase de gimnasia quieres tomar? El sitio dice que la clase de Cristianos está llena..
ham,¿Eres tan efervescente?
ham,"O mejor aún, puedes cogerla y dejar que le pregunte si puede vender <#> para mí."
ham,No estoy seguro sobre el menú nocturno. . . Sólo sé sobre el menú del mediodía
ham,¿Qué es lo que quieres cuando regrese?.un hermoso collar como muestra de mi corazón para ti.eso es lo que voy a dar pero SOLO a MI ESPERA DE MI LIKING.SER QUE Y VER..NINGUNO puede darte eso.No me llames.Yo esperaré hasta que yo venga.
ham,¿Estás dispuesto a ir a clase de aptitud?
ham,"No será b hasta las 2.15 como tratando de 2 ordenar la casa, ¿está bien?"
ham,"Yar lor él quiere 2 ir c carreras de caballos hoy mah, así que comer más temprano lor."
ham,"Haha impresionante, omw en ese entonces"
ham,"Sí, hasta que la tienda se cierre."
ham,¿Cuál es su número de cuenta?
ham,Eh tu envías equivocadamente lar...
ham,Hey no anuncio una mierda nite era borin sin ya 2 boggy conmigo u biatch aburrido! Thanx pero u espera hasta nxt tiempo il ave ya
ham,"De acuerdo, hablaré con él."
ham,Esta es la segunda vez que ella ha tenido una debilidad como esa. Así que mantengo mi cuaderno de lo que ella comió y lo hizo el día antes o si algo cambió el día antes para que podamos estar seguros de que no es nada.
ham,Hey usted puede pagar. Con el salario de. Sólo <#> .
ham,Necesito hierba de chocolate y alcohol.
ham,Si él comenzó a buscar él conseguirá trabajo en pocos días.él tiene gran potencial y talento.
ham,Reckon tiene que estar en la ciudad por ocho para caminar desde * aparcamiento.
spam,"¡Felicidades! 2 móviles 3G Videophones R tuyo. llama al 09063458130 ahora! Videochat wid your mates, jugar juegos de java, descargar música poliPH, noline rental."
ham,Mira a la puta hora. ¿Qué carajo crees que está pasando?
ham,Adivina lo que acabo de dejar
ham,Carlos dice que estará en mu en minutos <#>
ham,Estoy en el cargo ahora. Te llamaré <#> min:)
ham,"Carajo, no puedo esperar hasta el año que viene cuando estaremos juntos..."
ham,"Yun ah.the ubi uno dice si I_ wan llamar mañana. call 67441233 buscar irene.ere sólo tiene bus8,22,65,61,66,382. Ubi cres,ubi tech park.6ph para 1st 5wkg días.n"
ham,Tengo que conducir de vuelta a SD desde La. Mi trasero está dolorido.
ham,26 DE JULIO
ham,Hola im tener el tiempo más relajante nunca! tenemos que levantarse a las 7am todos los días! fue la fiesta buena la otra noche? Llego a casa mañana a las 5ish.
ham,Hasta Í_... â € € TM wan ven y luego ven Ã r... Pero din c cualquier falda rayas...
ham,La historia de Navidad es la paz.. La Navidad msg es el amor.. El milagro de Navidad es Jesús.. Tener un mes bendito por delante & desea U Feliz Navidad...
ham,"¡No puedo, no tengo su número!"
ham,Cambie de nuevo... es uno al lado de la escalera mecánica...
ham,Yetunde estoy en clase. ¿Puedes no correr agua en él para hacerlo bien.
ham,Beth está con sus tías y Charlie está trabajando mucho.
ham,"Entonces, espera 4 me en la parada de autobús a la izquierda de la lect lar. Si yo no c ì_ entonces voy a buscar mi coche y luego volver n pick Í_."
ham,"Está bien, gracias de nuevo por venir."
ham,"No, pero escuché a Abt Tat.."
spam,Por favor llame a nuestro representante de servicio al cliente en FREEPHONE 0808 145 4742 entre 9am-11pm ya que tiene WON un premio garantizado 1000 en efectivo o 5000!
ham,Sí..él es realmente genial..bhaji le dijo a Kalis mejor jugador de cricket después de sachin en el mundo:).muy difícil de salir.
ham,<#> ¿estoy pensando? Debería decir en el programa de estudios
ham,Umma. ¿Dijo algo?
ham,Dame un segundo para pensarlo.
spam,Panasonic & BluetoothHdset FREE. Nokia FREE. Motorola FREE & DoubleMins & DoubleTxt en el contrato de Orange. Llame a MobileUpd8 en 08000839402 o llame a 2optout
ham,"No sé qué hacer, todavía no puedo localizar a nadie, te recojo a las 7:30 p.m. y podemos ver si están en el pub."
ham,"Poyyarikatur,kolathupalayam,unjalur post,erodedis, <"";#>"" ."
ham,"Estimado héroe, me voy a qatar tonite para una oportunidad adecuada. pls mantener en contacto con <"";EMAIL>"" ,kerala"
ham,Lol lo haría pero mi madre tendría un ataque y le diría a toda la familia lo loco y terrible que estoy
ham,"Acabo de llegar a casa, nena, ¿sigues despierta?"
ham,No sé si cierran oredi no...
ham,"Compra una pizza, amantes de la carne o supremos."
ham,"Sí, le dijo... ¿que estaba preguntando a Wats materia?"
ham,"Dear, regret i cudnt pick call.drove abajo frm ctla ahora en cochin home.left móvil en coche..ente estilo ishtamayoo?happy bakrid!"
spam,GRATIS para la primera semana! No1 Nokia tono 4 u mob cada semana txt NOKIA a 8007 Obtener txting y decirle a sus compañeros www.getzed.co.uk POBox 36504 W45WQ norma150p/tone 16+
ham,¿Debo enviar ese exe a tu identificación de correo?
ham,No ver televisión en casa... no salir.
ham,"No lo sé. Espera, lo comprobaré."
ham,"Buenas tardes en este glorioso día de aniversario, mi dulce J !! Espero que esto te encuentre feliz y contento, mi Prey. Pienso en ti y envío un beso de burla desde el otro lado del mar coaching imágenes de aficionados recuerdos ... You Cougar-Pen"
spam,¡Adivina qué! ¡Alguien que conoces secretamente te gusta! ¿Quieres saber quién es? Llámenos al 09065394514 Desde Landline DATEBox1282EssexCM61XN 150p/min 18
ham,¿Todavía seguimos esta noche?
ham,¿Puedo llamarte más tarde?
ham,¿Ese no ha sido el patrón los últimos fines de semana de mierda?
ham,"Tengo dolor de garganta, son rasguños cuando hablo."
ham,Sí da. Cualquier plm en su oficina
ham,¿No estás por aquí o aún duermes? :V
ham,"Lol, lo olvidaste, ¿eh?"
ham,"Es bueno, encontraremos una manera"
ham,No se pueden utilizar sellos extranjeros en este país. Buena conferencia.
ham,Sip bañe liao...
ham,Feliz año nuevo mi hombre no 1
ham,"OH SR SHEFFIELD! Usted quiere jugar ese juego, bien. Usted es el jefe y yo soy la niñera. Usted me da un aumento y yo le daré uno!!"
ham,ZOE ME HIT 2 IM mierda Shitin mi mismo IL DEFO probar mi más duro 2 cum 2 mÃ¡s LUV U MILLONES LEKDOG
ham,"Hola bebé, ¿has vuelto a casa de tu mamá? ¿Estás configurando el ordenador ahora? ¿Llenando tu vientre? ¿Cómo va loveboy? Te echo de menos ya... *suspira*"
ham,"No, mis mantas son suficientes, thx"
ham,"pequeño pensamiento travieso: 'es mejor coquetear, coquetear n coquetear, en lugar de amar a alguien n gettin herido, dolió n dolió ...:-) Gud nyt"
ham,"Edison ha dicho con razón, \Un tonto puede hacer más preguntas que un hombre sabio puede responder\"" Ahora usted sabe por qué todos nosotros estamos sin palabras durante ViVa.. GM, GN, GE, ""GNT:-)"""
ham,"Sólo hablan de eso, no quieren a nadie más."
ham,Hoy voy a ir a la universidad así que no soy capaz de atender a la clase.
ham,"Estoy en clase, Will Holla más tarde."
ham,Fácil ah?sen ha sido seleccionado significa que es bueno..
ham,Mmm eso es mejor ahora tengo un asado abajo de mí! id b mejor si tomé unos tragos abajo de mí 2! Buen indio?
spam,"Conocemos a alguien que te gusta. Llama al 09058097218 para averiguar quién. POBox 6, LS15HB 150p"
ham,"Vamos, es ."
ham,"¡Haz una cosa! Cambia esa frase en: \Porque quiero que 2 se concentren en mi carrera educativa im salir de aquí..\"""""""""
spam,"1000 está coqueteando AHORA! Txt GIRL o BLOKE & ur NAME & AGE, por ejemplo GIRL ZOE 18 a 8007 para unirse y chatear!"
ham,Caminé una hora 2 c u! ¿No muestra que me importa y no va a creer en serio?
spam,18 días para el inicio de Euro2004! U se mantendrá informado de todas las últimas noticias y resultados diarios. Cancelar suscripción enviar GET EURO STOP to 83222.
ham,¿Estás disponible para la velada del 3 de junio?
ham,¿U noe wat time e place dat vende 4d cierra?
ham,"El del hospital haciendo análisis de datos o algo así, comienza el lunes."
ham,Jay se está poniendo muy impaciente y beligerante.
ham,HIYA COMIN 2 BRISTOL 1 SEMANA ESTÁ EN ABRIL. LEES BUENO + RUDI EN NUEVA YRS EVE Pero estaba ronqueando.
ham,Estoy en el trabajo.
ham,Entonces tú conduces.
ham,Ard 515 como Dat. ¿Y?
ham,Dime que son mujeres: V ¿cómo estás lanzando en? Estamos decidiendo lo que todo para conseguir ahora
spam,¿Con qué FLOWER se compara DOT? D= VIOLET E= TULIP F= LILY txt D E o F a 84025 AHORA 4 chance 2 GANAR 100 Efectivo WKENT/150P16+
ham,Trabajo en el campo de soporte técnico :)voice process.networking.
ham,Podría venir a Kerala por 2 días.así que puede estar preparado para tomar una licencia una vez que termine .dont planificar cualquier viaje durante mi visita.necesidad de terminar los trabajos urgentes.
ham,Ok. No estoy seguro de a qué hora no estoy seguro si puedo llegar a la biblioteca antes de clase. Lo intentaré. Nos vemos en algún momento!
spam,Tenemos nuevas fechas locales en su área - Mucha gente nueva registrada en SU ÁREA. Responder FECHA para empezar ahora! 18 sólo www.flirtparty.us REPLYS150
ham,"Está bien, te quejaré más tarde."
ham,"No, mi madre fue dos dentistas."
ham,"Una vez libre, llámeme señor, le estoy esperando."
ham,Conocer a u es mi trabajo. . . Llámame cuando debo hacer mi trabajo mañana
spam,Alguien que U conoce ha preguntado nuestro servicio de citas 2 ponerse en contacto con usted! No se puede adivinar quién? LLAMADO 09058091854 AHORA todo será revelado.
ham,Jus acaba de bañarse...
ham,"De acuerdo, me aseguraré de que el coche esté de vuelta esta noche."
spam,URGENTE! Estamos tratando de contactar con U. Sorteo de hoy muestra que usted ha ganado un premio 800 GARANTIZADO. Llame a 09050003091 desde la línea de tierra. Reclamación C52. Válido12hrs solamente
spam,Estimado U've sido invitado a XCHAT. Este es nuestro último intento de contactar u! Txt CHAT a 86688
ham,Dos enfermeras están hablando de lo gordos que son y uno piensa que es obesa.
ham,Aight mal conseguir en fb en un par de minutos
ham,Oi. Ami parchi na re. Kicchu kaaj korte iccha korche na. Phone ta tul na. Plz. Plz.
ham,¿Dónde se puede descargar películas claras. Dvd copias.
ham,"Sí, por la bonita escultura"
ham,Transmite mis saludos a él.
ham,Yo también viendo la película surya sólo después de las 6 pm película de vijay POKKIRI
ham,"Dime lo que pasa, no te comportes así conmigo."
ham,¿Puedes conseguir fotos msgs en tu teléfono?
ham,Enviar a otra persona :-)
ham,"Wat hace que algunas personas más queridas no es sólo de la felicidad dat u sentir cuando se encuentran con ellos, pero de dolor u sentir cuando se pierde dem!!!"
ham,Para mí el amor debe comenzar con la atracción.Yo debería sentir que la necesito cada vez que me rodea.ella debe ser la primera cosa que viene en mis pensamientos.Yo empezaría el día y terminaría con ella.ella debe estar allí cada vez que sueño.amor será entonces cuando cada respiración tiene su nombre.mi vida debe suceder a su alrededor.mi vida será nombrada a ella.Yo lloraría por ella.daré toda mi felicidad y tomaré todas sus penas.Estaré listo para luchar con cualquiera por ella.Estaré enamorado cuando estaré haciendo las cosas más locas por ella.amor será cuando no tenga que demostrar a nadie que mi chica es la dama más hermosa en todo el planeta.Siempre estaré cantando alabanzas por ella.El amor será cuando empiece a hacer curry y terminar sambar makiing.la vida será la más hermosa entonces.será cada mañana y agradecerá a Dios por el día porque ella está conmigo.Me gustaría decir mucho.
ham,"Aunque V r en d mismo reloj, V r nt capaz de 2 met. Evn si V se encuentra,itz sólo 4 segundos. Bt V alwys permanecen conected. Gud 9t"";""-)"
ham,¡No creo que tenga manos de espátula!
ham,Nunca se puede hacer NADA
spam,Se le otorga una cámara digital SiPix! llame a 09061221061 desde el teléfono fijo. Entrega dentro de 28 días. T Cs Box177. M221BP. 2 años de garantía. 150ppm. 16 . p p3.99
ham,Buenos días hoy llego tarde a <DECIMAL> min.
spam,¡GAN URGENTE! Su número de móvil ha sido galardonado con un premio 2000 GARANTIZADO llamada 09061790121 de la línea de tierra. reclamación 3030 válida 12hrs sólo 150ppm
ham,"Por favor, llámeme cualquier error de mi lado."
ham,¿Dónde nos encontramos?
ham,"Bueno, el clima en California es genial, pero sus complejidades son geniales, necesitas un coche para moverte libremente, sus impuestos son escandalosos, pero todo en un gran lugar, la parte triste es que me falta mi casa."
ham,Ahora sólo llegué a casa. . . Estoy muy cansado ahora. . Voy a venir tomorro
ham,Ryder no se vende. Ahora Gibbs.
spam,Estimado Suscriptor ur sorteo 4 100 vale de regalo b se introducirá en la recepción de un ans correcto. ¿Cuándo fue cumpleaños de Elvis Presleys? TXT respuesta a 80062
ham,"No te preocupes, compraré las tiras de prueba de ovulación y te las enviaré."
ham,¿Estás tratando de que me tire de un acantilado o algo así?
ham,¿Tuviste un buen cumpleaños?
ham,¿Estás ocupado o puedo venir en algún momento y averiguar lo que vamos a hacer mañana
ham,"Sí, vamos entonces, aburrido y deprimido sittin espera a que suene el teléfono..."
ham,Camisa negra y vaqueros azules...
ham,Aiyah lo siento lo... miro la televisión hasta que olvidé dos comprobar mi teléfono.
spam,Mensaje Información importante para el usuario de O2. Hoy es su día de suerte! 2 averiguar por qué iniciar sesión en http://www.urawinner.com hay una fantástica sorpresa que le espera
ham,"En la noche de la gallina, yendo con un columpio."
ham,"Buenas tardes, mi amor. ¿Cómo va tu día? ¿Qué estás haciendo? Me desperté temprano y estoy en línea esperándote ... Hmmm ... chico italiano está en línea veo . *grins *"
ham,De alguien que no fume cuando cada vez que he fumado en las últimas dos semanas es debido a que me llamas o me mandas un mensaje de texto que querías fumar
ham,"No, sólo tendrás un dolor de cabeza tratando de averiguarlo. Puedes confiar en mí para hacer las cuentas. Te lo prometo."
ham,Es la primera vez que dhoni se mete...
ham,Ok mal decirle a la compañía
ham,"Impresionante, ¿crees que podemos conseguir un octavo en usf alguna vez esta noche?"
ham,Así que eso significa que todavía piensas en teju
ham,"No, soy bueno para la película, ¿está bien si me voy en una hora?"
ham,No no:) esto es kallis home ground.amla home town is durban:)
ham,Así que vamos a hacerlo sábado o lunes según la conveniencia.
ham,Oye... ¿A qué hora conduces con Fri?
spam,"449050000301 Usted ha ganado un precio de 2,000! Para reclamar, llame al 09050000301."
ham,Ahora voy a almorzar cuatro veces con mi familia y luego voy al huerto.
spam,"¿Aburrido de citas rápidas? Pruebe SPEEDCHAT, txt SPEEDCHAT a 80155, si no te gusta em txt SWAP y obtener una nueva charla! Chat80155 POBox36504W45WQ 150p/msg rcd 16"
ham,¿Cancelar Cheyyamo? ¿y recuperar algo de dinero?
spam,¿Quieres 750 en cualquier momento cualquier red minutos 150 texto y un teléfono de vídeo NUEVO por sólo cinco libras por semana llamar al 08000776320 ahora o responder para la entrega mañana
ham,"Ok, ok, ok, entonces, ¿cuál es el plan de hoy?"
ham,"Buenos días, princesa. ¿Cómo estás?"
ham,Aiyar lo siento lor olvidado 2 decirte ...
spam,Para participar en nuestra encuesta móvil ayer! Ahora puede tener 500 textos 2 utilizar como desee. 2 txts sólo tiene que enviar TXT a 80160 T&C www.txt43.com 1.50p
ham,"Esta noche no, amigo, alcanzándome un poco de sueño, por cierto, este es mi nuevo número."
ham,"Altura de \Oh mierda...!!\"""" situación: Un tipo lanza una carta de amor sobre una chica, pero cae sobre su cabeza de hermanos que es un gay "","";""-):-D"""""
spam,Ur HMV Quiz balance de efectivo es actualmente 500 - para maximizar su efectivo-in ahora enviar HMV1 a 86688 sólo 150p/msg
ham,"Así que compruebe sus errores y si tuvo dificultades, haga la corrección."
ham,¿Cómo dolor?espera tu bien..
ham,"Lo siento, llamaré más tarde."
ham,"Buenos días, princesa. ¿Cómo estás?"
ham,Cuando entré en mi camarote mi asistente me dijo: '¡Feliz Jefe B'day!!'. Me sentí especial. Ella me pidió 4 almuerzos. Después del almuerzo me invitó a su apartamento. Fuimos allí.
ham,¿Ya te despiertas? Thanx 4 e tau sar piah es bastante agradable.
ham,K necesito un login o algo así.
spam,No olvide que puede colocar tantas peticiones GRATIS con 1stchoice.co.uk como desee. Para más información llame al 08707808226.
ham,LOL ... No sólo estaba ocupado
ham,¿Qué llevas puesto?
ham,Mensaje: falta un poco de texto* Sender: falta un nombre* * Falta un número * Senta: falta una fecha * Falta un montón de U y todo lo que falta se envía a través de fullonsms.com
ham,Oh:) ¿como la película habitual de Vijay o es diferente?
spam,No sé u y u no me conocen. Envíe CHAT a 86688 ahora y vamos a encontrarnos! Sólo 150p/Msg rcvd. HG/Suite342/2Lands/Row/W1J6HL LDN. 18 años o más.
ham,¿Has tenido un buen día?
ham,Y hay una forma de enviarle las cosas de Sombra y ella también ha sido maravillosa.
ham,Realmente... tot tu papel terminó hace mucho tiempo... Pero wat u copiado jus ahora tiene uso? U feliz lar... Todavía tengo 2 estudio :-(
spam,"Gracias, ganador notificado por sms. Buena suerte! No hay respuesta de marketing futuro STOP a 84122 servicios al cliente 08450542832"
ham,"Cariño, te he perdido."
ham,Vale... ayúdame a preguntar si está trabajando para un no?
ham,No voy a conducir... ¡Lluvia! Entonces me atraparán en la estación de emergencias.
ham,Ni una gota en el tanque.
ham,"(Eso dijo, ¿puedes enviarle un mensaje de texto una vez más?)"
ham,"Lo siento, llamaré más tarde."
ham,"Ok, voy a cambiarme también..."
spam,1000's de chicas muchos locales 2 u que r vírgenes 2 esto & r listo 2 4fil u cada necesidad sexual. ¿Puede u 4fil de ellos? texto CUTE a 69911(1.50p. m)
ham,¿Encontraste una niñera para Kaitlyn? Estuve enfermo y dormí todo el día ayer.
ham,"Lo siento hombre, accidentalmente dejó mi teléfono en silencio anoche y no lo revisé hasta que me levanté"
ham,Oye... algo ocurrió en el último minuto... creo que me estoy apuntando...
ham,Es un adulto y aprendería de la experiencia. No hay peligro real. Simplemente no me gustan los que usan drogas que no necesitan.
ham,"Oye, hay pizza vegetariana..."
ham,Yun comprando... pero la escuela recibió una oferta de 2000 más sólo...
ham,¿Estás seguro de que tus vecinos no lo recogieron?
ham,K. Lo enviaré de nuevo
spam,Entrada gratuita en 2 a wkly comp para ganar FA Cup final tkts 21 de mayo de 2005. Texto FA a 87121 para recibir la pregunta de entrada (std txt rate)T&C's aplicar 08452810075over18
ham,"Nueva Teoría: Argumento gana d SITUACIÓN, pero pierde la PERSONA. Así que no discutas con tus amigos sólo... . . . patearlos &"";"" decir, ¡siempre estoy en lo cierto!"
ham,"Bueno, no tengo ordenador, es hora de hacer unas trufas de oreo."
ham,"Jaja, sí, ya lo veo, estaré allí en un segundo."
ham,"No tengo su número, señor."
ham,¡Lol ahora estoy detrás de ese globo de aire caliente!
ham,Bien... ahora estoy en el autobús... si vengo pronto... vendré mañana de lo contrario.
ham,Msgs r no pasa el tiempo.Dicen en silencio que estoy pensando en U en este momento y también haciendo que U piense en mí al menos 4 un momento.
ham,"Sí, probablemente podamos pasar una vez que mi compañero de cuarto termine con su chica."
spam,"¿Tienes lo que se necesita para 2 participar en el WRC Rally de Oz? ¡U can with Lucozade Energy! Texto RALLY LE a 61200 (25p), ver packs o lucozade.co.uk/wrc & itpould be u!"
ham,¡Feliz melodía de Año Nuevo!
ham,¿Tienes que elegir tu gf?
ham,Será mejor que no se lo digas a otras 5 chicas.
ham,Horrible u comer macs comer hasta que se te olvidó abt me ya rito ... U toma tanto tiempo 2 respuesta. I thk es más toot que b4 tan b preparado. Ahora voy a comer?
ham,"¿Dijo lo fantástico que soy por casualidad, o cualquier cosa que necesite un aumento de la vida como perder el testamento 2 vivir, ¿crees que sería la primera persona 2 morir de NV Q?"
ham,Sólo para que yo viniera a Hme Da..
ham,"Estoy fuera de las islas, dirígete hacia la roca dura y te toparás conmigo."
ham,Hasta la clase de día es que no hay clase.
ham,Estoy en chennai velachery:)
ham,¿Ya volteaste tu mierda?
ham,"K dame un segundo, rompiendo un <"";#>"" en cstore"
ham,¿Soy tan malo para evitar esto?
ham,Acabo de recuperar mi auto.
ham,"Molesto, ¿no es así?"
ham,"Buenos días, Hoy llego tarde a <"";#>"" min."
ham,No tiene sentido aferrarse al Sr. no está bien si no está feliz.
ham,Todos vendrán vivos. Mejor corregir cualquier figura de buen aspecto allí mismo..
ham,"En ese caso, supongo que te veré en el campus."
ham,Hemos terminado...
ham,"Ven a mi casa por última vez, no haré nada."
ham,Es una pena que nos hayamos perdido una noche de chicas con palomitas de maíz y tú haciéndome el pelo.
spam,Sexo hasta nuestro móvil con una foto sexy GRATIS de Jordania! Sólo texto BABE a 88600. Entonces cada wk conseguir una celebridad sexy! PocketBabe.co.uk 4 fotos más. 16 3/wk 087016248
ham,De acuerdo...
spam,Tiene 1 nuevo buzón de voz. Por favor llame al 08719181503
ham,Lo que él dijo no es el asunto. Mi mente diciendo que algún otro asunto está allí.
ham,También sabe acerca de menú de almuerzo sólo da. .
ham,"Al lo hace es gemir en mí si n e shin va mal es mi falta&al de argumentos r mi culpa&alimentado de él de hisso y molestar? Tener 2go, thanx.xx"
ham,NEFT Transaction con número de referencia <#> para Rs. <DECIMAL> se ha acreditado a la cuenta del beneficiario en <#> en <TIME> : <#>
ham,De lo contrario tenía medio tiempo trabajo na-tuición..
ham,Sé que me llamó.
ham,"Yo también da, me siento ayer por la noche esperar hasta 2 días por la noche querida."
ham,He estado tratando de decirle eso a Sura.
spam,GANAR un suministro anual de CDs 4 una tienda de u elección vale 500 y entrar en nuestro 100 sorteo semanal txt MUSIC a 87066 Ts&Cs www.Ldew.com.subs16+1win150ppmx3
ham,"Todo el coche apreciaba los dos últimos! Papá y están teniendo un mapa de lectura semi argumento, pero aparte de que las cosas van bien. P."
spam,"Como suscriptor SIM, usted es seleccionado para recibir un Bono! Conseguirlo entregado a su puerta, Txt la palabra OK a No: 88600 para reclamar. 150p/msg, EXP. 30Apr"
ham,Necesito que estés en mis brazos fuertes...
ham,También maaaan te estás perdiendo
ham,Su bday real está en abril.
ham,¿Supongo que no estarás aquí antes de las 9?
ham,"Vale, entonces vendré a tu casa después de media hora."
ham,¿Quieres ir a Walmart pronto?
ham,"Sí, probablemente, pero no estoy seguro. Ilol nos hizo saber, pero personalmente no me molestaría, entonces de nuevo si u va a, entonces yo acaricié también!!"
ham,Todo espeluznante para que no piense que lo olvidamos.
ham,"Eso sería bueno. Te llamaré a la hora del almuerzo, ¿debería, para organizar algo?"
spam,Tiene 1 nuevo buzón de voz. Por favor llame al 08719181513.
ham,"Maldición, ¿puedes hacerlo esta noche o quieres esperar hasta mañana?"
ham,K.k..i también estoy bien:)¿cuándo completarás el curso?
ham,"Y si obtienes una puntuación alta y solicitas un doctorado, obtienes 5 años de salario, así que hace la vida más fácil."
spam,No. 1 Nokia Tone 4 u mob cada semana! Sólo txt NOK a 87021. 1r Tone GRATIS ! así que obtener txtin ahora y decirle a sus amigos. 150p/tone. 16 responder HL 4info
ham,Prakesh está allí sabe.
ham,Enséñame apps cuando vengas a la universidad.
ham,Rofl Betta invierte en algunos productos antienvejecimiento
spam,Usted es un ganador U han sido especialmente seleccionados 2 recibir 1000 en efectivo o un 4* vacaciones (vuelos inc) hablar con un operador en vivo 2 reclamación 0871277810810
ham,"Señor, recibirá la cuenta no más de una hora."
spam,Responder con su nombre y dirección y usted va a recibir por correo postal por semanas alojamiento totalmente gratis en varios lugares globales www.phb1.com ph:08700435505150p
ham,¿Así que Í_ va a presentar el proyecto tmr rito?
spam,Entrada GRATIS en nuestro 250 semanal comp sólo enviar la palabra ENTRAR a 84128 AHORA. 18 T&C www.textcomp.com cust cuidado 08712405020.
ham,No lo harás más tarde.
ham,Quiero enviar algo que pueda venderse rápido. <#> k no es dinero fácil.
ham,Tengo * pocas cosas que hacer. puede estar en * pub más tarde.
ham,El final de la reunión de 1 me llama.
ham,Yo también le quitaré el bolso.
ham,"\Hello-/@drivby-:0quit edrunk lo siento si f pthis no hace ningún senrd-dnot no cómo ^ dancce 2 tambor n basq!ihave diversión 2nhite x ros xxxxxxxx\"""""""
ham,¿Tu opinión sobre mí? 1. Sobre 2. Jada 3. Kusruthi 4. Lovable 5. Silent 6. Spl carácter 7. No madurado 8. Con estilo 9. Simple Pls respuesta..
ham,¿Cuánto vamos a conseguir?
ham,¿Está el papel en la mañana o en popa?
ham,"Estimado relevado de Westonzoyland, todos van a planear este fin también!"
ham,Espero que tengas un gran nuevo semestre. Te deseo lo mejor. Estás hecho para la grandeza.
ham,"¡Oh, sí puedo hablar txt 2 u no! ¿Recibiste un correo electrónico?"
ham,"Quiero mostrarte el mundo, princesa :) ¿Qué tal Europa?"
ham,Nadie puede decidir dónde comer y papá quiere comida china.
ham,Estoy en la sala de espera de los doctores.
ham,Saldré a cenar 4 pronto.
ham,Hola que el sitio para descargar canciones sus pls urgentes
ham,"Sé lo que quieres decir, es el rey de no havin crédito! Voy a dormir ahora. Noche dulce! Sólo 1 sueño más!"
ham,"Una chica horrible, yo haciendo algunas cosas. ¿Cómo es que tienes MC?"
ham,"Hola Hun! No voy a venir a cada uno 2nite-tell 1 Im Sorry 4 Me, espero U Ava Goodtime!Oli Rang Melnite Finish it Mite B sorted, But Il Explain Everythin el lunes.L8RS.x"
ham,"Te llamo más tarde, no tengo red."
ham,Ummmmmaah Muchos muchos feliz retornos del día mi querido corazón dulce.. Feliz cumpleaños querida
spam,Por favor llame al 08712402779 inmediatamente ya que hay un mensaje urgente esperándole
ham,"Sí, como si fuera como lo hizo con mis amigos Imma voltear mi mierda en como media hora"
ham,Mamá dice que queremos ir y luego ir... entonces puede evitar ver la exposición de cristal de Bian...
ham,¿Cuál es tu plan para el pongal?
ham,Espera hasta el final de la marcha cuando El Niño se recupere.
ham,"Todavía no chikku .. ir a la habitación nw, estoy en el autobús .."
ham,"También estoy haciendo en Cbe solamente, pero tengo que pagar."
ham,"Cariño, te echo de menos."
ham,"Hemos enviado a JD para el Servicio al Cliente cum Cuentas Ejecutivas a ur mail id, Para más detalles contáctenos"
ham,Estoy en la caja de mis padres.
ham,"Muchas gracias. Cuando nos despegamos con kz y sura, no conseguimos el placer de su compañía. Espero que sean buenos. Le hemos dado ultimátum oh! Estamos contando hacia abajo a aburo. Disfrute!"
spam,"Los gays hambrientos se sienten hambrientos y hasta 4 él, ahora. Llame al 08718730555 sólo 10p/min. Para detener los mensajes llame al 08712460324 (10p/min)"
ham,Recuerda que un amigo necesitado...
ham,Lo veré en media hora.
ham,"Estoy en la música inperial escuchando2la canción más extraña de todos los tiempos por leafcutter john-sonidos como insectos siendo abusado y alguien fontanería, remezclado por hombres malvados en ácido!"
ham,"\Hey siento no haberte dado una corazonada más bella,""""""sólo he estado en la cama pero ácaro ir 2 thepub l8tr si uwana mt up?loads a luv Jenxxx.\"""""""""""""""""""""""""""""""""""""""""""""""""""""""""""""""""""""""""""""""""""""""""""""""""""""""""""""""""""""""""""""""""""""""""""""""""""""""""""""""""""""""""""""""""""""""""""""""""""""""""""""""""""""""""""""""""""""""""""""""""""""""""""""""""""""""""""""""""""""""""""""""""""""""""""""""""""""""""""""""""""""""""""""""""""""""""""""""""""""""""""""""""""""""""""""""""""""""""""""""""""""""""""""""""""""""""""""""""""""""""""""""""""""""""""""""""""""""""""""""""""""""""""""""""""""""""""""""""""""""""""""""""""""""""""""""""""""""""""""""""""""""""""""""""""""""""""""""""""""""""""""""""""""""""""""""""""""""""""""""""""""""""""""""""""""""""""""""""""""""""""""""""""""""""""""""""""""""""""""""""""""""""""""""""""""""""""""""""""""""""""""""""""""""""""""""""""""""""""""""""""""""""""""""""""""""""""""""""""""""""""""""""""""""""""""""""""""""""""""""""""""""""""""""""""""""""""""""
ham,Dile esas palabras exactas ahora mismo.
spam,¿Puede obtener U 2 teléfono AHORA? Quiero chat 2 set up met Llámeme AHORA en 09096102316 U puede correr aquí 2moro Luv JANE xx Calls1/minmoremobsEMSPOBox45PO139WA
ham,"Vamos a sermonear, adiós, adiós."
ham,"Lo siento chikku, mi celular tiene algunos problemas y no fui capaz de responder u o msg u .."
ham,Si todavía no has recogido la masa pls házmelo saber para que pueda ir al lugar que le envié para obtener el número de control
ham,De acuerdo...
spam,operador de red. El servicio es gratuito. Para la visita de T & C 80488.biz
ham,"Hazme saber cómo contactarte, te he instalado en una habitación, te he dicho que estás bien."
ham,¿Has subido 2 u raro?
ham,Puedo hacerlo...
ham,No pongas tu teléfono en modo silencioso ok
ham,¿Puedo encontrarme con Í_ en 5.. Como 4 donde depende de donde Í_ wan 2 en ..
ham,Esperando 4 mi programa de televisión 2 start lor ... U leh todavía ocupado haciendo nuestro informe?
ham,¿Es esta la primera vez que u usar este tipo de palabras
ham,¿Soy el único que no acecha perfiles?
ham,"Siempre cita verde alguna vez dicho por Jerry en dibujos animados \A persona que irrita u Siempre es el que ama u Vry Mucho pero falla para expresarlo ...!.!! :-) :-) gud nyt"""""
ham,"Sí, eso pensé."
ham,Pero si ella bebe estoy bien.
ham,"Sólo me preguntaba, los otros se fueron."
ham,"La noche ha terminado para otro día, la mañana ha llegado de una manera especial. Que sonría como los rayos soleados y deja sus preocupaciones en la bahía azul azul."
ham,"¿Qué haces, perro mío? ¿Debo esperar siempre hasta el final de tu día para tener noticias tuyas? ¿Ya te has quedado sin tiempo en tu celda?"
ham,¡Feliz año nuevo para ti también!
ham,"Hey...Gran trato...Excursión de 9am a 5pm $95/pax, depósito de $50 para el 16 de mayo"
ham,Comer jap hecho oso aft ur lect wat...
ham,"Hola nena, te vi en línea un segundo y luego desapareciste, ¿qué pasó?"
ham,Da mi fecha de nacimiento en el certificado está en abril pero la fecha real es hoy. Pero no lo publiques. Te daré un regalo especial si guardas el secreto.
ham,Feliz cumpleaños... que todos nuestros sueños se hagan realidad...
ham,Aiyah u hizo bien ya lar. E nydc en el bloqueo de ruedas?
ham,Dile que le dije que comiera mierda.
ham,"Estoy conduciendo, pero llegaré pronto a mi destino."
ham,¿Cuánto por la octava?
ham,Su texto diario de mí  un favor esta vez
ham,Me alegra oír que te estás acomodando bien. ¿Qué pasa con Ola?
ham,Esos chupavergas. Si te hace sentir mejor ipads son artículos de basura sin valor novedad y usted debe sentirse mal por incluso querer uno
ham,"Me puse a llegar a Liao, dijo camiseta."
ham,Si decidi 2 ir de la manera en que im completamente rompió un knackered me levanto por 3 C U 2MRW AMOR JANX P.S
ham,No puedo coger el teléfono ahora mismo. Pls enviar un mensaje
ham,Voy a hacer la cita ahora mismo.
ham,La designación es desarrolladora de software y puede ser que ella consiga chennai:)
spam,Disfruta del jamster videosound club de oro con tus créditos para 2 nuevos videosounds+2 logos+musicnews! consigue más diversión de jamster.co.uk! 16+only Help? llamada: 09701213186
spam,"Obtener 3 Lions Inglaterra tono, responder leonm 4 mono o leonp 4 poli. 4 más ir 2 www.ringtones.co.uk, el n original mejor. Tones 3GBP tarifas de operador de red aplican"
ham,Jokin oni lar..
ham,"¡Cuidado, no manejes mensajes de texto!"
ham,"Siempre estaré allí, aunque sea en espíritu, pronto conseguiré un bb, tratando de estar seguro de que lo necesito."
ham,"Si te vas, me haré pedazos."
ham,Me encanta tu 2 nena! Seguro que todo es alrita. ¿Está siendo un idiota? Txt bak girlie
ham,¿Cómo abt hacer algunas de las fotos más grandes?
ham,"Un color es bastante claro y el otro es más oscuro. En realidad, ya he terminado de peinarme."
ham,"Whenevr u s triste, Whenevr u s gris, Remembr im here 2 listen 2 watevr u quiere decir, Jus caminar me wid un poco,&"";"" Prometo que voy a traer de vuelta nuestra sonrisa.:-)"
ham,"De todos modos, dame un trato."
spam,"Ganar la más reciente Harry Potter y la Orden del Fénix (Libro 5) responder HARRY, responder 5 preguntas - oportunidad de ser el primero entre los lectores!"
ham,De acuerdo...
ham,Correcto. ¿Cómo estuvo el trabajo hoy?
ham,"¿Gritas y gimes en la cama, princesa?"
ham,"Ya me desperté hace mucho tiempo... no sé, ¿qué otra cosa?"
ham,"Oh, sólo me estoy vengando con u... u?"
ham,Yo thk 50 shd estar bien él dijo más menos 10. ¿I_ dejó una línea entre párrafos?
ham,¿Puede llamarme plz. Su número se muestra fuera de la zona de coveragd. Tengo urgnt llamada en vasai & tiene que llegar antes de 4'o reloj así que llámeme plz
ham,"Sí, Jay es una especie de maldito retardado."
ham,"Lo siento, estaba en el baño, Sup."
spam,Ur balance es ahora 500. Ur siguiente pregunta es: ¿Quién cantó 'Uptown Girl' en los años 80? 2 respuesta txt u RESPUESTA a 83600. Buena suerte!
ham,Mi examen es para el 4 de febrero.
ham,"No sé qué hacer para salir de esto, así que sólo estoy haciendo preguntas como esta no me confundan."
ham,"No hay prisa, le preguntaré a Jay."
ham,"Buenos días, plz. Llámame señor."
ham,Está bien Lar. ¿Dormiste temprano también... Nite...
ham,"Oh... icic... klor, den conocer otro día..."
ham,"Una media hora es mucho más larga en Siria que en Canadá, ¿eh? ¡Debes hacer mucho más trabajo en un día que nosotros con todo ese tiempo extra!"
ham,"A veces ponemos paredes alrededor de nuestros corazones, no sólo para estar seguros de salir lastimados.. Pero para averiguar a quién le importa lo suficiente para romper las paredes &"";"" acercarse.. GOODNOON:)"
ham,"Dulce, podemos o no ir a 4U para conocer a Carlos así que calcule el interés de Patty en eso."
ham,¿Entonces ella compra hoy? No hay necesidad de c meh...
ham,"Está bien, siento tomarme diez años para ducharme. ¿Cuál es el plan?"
ham,Todos los lunes .. nxt semana vl estar completando ..
ham,Puede que haya un buen hacha ahí.
ham,"Si pudieras dormir el dolor no es una emergencia quirúrgica, así que mira cómo se desarrolla."
ham,"Sí, trataré de buscar algo."
ham,Mi frens como decir que es el favorito de Corea pero sé que lo es.
ham,Estaban en algún lugar de Fredericksburg.
ham,Que pases un buen tiempo o algo así
ham,Xavier tiene un saco de dormir y me estoy cansando.
ham,No necesita ninguna prueba.
ham,"No mucho, chillin en casa. ¿Algún plan de Super Bowl?"
spam,"FREE2DAY sexy St George's Day pic of Jordan!Txt PIC to 89080 no te pierdas, luego cada wk un famoso saucy!4 fotos más c PocketBabe.co.uk 0870241182716 3/wk"
ham,Bugis oso cerca de Wat...
ham,"Yo no hay clase tmrw, ¿verdad?"
ham,Que Ur Heart Sea Ur Compass Ur Mind Ur Map Ur Soul Ur Guide y U nunca se soltará en el mundo....gnun - Enviado a través de WAY2SMS.COM
ham,"Buenas noches, duerme bien, por favor, cuídate, por favor."
ham,Baaaaabe! Echo de menos youuuuu! ¿Dónde estás? Tengo que ir a dar mi clase a las 5 ...
ham,Transmite mis saludos a él.
ham,Para convencerlo de que no es posible herir su sentimiento es la principal
ham,"Buenas tardes loverboy ! ¿Cómo te va el día ? ¿Alguna suerte viene su camino? Pienso en ti, cariño y enviar mi amor a través del mar para hacerte sonreír y feliz"
ham,Si empiezo a enviar antorcha de mora a nigeria ¿encontrarás comprador para mí?como 4 al mes. Y dile a papá que no compre bb de nadie oh.
ham,"<"";#> %of pple casar con sus amantes... becz tienen gud undrstndng dat evita problemas. he enviado dis 2 u, u wil obtener noticias gud el viernes por d persona que te gusta. Y mañana será el mejor día de su vida. No rompa esta cadena. Si se rompe va a sufrir. enviar esto a <#> frnds en <#>"" minutos que u leer..."
ham,Adivina quién fue arrestado el otro día.
ham,Shuhui dicen cambiar 2 barcos de vapor suntec? U noe dónde? ¿Dónde r u ahora?
ham,¿Qué hace el río del baile?
ham,"Yetunde, lo siento, pero Moji y yo parecemos demasiado ocupados para poder ir de compras. ¿Puedes por favor encontrar alguna otra manera de conseguir lo que querías que obtuviéramos. Por favor perdóname. Puedes responder gratis a través de Yahoo mensajero."
ham,"Oye, llegaré muy tarde, ¿quieres ir a la lección primero?"
spam,"FANTASÍAS EN VIVO DE HOT llame ahora 08707509020 Sólo 20p por min NTT Ltd, PO Box 1327 Croydon CR9 5WB 0870..k"
ham,Bbq esto se sentó en el mío de 6ish. Ur bienvenida 2 vienen
ham,"No lo sé, la misma cosa que está mal a menudo, comienza a entrar en pánico no bein lo suficientemente bueno"
ham,"Muy bien. ¡Estoy fuera, que tengas una buena noche!"
ham,¿Intentaste hacer otro trasero?
ham,Espero que te sientas bien.
ham,Pensé que podríamos salir y divertirnos así que bar en la ciudad o algo suena bien?
ham,"1) Ir a escribir msg 2) Poner en modo Diccionario 3) Cubrir la pantalla con la mano, 4) Presionar <"";#>"" . 5) Quitar suavemente la mano de Ur.. Es interesante..:)"
spam,"Osos Pic Nick, y Tom, Pete y ... Dick. De hecho, todos los tipos tratan de chat gay con la llamada de carga de fotos 08718730666 (10p/min). 2 mensajes de parada llamada 08712460324"
spam,"500 nuevos móviles de 2004, debe ir! Txt: NOKIA a No: 89545 y recoger el suyo hoy!Desde sólo 1 www.4-tc.biz 2optout 087187262701.50gbp/mtmsg18 TXTAUCTION"
ham,Por fin estamos listos.
ham,Tía huai juan nunca contesta su teléfono
spam,Doble Mins & Doble Txt & 1/2 precio Linerental en los últimos teléfonos Bluetooth naranja. Llame a MobileUpd8 para las últimas ofertas. 08000839402 o call2optout/LF56
ham,"Ya tel, wats nuestro problema.."
spam,No. 1 Nokia Tone 4 u mob cada semana! Sólo txt NOK a 87021. 1r Tone GRATIS ! así que obtener txtin ahora y decirle a sus amigos. 150p/tone. 16 responder HL 4info
ham,I dnt wnt to tlk wid u
ham,"Pasamos nuestros días esperando que el camino ideal aparezca delante de nosotros.. Pero lo que olvidamos es que los caminos son hechos caminando.. no esperando..\"" ¡Buenas noches!"""
ham,Está bien mi brazo se siente débil porque tengo una oportunidad así que podemos ir en otro momento
ham,Por favor reserve el billete el sábado por la noche de chennai a tirunelvali y de nuevo de tirunelvali a chennai el domingo por la noche... ya veo en net..no hay boleto disponible..quiero reservar el billete a través de tackle ..
ham,"Storming msg: wen u lift d phne, u say \HELLO\"""" Do u knw wt is d real signification of HELLO?? . . . . . . . . . . . . Y u knw who is dat girl?? \""Margaret Hola\"" Ella es d girlfrnd f Grahmbell que invnted telphone... . . . . Moral: Uno puede 4get d nombre de una persona "","" bt no su girlfrnd... G o o d n i g h h t. . . . . . . """""
ham,"Está bien, vine a preguntar algo y me dijo que habías estado dentro. ¿Estás cerca de cuando viene esta chica?"
ham,Todos los mejores 4 exámenes más tarde.
ham,Espero que la cabeza no duela mucho 2 ! Estoy arando mi camino a través de un montón de planchado ! Quedarse con un chinky esta noche venir por aquí si quieres.
ham,Oh k.i piensa que la mayoría de los jugadores de wi y nz no se venden.
ham,"Haha ... ¿Dónde consiguió tan rápido perder peso, thk muz ir 4 al mes guarida consiguió efecto ... Gee, más tarde vamos a aust poner bk e peso."
ham,"Me pregunto cómo se puso en línea, mi amor? ¿Has ido a la red de café? ¿Conseguiste su teléfono recargado? ¿Estabas en una red de amigos?"
ham,"Jaja sólo bromeaba, papá necesita drogas"
ham,"Sí, voy a ir a 4 clases..."
ham,Oh ok..
ham,¿Aún nos encontramos con 4 cenas esta noche?
ham,Soy un caballero y te trataré con dignidad y respeto.
ham,¿Empiezo por escuchar?
ham,Entonces esperaremos 4 u lor... no hace falta que se sienta mal lar...
ham,Recibí su mensaje detallado ahora.
ham,Ha registrado a Sinco como Payee. Inicie sesión en icibank.com e introduzca URN <#> para confirmar. Tenga cuidado con los fraudes. NO comparta ni revele URN a nadie.
ham,"No, decidí que sólo las personas que se preocupan por las cosas votan y se preocupan por las cosas es para perdedores"
ham,Kaiez... disfruta de tu matrícula... la segunda opción suena beta... voy a ir yan jiu den msg u...
ham,Ha registrado a Sinco como Payee. Inicie sesión en icibank.com e introduzca URN <#> para confirmar. Tenga cuidado con los fraudes. NO comparta ni revele URN a nadie.
ham,Genial. ¡Nos divertiremos practicando haciendo bebés!
ham,"En realidad, preparándose para salir de la casa."
ham,K..k..algún especial hoy?
spam,"URGENTE, INFORMACIÓN IMPORTANTE PARA EL USUARIO O2. ¡hoy es su día de suerte! 2 Averigüe por qué LOGRAR EN HTTP://WWW.URAWINNER.COM Hay una sorpresa fantástica que le espera"
ham,Entonces tenemos que hacerlo después de eso.
ham,"Tengo diez dólares, Jay está siendo no comital."
ham,¿Dónde estaban hambrientos también?
ham,Pls habla con ese cliente machan.
ham,en algún lugar por ahí debajo de la luz de la luna pálida alguien piensa en u algún lugar por ahí donde los sueños se hacen realidad... goodnite & dulces sueños
ham,"wen u bcums adorables enojado wid u, dnt tomarlo en serio.. coz estar enojado es d más infantil n verdadera manera de mostrar afecto profundo, cuidado n luv!.. kettoda manda... tener un buen día da."
spam,Estimado U've sido invitado a XCHAT. Este es nuestro último intento de contactar u! Txt CHAT a 86688 150p/MsgrcvdHG/Suite342/2Lands/Row/W1J6HL LDN 18 años
ham,"Entonces, ¿qué opinión tienes sobre él y cómo es el carácter?"
ham,Jay se está riendo y me dice que x está jodiendo totalmente los acordes mientras hablamos
ham,"No, pocas horas antes. Se cortó el pelo."
ham,No es de extrañar... porque he visto un coche plateado... pero he visto uno negro...
ham,"Lmao, toma una foto y mándamela."
ham,"\Habla sólo cuando sientas que tus palabras son mejores que el silencio...\"""" Gud mrng:-)"""""
ham,Actualmente está en Escocia por eso.
ham,¿Trabajas toda la semana?
spam,Felicitaciones o 500 de bonos de regalo de CD y entrada gratuita 2 nuestro 100 sorteo semanal txt MUSIC a 87066 TnCs www.Ldew.com 1 victoria150ppmx3age16
ham,Lol genial ahora estoy teniendo hambre.
ham,Sí .. ahora sólo vio su mensaje ..
ham,Estaré en mu como <#> segundos
ham,De acuerdo...
ham,¿Está Frank todavía con Boyf? ¡Tengo que entrevistar a 4 exeter BIT PREOCUPADO!x
ham,"Te diré algo, si haces una pequeña hoja de cálculo y un seguimiento de quién fue la idea de fumar para determinar quién \smokes demasiado\"" durante todo el mes de febrero "","" Voy a subir """""
spam,"En venta - arsenal de dardos. Buen estado, pero no dobles o triples!"
ham,No mires hacia atrás en el edificio porque no tienes abrigo y no quiero que te pongas más enfermo. ¡Sólo date prisa en casa y ponte un abrigo en el gimnasio!
ham,"Mi doloroso pensamiento personal siempre trato de mantener a todos felices todo el tiempo, pero nadie me reconoce cuando estoy solo."
ham,Gracias por mis queridos deseos.
ham,Diviértanse y véanse pronto.
ham,Le pedí a Sen que viniera a Chennai a buscar trabajo.
ham,Papá salió oredi...
ham,Espero que sea verdad que me he perdido porque realmente lo he echado de menos.
ham,O nos vamos a cenar cuatro veces.
ham,"Brazos bien, ¿cómo están Cardiff y la uni?"
ham,Creo que Addie vuelve a la escuela o se casa.
ham,"Brisa fresca... Sol brillante... Flor fresca... Pájaros en Twitter... Todos estos esperando desear u: \GOODMORNING &"";"" TENER UN DÍA BUENO\"" :)"""""
ham,Ya:) ir a un restaurante..
ham,"Está bien., acabo de preguntar ¿sabes que no?"
spam,Entrada gratuita de la primera semana 2 TEXTPOD 4 una oportunidad 2 ganar 40 GB iPod o 250 efectivo cada wk. Txt POD a 84128 Ts&Cs www.textpod.net custcare 08712405020.
ham,Esas chinchillas agachadas
ham,Estoy en una función matrimonial.
ham,Parece que vas a tener una ventaja saliendo de aquí cerca de las 2.30 pero si estás desesperado por mi compañía podría ir antes-nos íbamos a encontrar en rummer.
ham,¡Cualquier amigo mío y todo eso!
spam,Como un suscriptor optin registrado UR draw 4 100 vale regalo se introducirá en la recepción de un correcto ys a 80062 Whats No1 en las listas de la BBC
ham,Decir gracias2.
ham,Enséñame cuando venga Rajini.
ham,¿Cuándo van a tomar clases prácticas? Empiezo en junio.
ham,"Eso es bueno, porque necesito drogas."
ham,Estúpido. No es posible.
ham,¿Pueden todos decidir más rápido porque mi hermana se va a casa liao ..
spam,Los veranos por fin aquí! ¿Te apetece una charla o coquetear con solteros sexys en el área de yr? Para obtener MATCHED para arriba sólo tienes que responder VERANO ahora. Gratis 2 Únete. OptOut txt STOP Help08714742804
ham,U durmiendo ahora.. o vas a tomar? jaja.. tengo espías wat.. yo en línea comprobando n contestar correos lor..
spam,CLAIRE aquí soy havin borin tiempo y estoy ahora solo U quiere correr sobre 2nite? Chat ahora 09099725823 esperanza 2 C U Luv CLAIRE xx Calls1/minmoremobsEMSPOBox45PO139WA
ham,"Luchar con el mundo es fácil, o bien ganar o perder bt lucha con algunos1 que está cerca de u es difícil si pierdes - pierdes si ganas - todavía pierdes."
spam,"Compró un tono de llamada y ahora conseguir textos que cuestan 3 libras ofreciendo más tonos, etc"
ham,"Yalru lyfu astne chikku.. Bt innu mundhe lyf ali halla ke bilo (matrimonio)programa edhae, así que lyf es nt ovr chikku..ali vargu lyfu miow miow:-D"
ham,Más o menos. ¡El primero llega a las doce! Habla Tomo.
spam,09066362231 URGENTE! Su móvil No 07xxxxxxxxx ganó un premio de bonificación de 2.000 dólares el 02/06/03! este es el segundo intento de llegar a TI! llame al 09066362231 lo antes posible!
ham,"Bien, entonces vendré más tarde a buscar a Í_... C afortunadamente le dije a Í_ que fuera más temprano..."
ham,Por suerte mi padre en casa le pido que venga a buscarme.
spam,"YOU 07801543489 están garantizados las últimas Nokia Phone, un reproductor de iPod MP3 de 40 GB o un premio 500! Txt word:COLECT to No:83355! TC-LLC NY-USA 150p/Mt msgrcvd18+"
ham,Su cuenta ha sido recargada con éxito por INR <DECIMAL> . Su saldo de cuenta prepago de KeralaCircle es Rs <DECIMAL> . Su ID de transacción es KR <#> .
ham,No te tocaré con tu permiso.
spam,Hola su LUCY Hubby en meetins todo el día Fri & I B solo en el hotel U comino de lujo más? Pls dejar msg 2día 09099726395 Lucy x Calls1/minMobsmoreLKPOBOX177HP51FL
ham,"7 maravillas en mi mundo 7th Usted 6th Ur estilo 5th Ur sonrisa 4th Ur Personalidad 3rd Ur Naturaleza 2nd Ur SMS y 1st \Ur Lovely Friendship\""""... buenos días querida"""""
ham,Tome algunos comprimidos de dosis pequeñas para la fiebre
ham,Debes haber llevado tu VERDADERO Valentine de compras primero.
ham,"Acabo de enviarle un correo electrónico  a una dirección con incomm en él, ¿es eso correcto?"
ham,¿Vas a estar en casa de Blake toda la noche?
ham,"La amistad no es un juego para jugar, No es una palabra para decir, No comienza en marzo y termina en mayo, Es mañana, ayer, hoy y e"
ham,"No voy a pagar tu boleto, ¿sabes?"
ham,Estoy viendo a Lotr w mi hermana en popa. ¿Así que quieres reunirte conmigo 4 cenas en Nite A Not?
ham,¿Por qué me mantienes lejos así?
ham,"Creo que es mucho más que eso, pero averígualo."
ham,"Mi viaje estaba bien, pero bastante cansado lor. Uni comienza hoy, pero está bien 4 me porque no estoy tomando ningún módulo, pero sólo se concentra en mi proyecto final de año."
ham,¿Siempre has estado diciendo welp?
ham,"Soy un hombre, la cejas es obligatoria."
ham,De acuerdo...
ham,La pureza de la amistad entre dos no se trata de sonreír después de leer el mensaje enviado..Se trata de sonreír sólo por ver el nombre. Gud evng musthu
ham,"Lo siento, llamaré más tarde."
ham,"(Debería añadir que realmente no me importa y si no puedes al menos puedo conseguir que este tipo se vaya a la mierda pero oye, tu dinero si lo quieres)"
ham,"Hola amante! ¿Cómo va ese nuevo trabajo? ¿Estás ahí ahora? ¿Estás feliz? ¿Piensas en mí? Me despierto, mi esclavo y te envío un beso de broma desde el otro lado del mar"
ham,Le dije tu número a Gautham ..
ham,Diles que no hay necesidad de investigar sobre mí en ningún lado.
ham,"Ok, yo sólo recibir .."
ham,"No puedo creer que te dije tantas cosas esta mañana cuando todo lo que realmente quería decir era buenos días, te amo! Tener una hermosa mañana. Nos vemos en la biblioteca más tarde."
spam,"Su cuenta ha sido acreditada con 500 Mensajes de texto GRATIS. Para activar, simplemente txt la palabra: CREDIT to No: 80488 T&Cs www.80488.biz"
ham,"Al final podría vomitar, pero está bien, no todo saldrá a la luz."
ham,¿Cómo estás con dinero... como en ti... dinero en una cosa... ¿cómo estás Sha?
ham,Tiene todo que ver con el clima. Mantener el calor extra. Es un frío pero nada grave. Porciones de vitamina c
ham,Hola chicas. ¿Alguien va al centro de conducción?
ham,Siempre estoy en Yahoo Messenger ahora solo envíame el mensaje y lo conseguiré es posible que tengas que enviarlo en el modo móvil sha pero lo conseguiré y responderé.
ham,Debería estar listo para <TIME>
ham,"Time n Sonreir r las dos cosas cruciales en nuestra vida. A veces el tiempo nos hace olvidar la sonrisa, y a veces la sonrisa de alguien nos hace olvidar el mediodía."
spam,"SMS. ac JSco: La energía es alta, pero puede no saber dónde 2canal. 2 días ur habilidades de liderazgo r fuerte. Psíquico? Responder ANS w/pregunta. Fin? Responder END JSCO"
ham,IDPS basado en host para sistemas Linux.
spam,"FANTASÍAS EN VIVO DE HOT llame ahora 08707509020 Sólo 20p por min NTT Ltd, PO Box 1327 Croydon CR9 5WB 0870 es una llamada de tarifa nacional"
ham,Don no da:)¿Qué planeas?
ham,Estaré allí en <#> ok.
ham,"Dios mío, casi estoy en casa."
ham,Convertidor de vídeo total gratis descarga este tipo en google búsqueda:)
spam,Gracias por el Voto. Ahora canta junto con las estrellas con Karaoke en tu móvil. Para un enlace GRATIS sólo tienes que responder con SING ahora.
ham,"wen u bcums adorables enojado wid u, dnt tomarlo en serio.. coz estar enojado es d más infantil n verdadera manera de mostrar afecto profundo, cuidado n luv!.. kettoda manda... tener un buen día da."
ham,Suena como algo que alguien que me pone a prueba diría
ham,"Cuando amas a alguien no hagas que te amen tanto como tú, pero ámalos tanto que no quieren ser amados por nadie excepto tú..."
ham,Es Jenny de la universidad y Leanne. ¿Qué estás haciendo ahora?
ham,"Lo siento, sólo para comprobar que no te importa recogerme a Tomo a las ocho y media de la estación. ¿Estaría bien?"
ham,"Hey dulce, me preguntaba cuando usted tenía un momento si usted puede venir a mí? Quiero enviar un archivo a alguien, pero no va a ir yahoo para ellos porque su conexión apesta, recordar cuando usted establece esa página para mí ir a y descargar el disco de formato ? ¿Podría decirme cómo hacer eso ? ¿O usted sabe alguna otra manera de descargar archivos grandes ? Porque pueden descargar cosas directamente desde Internet. Cualquier ayuda sería genial, mi presa ... *beso de teasing*"
ham,¡Cómo es que el campeón acaba de salir de Glasgow!
ham,K:)todo lo mejor:)felicidades...
ham,Me pregunto si recibirás este mensaje.
ham,Tengo que volver a casa y darte un poco de buen amor...
spam,Nuestro nuevo servicio de música móvil está ahora en vivo. El reproductor de música gratuito llegará en breve. Sólo tiene que instalar en su teléfono para navegar por el contenido de los mejores artistas.
ham,¿Puedo preguntar una cosa si no me confundes?
ham,"Comprobar el espeleología corect wid, es decir, el sarcasmo"
spam,URGENTE! Su móvil No fue galardonado con un premio de bonificación de 2.000 dólares el 01/08/03! Este es nuestro segundo intento de ponerse en contacto con usted! Llame 0871-4719-523 BOX95QU BT tarifa nacional
ham,¿Estás enojado conmigo?
ham,Ya tengo 2 pistas en el foro porque le dije a Ron y Darren que iba a decir shuhui.
ham,Sí ok thanx...
ham,"Hola, ¿cómo estás?"
ham,Pls pls averiguar de tía Nike.
ham,"Wow ... Te amo mucho, sabes? Apenas puedo soportarlo ! Me pregunto cómo va tu día y si estás bien, mi amor ... Pienso en ti y te echo de menos"
ham,Ningún grito significa gritar ..
ham,"Oye, ¿qué pasa? ¿Estás bien?"
ham,Debería haber recogido un recibo o algo antes.
ham,¿Creo que Chennai está bien establecido?
ham,¡No quise enviarte eso!
ham,Desafortunadamente acabo de descubrir que tenemos que recoger a mi hermana del aeropuerto esa noche así que no creas que voy a salir en absoluto.
ham,Horrible bf... ahora tengo hambre...
ham,Recuerda ese día ..
spam,Usted ha ganado un Nokia 7250i. Esto es lo que obtiene cuando usted gana nuestra subasta GRATIS. Para participar envíe Nokia a 86021 ahora. HG/Suite342/2Lands Row/W1JHL 16+
ham,¿Cómo se siente? Sr. Su no mi verdadero San Valentín sólo mi yo San Valentín incluso usted apenas jugar!!
ham,Todo suena bien. Dedos. Hace que sea difícil de teclear
ham,Medianoche lo antes posible
ham,¿No estás seguro de que no estoy tratando de hacer fumar xavier porque no quiero fumar después de que me digan que fumo demasiado?
ham,K ven a Nordstrom cuando termines
ham,Do u konw waht is rael Friendship Im gving yuo an exmpel: Jsut ese tihs msg.. Evrey splleing of tihs msg is wrnog.. Bt sitll yuo puede raed it wihtuot ayn mitsake.. Goodnight & TENER UN BUEN SUEÑO..
ham,Ahora conferencia de prensa da:)
spam,"Hola de Orange. Por 1 mes de libre acceso a juegos, noticias y deportes, además de 10 textos gratuitos y 20 mensajes fotográficos, responder SÍ. Términos aplicables: www.orange.co.uk/ow"
ham,Después de completar el grado. No hay ningún uso en la unión de las finanzas.
ham,"Buenas tardes, mi amor! ¿Algunas perspectivas de trabajo? ¿Me extrañas? ¿Qué haces? ¿Estás siendo perezoso y sombrío, hmmm? ¿O feliz y lleno de mi amor?"
ham,"No te molestes más, Jia."
ham,Bishan lar más cerca... no hay necesidad de comprar tan temprano porque si comprar ahora tengo que aparcar mi coche...
ham,"Yo, no lo sé otra vez oh"
ham,Se hizo viejo y Raiden se volvió loco.
ham,Dice hola y para llevar tu culo de vuelta al sur de Tampa (preferiblemente en un kégger)
ham,En e msg jus ahora. U dijo gracias por el regalo.
ham,Tú también...
ham,"Vale, ¿cómo has llamado a Chechi?"
ham,"Sí, hacemos todo. ¿Cuándo quieres?"
ham,"Ok, encontré a Dis Pierre Cardin uno que parece normal cuesta 20 su a la venta."
ham,El buen sueño es sobre el ritmo. La persona tiene que establecer un ritmo que el cuerpo aprenderá y utilizará. Si quieres saber más :-)
ham,¿Qué estás haciendo?
ham,Mensaje de . Estoy en el Hospital Truro en Ext. Puedes llamarme aquí. ya que tengo un teléfono a mi lado
ham,"Una sola línea con un gran significado::::: \Miss anything 4 ur \""""Best Life\"" pero "","" no te pierdas tu mejor vida para nada... Gud nyt..."""""
ham,"Acabo de conseguir algo de dinero de gasolina, ¿hay alguna posibilidad de que tú y la banda quieran ir a una gran aventura natural?"
ham,No te preocupes... usa trozos de hielo en un pack de tela.también toma 2 tabletas.
ham,El tipo acaba de ver un coche estacionado con su techo solar apareció.
ham,Prepárate para poner en su excelente subcara :)
ham,Tmrw. Estoy terminando 9 puertas
ham,"El <"";#> g que vi hace unos días, el tipo quiere vender wifi sólo para <#> y con 3g para <#>"" . Es por eso que lo dejé en blanco."
ham,Llegaré tarde.
ham,"Lo que sea, estoy bastante cabreado."
ham,Hoy es ACEPT DAY..U Aceptarme como? Hermano Amante Hermana Dear1 Best1 Clos1 Lvblefrnd Jstfrnd Cutefrnd Lifpartnr Belovd Swtheart Bstfrnd No rply significa enemigo
ham,No tengo tanta imagen en clase.
ham,No:-) Tengo el rumor de que vas a comprar apartamento en Chennai:-)
ham,Cerca de Kalainar tv office.thenampet
spam,El saldo de caja de Ur es actualmente 500 libras - para maximizar nuestro efectivo de entrada ahora enviar GO a 86688 sólo 150p/msg. CC 08718720201 HG/Suite342/2Lands Row/W1J6HL
spam,AUCTION SMS - ¡Un nuevo Nokia 7250 ha subido 4 subasta hoy! ¡Subasta es GRATIS 2 únete y participa! ¡Txt NOKIA a 86021 ahora! HG/Suite342/2Lands Row/W1J6HL
ham,Mi hermana está recibiendo e show en e tarde así que no estoy viendo w ella. así que c u wan 2 ver hoy o tmr lor.
ham,Suena tan rápido como un liao.
ham,"No, para ser entrometido, supongo. ¿Ya no reacciono si estoy asustado?"
ham,"Recuerden a todos aquellos a quienes lastimé durante días de impostor satánico en mí.necesitan pagar un precio, así sea.que el destino me mantenga en marcha y como usted dijo ore para que consiga que la mente supere lo mismo."
ham,¿Cómo hacer feliz a una chica? No es en absoluto difícil hacer feliz a las niñas. U sólo tiene que ser... 1. Un amigo 2. Compañera 3. Amante 4. Chef . . <#> . Buena oyente <#> . Organizador <#> . Buen novio <#> . Muy limpio <#> . Sympathetic <#> . Athletic <#> . Warm . . . <#> . Intelligent <#> . Determined <#> True <#> . Pest exterminator <#> Psytiar&t &t &t &t; Driver; &t; &t; Adquir; < &t.
ham,Apuesto a que los hermanos te persiguen.
ham,"Voy a reservar Chez Jules para las ocho y media, si te parece bien."
ham,Hhahhahahahah rofl wtf nig era leonardo en su habitación o algo así
ham,"Sí, en la casa de Derek ahora, nos vemos el domingo <"";""3"
ham,"Está bien, hágamelo saber antes de que comience alrededor de <"";#>"" , estaré fuera y sobre todo todo el día"
ham,"Lo siento, llamaré más tarde."
ham,"Me preguntaba si estaría bien para ti llamar al tío John y hacerle saber que las cosas no son lo mismo en nigeria que aquí. Que <#> dólares es de 2 años enviado y que usted sabe que es una tensión, pero planeo devolver cada centavo que da. Cada centavo para que yo esperar cualquier cosa de ti no es práctico. Algo así."
ham,No hay otros cargos después de los cargos de transferencia y usted puede retirar de cualquier manera que desee
ham,"No busques el amor, deja que el amor encuentre U. Por eso se llama enamorarse, bcoz U no te obligues, U simplemente cae y U sabes que hay smeone para sostener U... BSLVYL"
ham,"A las cuatro, vayamos a Bill Millers."
ham,"Te amo, prendes fuego a mi alma, no es sólo una chispa, sino una llama, una gran llama."
ham,"Alguien es seguramente hecho 4 u. Y Dios ha decidido un momento perfecto para hacer que usted conozca a la persona. . . . hasta la guarida, . . . . Disfrutar de sus aplastamientos..!!!"";""-)"
ham,Ese es mi traje de luna de miel. :)
ham,¿Ayudará si nos proponemos volver mañana?
spam,PRIVATE! Su cuenta de 2003 para shows 800 puntos S. I. M. no redimidos. Llame al 08719899230 Código de identificación: 41685 Expira 07/11/04
ham,Nunca culpes a un día en tu vida. Los buenos días te dan felicidad. Los malos días te dan experiencia. Ambos son esenciales en la vida! Todos son bendiciones de Dios! buenos días.:
ham,Pls confirmar el tiempo para recoger el cheque.
spam,Como un Suscriptor Registrado yr sorteo 4 a 100 vale de regalo b se introducirá en la recepción de una correcta ans. ¿Cuándo son los próximos olimpiadas. Txt yns a 80062
spam,URGENTE! Su número de móvil ha sido galardonado con un premio 2000 GARANTIZADO. Llame a 09061790121 de la línea de tierra. Reclamación 3030. Válido 12hrs sólo 150ppm
ham,Papá te cuidará bien :)
ham,"Sí, probablemente, todavía tengo que ir a ver con Leo."
ham,K.then cualquier otro especial?
ham,"Carlos se está tomando su dulce tiempo como de costumbre, así que avísame cuando tú y Patty estéis hechos/queréis fumar y le diré que cargue el culo."
ham,Ok pa. No hay problema:-)
ham,¿Has oído hablar de ese trabajo? Voy a ir a esa charla de vida silvestre de nuevo esta noche si quieres venir. ¿Es que 2worzels y un wizzle o lo que sea que es?!
ham,"Dios recogió una flor y se sumergió en DEW, amorosamente la tocó que se convirtió en u, y el que me regaló y me dijo, SU AMIGO ES 4 U"
ham,Cuando viniste al albergue.
ham,"Ok, no hay problema... vendré después del almuerzo entonces..."
ham,Sólo diciendo u dat yo b dejando 4 shanghai el 21 en lugar de lo que vamos a tener más tiempo 2 se reúnen cya ...
ham,¿Ya estás en casa? ¿Te acordarás de besar a tu mamá por la mañana? ¿Me amas? ¿Piensas en mí? ¿Ya me extrañas?
ham,¿Están listos para el gran día de mañana?
ham,Probablemente estaré cerca de Mu mucho.
ham,645
spam,RT-KIng Pro Video Club>> ¿Necesitas ayuda? info@ringtoneking.co.uk o llama al 08701237397 ¡Debes tener 16+ créditos del Club canjeables en www.ringtoneking.co.uk! ¡Disfruta!
ham,Thnx. ¿Están fuera 2nite?
ham,"Mientras tanto, ¿cómo está mi querido Anjie?"
ham,Tenía mi comida desde afuera.
ham,"K, tiene sentido, BTW Carlos está siendo difícil así que ustedes van a fumar mientras voy a recoger el segundo lote y conseguir gasolina"
ham,¿Se ha descargado la aplicación fring?
ham,El chico de 2 oz está siendo un poco escalofriante pero un amigo está interesado en recoger $ <#> vale la pena esta noche si es posible
ham,Amigos con los que puedes quedarte en fb chatear
ham,"¡A la mierda nena, te echo mucho de menos!! Ojalá estuvieras aquí para dormir conmigo... Mi cama está tan sola... Me voy ahora, a dormir... Soñar contigo, mi amor..."
ham,"Vivir es muy simple.. Amar es también simple.. Riendo es demasiado simple.. Ganar es tooo simple.. Pero, ser ""SÍMPLE"" es muy difícil.. Gud nte.:-"
spam,U tiene un admirador secreto que está buscando 2 hacer contacto con U-encuentre a quién R*revela que piensa UR tan especial-llamada en 09058094599
ham,"Ah, bueno, eso confunde las cosas, ¿no es así?"
spam,500 msgs de texto gratis. Sólo texto ok a 80488 y vamos a acreditar su cuenta
ham,Hola querida llámame su urgant. No sé cuál es tu problema. No quieres trabajar o si tienes algún otro problema al menos dime. Wating para tu respuesta.
ham,"Querido, ¿estás bien?"
spam,"Usted ha sido seleccionado para permanecer en 1 de 250 mejores hoteles británicos - POR NADA! Holiday Worth 350! Para reclamar, llame a Londres 02072069400. Bx 526, SW73SS"
ham,"Sí, princesa, quiero hacerte feliz."
ham,Suena como si tuvieras muchos talentos. ¿Te gustaría ir a una cita para cenar la semana que viene?
ham,"Voy a filmar 2 días a las 6pm. Lo siento, papá."
ham,"Xy quiere 2 tiendas, así que voy de compras con ella ahora."
ham,Hola mi pequeño animal de fiesta! Sólo pensé que te zumbaría como estabas con tus amigos ...*grins*... Recordando que te amaban y enviar un beso de adoración travieso
ham,Ayer es sólo conmigo. Ahora me voy a casa.
spam,"Erie Nokia tones 4u, rply TONE TITLE to 8007 eg TONE DRACULA to 8007 Títulos: GHOST, ADDAMSFA, MUNSTERS, EXORCIST, TWILIGHT www.getzed.co.uk POBox36504W45WQ 150p"
ham,"Tú has entrado en mi vida y me has traído el sol... hinny sobre mí, calentándome el corazón. Poniéndome una sonrisa constante en mi cara... haciéndome sentir amado y cuidado."
ham,"No me jodas, pero no me sorprendió, así que pasé la noche con ese francés que conocí en la ciudad y nos engañamos un poco, pero no dejé que me cogiera."
spam,"0A$NETWORKS permiten a las empresas facturar por SMS, por lo que son responsables de sus \supliers\"""""", así como una tienda tiene que dar una garantía sobre lo que venden. B. G."""""
ham,Gran comedia..cant dejar de reír da:)
spam,FreeMsg:Feelin en cierto modo sólo espero que como 2 me haga compañía! Jst consiguió un cam moby quiere c mi foto?Txt o responder FECHA a 82242 Msg150p 2rcv Hlp 08712317606 parada a 82242
ham,"Muy bien, estamos listos aquí, mándale un mensaje al hombre."
ham,"Hola, ¿dónde estás?"
ham,Dormir no se siente bien
ham,¡¡¡¡¡¡¡¡¡¡¡¡¡¡¡¡¡¡¡¡¡¡¡¡¡¡¡¡¡¡¡¡¡¡¡¡¡¡¡¡¡¡¡¡¡¡¡¡¡¡¡¡¡¡¡¡¡¡¡¡¡¡¡¡¡¡¡¡¡¡¡¡¡¡¡¡¡¡¡¡¡¡¡¡¡¡¡!¡¡¡¡¡¡¡¡¡¡¡¡¡¡¡¡¡¡¡¡¡¡¡¡¡¡¡¡¡¡¡¡¡¡¡¡¡¡¡¡¡¡¡¡¡¡¡¡¡¡¡¡¡¡¡¡¡¡¡¡¡¡¡¡¡¡¡¡¡¡¡¡¡¡¡¡¡¡¡¡¡¡¡¡¡¡¡¡¡¡¡¡¡¡¡¡¡¡¡¡¡¡¡¡¡¡¡¡¡¡¡¡¡¡¡¡¡¡¡¡¡¡¡¡¡¡¡¡¡¡¡¡¡¡¡¡¡¡¡¡¡¡¡¡¡¡¡¡¡¡¡¡¡¡¡¡¡¡¡¡¡¡¡¡¡¡¡¡¡¡¡¡¡¡¡¡¡¡¡¡¡ ¡ ¡ ¡ ¡ ¡ ¡ ¡ ¡ ¡ ¡ ¡ ¡ ¡ ¡ ¡ ¡ ¡ ¡ ¡ ¡ ¡ ¡ ¡ ¡ ¡ ¡ ¡ ¡ ¡ ¡ ¡ ¡ ¡ ¡ ¡ ¡ ¡ ¡ ¡ ¡ ¡ ¡ ¡ ¡ ¡ ¡ ¡ ¡ ¡ ¡ ¡ ¡ ¡ ¡ ¡ ¡ ¡ ¡ ¡ ¡ ¡ ¡ ¡ ¡ ¡ ¡ ¡ ¡ ¡ ¡ ¡ ¡ ¡ ¡ ¡ ¡ ¡ ¡ ¡ ¡ ¡ ¡ ¡ ¡ ¡ ¡ ¡ ¡ ¡ ¡ ¡ ¡ ¡ ¡ ¡ ¡ ¡ ¡ ¡ ¡ ¡ ¡ ¡ ¡ ¡ ¡ ¡ ¡ ¡ ¡ ¡ ¡ ¡ ¡ ¡ ¡ ¡ ¡ ¡ ¡
ham,India tiene que tomar el liderazgo:)
ham,I.ll publicar su l8r en la clase
ham,El hermano Wright hizo volar..
ham,"Noche * v bueno si algo cargado de evento. Te llenará, no te preocupes _ Cabeza * ok pero garganta * destrozada. Nos vemos a las seis entonces!"
ham,Si te ríes muy fuerte.. Si hablas espontáneamente.. Si no te importa lo que otros sientan.. U están probablemente con sus queridos & mejores amigos..
ham,Es un laptop llevarlo con usted.
ham,No tengo ningún archivo tuyo en mi bolso. Estaba trabajando cuando me llamaste. Te diré si encuentro algo en mi habitación.
ham,"Yo quiero, pero demasiado temprano lei... yo fuera ahora wun b casa tan temprano... mente de Neva entonces..."
spam,"Para nuestra oportunidad de ganar un 250 efectivo cada wk TXT: ACTION a 80608. T's&C's www.movietrivia.tv custcare 0871245022, 1x150p/wk"
ham,Yo estaba en Bugis Juz ahora wat... Pero ahora estoy caminando a casa oredi... Tan tarde entonces responder... Oso vi un top dat que me gusta pero din buy... ¿Dónde r Í_ ahora?
ham,"Deseando que usted y su familia Merry \X\"""" mas y Feliz Año Nuevo con antelación.."""
ham,A las 7 vamos a ir ok na.
ham,"Sí, he publicado un par de fotos en fb. Todavía hay nieve fuera también. Sólo estoy despertando :)"
ham,S:-) si tenemos una buena asociación en marcha tomaremos el liderazgo:)
spam,RGENTE! Este es el segundo intento de contactar U!U han WON 1250 LLAMADO 09071512433 b4 050703 T&CsBCM4235WC1N3XX. callcost 150ppm mobilesvary. max7. 50
ham,"Sí, ¿dónde está tu clase?"
ham,No sólo enviar a usted. Le ruego que en el templo na.
ham,"No vas a volver a casa entre clases, ¿verdad?"
spam,Hola si tu lookin 4 saucy diur día diversión wiv tetona casada mujer Estoy libre toda la próxima semana Chatear ahora 2 sort time 09099726429 JANINExx Calls1/minMobsmoreLKPOBOX177HP51FL
ham,S pero sobre todo no así.
ham,# V ma fan... #
ham,No sé porque era tarde cuando los alcanzo dentro... pero comimos espaguetis lor... son las chicas que se ríen de mí lor...
ham,Adivina quién pasó toda la noche entrando y saliendo de la cuarta dimensión
ham,Así que ahora mi padre va a llamar después de que salga del trabajo y haga todas estas preguntas locas.
ham,"Sí, pero dijeron que era IT."
ham,"Muy doloroso n líneas significativas nunca: \I comprometido todo por mi amor,""""Pero al final mi amor me comprometió por todo:-(\"""""""""". Gud mornin:-)"""""""""""""""""
ham,Lmao!nice 1
ham,Me alegra ver su respuesta.
spam,URGENTE! Estamos tratando de contactar con U. Sorteo de hoy muestra que usted ha ganado un premio 800 GARANTIZADO. Llame a 09050001295 desde la línea de tierra. Reclamación A21. Válido sólo 12 horas
spam,Contraseña mensual para wap. mobsi.com es 391784. Utilice su teléfono wap no PC.
ham,"No lo sé, pero je sigue siendo buff."
ham,"Palabras dolorosas- \Pensé que ser feliz era la cosa más dura de la Tierra... pero,""""el más duro es actuar feliz con todo el dolor tácito dentro..\"""""""""""""""""""""""""""""""""""""
ham,"Sí, ¡está bien! Es 6 para entrar, ¿está bien?"
ham,"Lol, ¿dónde se te ocurren estas ideas?"
ham,"Tanta gente parece ser especial a primera vista, Pero sólo muy pocos permanecerán especiales para usted hasta su última vista.. Mantenerlos hasta que la vida termine.. Sh!jas"
ham,"Hoy es \song día dedicado..\"""" ¿Qué canción vas a dedicar para mí? Envíe esto a todos sus valiosos frnds, pero primero rply me..."""""
ham,De acuerdo... esperamos ah
ham,¿Y lei?
ham,"Lo más probable es estar en la cama, pero siento mucho lo de esta noche."
ham,Ya estoy en cuclillas es la nueva manera de caminar
ham,¿Quieres en negrita 2 o bb antorcha
ham,Los calambres se detuvieron y volvieron a dormir.
spam,los números de vodafone de hoy que terminan con 0089 (mis últimos cuatro dígitos) son seleccionados para recibir un premio 350. Si su número coincide por favor llame al 09063442151 para reclamar su premio 350
spam,Free Top ringtone -sub a ringtone semanal-get 1a semana gratis-enviar SUBPOLY a 81618-?3 por semana-parada sms-087187277870
ham,Nan sonathaya soladha. ¿Por qué jefe?
ham,Traiga tat cd no olvide
spam,Sunshine Quiz Wkly Q! Ganar un reproductor de DVD de Sony superior si usted sabe en qué país está el Algarve? Txt Ansr a 82277. 1.50 SP:Tyrone
ham,"No lo sé, pero estoy violando tipos en el poker."
ham,"No más chicas amigas, haz mucho dinero en ebay o algo así, y da gracias a Dios."
ham,¿Gr8 iba a ver ese mensaje? Así que cuando r u salir? Felicidades querida. ¿Qué escuela y wat r ur planes.
ham,"Comer en más tarde, pero yo estoy comiendo en mi frens ahora lei... ¿Ir a casa primero?"
ham,Yar siguen diciendo que soy mushy... me avergüenzo tanto ok...
ham,"Lo siento hombre, mi alijo se secó anoche y no puedo recoger más hasta el domingo"
ham,"Hai Priya, tienes razón, lo que el doctor dijo papá, ¿dónde estás?"
spam,"Msg gratis. Lo sentimos, un servicio que pidió a partir de 81303 no se pudo entregar ya que no tiene suficiente crédito. Rellénelo para recibir el servicio."
ham,De acuerdo...
ham,"Por favor, pídele a mamá que llame a papá."
ham,Puede venir a mi habitación pero no puede venir a mi casa porque mi casa sigue desordenada...
ham,¡He perdido 10 kilos a partir de hoy!
ham,Sólo probar el curry de pescado :-P
ham,¿Qué puedo hacer? Puede que el accidante haya tomado lugar entre algún lugar ghodbandar rd. El tráfico se mueve de maravilla. Así que plz slip & no te preocupes.
ham,Yun ah.now Ì_ wkg where?btw if Ì_ go nus sc.  wana se especializa en wad?
ham,"¡Sí, soy un hombre de una sola mujer! Por favor, dime tus gustos y disgustos en la cama..."
ham,"Estaba haciendo mi prueba antes, te agradezco, te llamaré mañana."
ham,"¿Cómo está mi amante? ¿Qué hace que le impida venir a su reina, hmmm? ¿No le duele hablar conmigo?"
ham,Te presento a otro Fren Dunwan que me conoce ah... muz b un chico rito...
ham,"(Sin promesas de cuando sin embargo, ni siquiera han conseguido la cena todavía)"
ham,Te cubro la espalda. ¿No te gusta la cama?
ham,O resulta que tenía amor estéreo en mi teléfono bajo el álbum desconocido.
spam,Hard LIVE 121 chat tan solo 60p/min. Elige a tu chica y conecta LIVE. ¡Llámanos ahora! Chat barato El mayor servicio en vivo del Reino Unido. VU BCM1896WC1N3XX
ham,"Sí, no veo por qué no."
ham,"Preguntándoles si los conoces o no, ¿pueden ser tus amigos o compañeros de clase?"
ham,"Lo siento por lo de antes. Apagar incendios. ¿Estás por aquí para hablar después de las 9? ¿O realmente tienes una vida, lol!"
spam,¡WOW! Los chicos de vuelta. Tome ese 2007 UK Tour. Ganar entradas VIP y pre-book con VIP Club. Txt CLUB a 81303. Trackmarque Ltd info@vipclub4u.
ham,"Como en el misionario enganche, perrito enganche, de pie..."
ham,Entonces será mejor que te vayas a dormir.. Dun molestar u liao.. U despertar entonces msg me lor..
ham,"Luchar con el mundo es fácil, o bien ganar o perder bt lucha con algunos1 que está cerca de u es difícil si pierdes - pierdes si ganas - todavía pierdes."
ham,Estoy mirando la casa  muy entretenido  estoy consiguiendo todo el hugh laurie cosa  incluso con el palo  de hecho especialmente con el palo.
ham,Pensé que te referías a otro.
ham,"Hola Jon, Pete aquí, Ive bin 2 España recientemente & hav sum dinero izquierda, Bill dijo u or ur rents mayb interesado en él, tengo 12.000 pesos, por lo que alrededor de 48, tb, James."
ham,Hay negrita 2 <#> . Es tuyo
ham,Usted sabe que hay. Voy a hablar con usted en <#> minutos entonces
ham,"\ALRITE HUNNY!WOT U up 2 2NITE? FIN IR GON down town Jus Da Pub en lugar de! JUS CHILLIN DA MO EN ME BEDROOM!Love Jen XXX.\"""""""
ham,Fui al centro del proyecto.
ham,Según su petición 'Maangalyam (Alaipayuthe)' se ha establecido como su callertune para todos los que llaman. Pulse *9 para copiar a sus amigos Callertune
ham,Lol sí en este punto supongo que no
ham,Haciendo proyecto w frens lor.
ham,"Bueno, la calidad es mala, así que me quejo."
ham,"K, ¿eso puede pasar esta noche?"
spam,"Hola, este es Mandy Sullivan llamando de HOTMIX FM... usted es elegido para recibir 5000.00 en nuestro sorteo del Premio de Pascua.....Por favor llame al 09041940223 para reclamar antes del 29/03/05 o su premio será transferido a otra persona...."
ham,"Creo que vamos a Finn's ahora, vamos."
ham,¿Por qué cansado lo especial que tenía allí
ham,Vendré mañana.
ham,No puedo coger el teléfono ahora mismo. Pls enviar un mensaje
ham,K ve y duerme bien. Descansa:-).
ham,U chicos nunca me invitan a ninguna parte :(
spam,UR IR 2 BAHAMAS! Llame a FREEEFONE 08081560665 y hablar con un operador en vivo para reclamar o crucero Bahamas de 2000 CASH 18+ sólo.
ham,Quiero complacerlos dentro y fuera de la habitación...
ham,"\EY! Cálmese en las Theacusaciones.. IXT U COS IWANA SABE WOTU R DOIN EN EL FIN... HAVENTCN U EN AGES..LLLAMME SI UR UP4 NETHING SAT.LOVE J XXX.\"""""""
ham,¡Me encanta el vino y cenar con mi señora!
spam,Alguien ha conacte nuestro servicio de citas y entró en su teléfono porque le gusta!Para averiguar a quién se llama desde teléfono fijo 091110301116. PoBox12n146tf15
ham,"Im cool ta luv pero v.tired 2 causa he estado haciendo cargas de planificación de todo wk, hemos conseguido nuestra inspección de servicios sociales en el vivero! Tenga cuidado y spk sn x."
ham,No sé los detalles de la cuenta.. le preguntaré a mi mamá y te enviaré.mi mamá está fuera de alcance ahora.
ham,Creo que tienes el número equivocado.
ham,Siente que siempre eres feliz.. Lentamente se convierte en tu hábito & Finalmente se convierte en parte de tu vida.. Síguelo.. Feliz mañana & Tener un día feliz:)
ham,NO HAY MAÑANA DE AMOR TARDE
ham,Lo tengo..mail panren paru..
ham,* Estaba pensando en Chuckin tu rojo verde n negro entrenadores 2 ahorrar llevar en ellos bac en el tren
ham,"Deme una falta de ese número, por favor."
ham,Jus volvió a comer con mi hermana solamente. ¿U leh?
ham,Estoy fuera de la ciudad este fin de semana.
ham,Muy bueno:) rocas dhanush una vez más:)
ham,"Lmao ok, no necesitaré que me peines más."
ham,"Te echo de menos, te necesito, te quiero, te quiero."
ham,"Lo siento, no estoy libre..."
ham,¿Alguna vez tienes una canción pegada en tu cabeza sin ninguna razón y no se irá hasta que la escuches como 5 veces?
ham,Todavía no chikku..simple habba..hw abt u?
ham,"Tengo tu correo Dileep.gracias tanto y espero con ansias un montón de apoyo...muy menos contactos aquí, recuerda un venugopal que mencionaste.mañana si no es tarde, trataré de subir hasta allí.buenas noches querida."
ham,A veces el corazón recuerda a alguien mucho... olvida a alguien pronto... el corazón de Bcoz no le gustará a todos.
ham,"El padre de Joy es John, entonces John es el nombre del padre de Joy."
spam,Hola 07734396839 IBH Oferta de lealtad al cliente: El nuevo móvil NOKIA6600 de ONLY 10 en TXTAUCTION!Txt word:START to No:81151 & get Yours Now!4T&
ham,"Hola, esta es Yijue... con respecto al libro de texto 3230 es introducción a algoritmos de segunda edición... lo vendo por $50..."
spam,AUCTION SMS Usted ha ganado un Nokia 7250i. Esto es lo que obtiene cuando usted gana nuestra subasta GRATIS. Para participar envíe Nokia a 86021 ahora. HG/Suite342/2Lands Row/W1JHL 16+
ham,"K, ¿quieres que pasemos ya?"
ham,Cómo. Es un poco difícil pero es una manera simple de entrar en este lugar
ham,"Los dos haciendo lo mismo, pero tengo TV 2 viendo."
ham,No te muestres. ¿Hasta dónde? Pon nuevas fotos en facebook.
ham,Viendo televisión ahora. Tengo nuevo trabajo :)
ham,"Buenas tardes bollos sexy! ¿Cómo va la búsqueda de empleo? Me despierto y eres mi primer pensamiento como siempre, mi amor. Deseo su fino y feliz y sé que te adoro!"
ham,"No voy a venir, haz lo que quieras."
ham,"Está bien chikku, y es mi 1 de canción favorita..:-)"
ham,¿Viste lo que publiqué en tu Facebook?
spam,¡Llama ahora a FREEPHONE 0800 542 0578!
spam,Comprar Space Invaders 4 una oportunidad 2 ganar orig Arcade consola de juegos. Pulse 0 para Juegos Arcade (cargo std WAP) Ver o2.co.uk/games 4 Términos + ajustes.
ham,"7 maravillas en mi mundo 7th Usted 6th Ur estilo 5th Ur sonrisa 4th Ur Personalidad 3rd Ur Naturaleza 2nd Ur SMS y 1st \Ur Lovely Friendship\""""... buenos días querida"""""
spam,Préstamo para cualquier propósito 500 - 75.000. Propietarios + inquilinos bienvenidos. ¿Ha sido rechazado previamente? Todavía podemos ayudar. Llame gratis 0800 1956669 o el texto de vuelta 'ayuda'
spam,GRAN BROTHER ALERT! El ordenador ha seleccionado u para 10k efectivo o #150 vale. Llame 09064018838. NTT PO Box CRO1327 18+ BT Landline Coste 150ppm móviles varían
ham,""";""-( oh bueno, c u más tarde"
ham,"Mis tíos en Atlanta, les deseo un gran semestre."
ham,"No querida, tengo mensajes gratis sin recarga."
ham,"No busques el amor, deja que el amor encuentre U. Por eso se llama enamorarse, bcoz U no te obligues, U simplemente cae y U sabes que hay smeone para sostener U... BSLVYL"
ham,"No te creo, se lo dije."
ham,"¿Sabes por qué Dios creó espacio entre tus dedos..? Para que, Uno que está hecho para ti venga &"";"" llena esos huecos sosteniendo tu mano con AMOR..!"
ham,Sí:)sura en la televisión de sol.:)lol.
ham,Arun puede transfr me d amt
ham,"Tomando una ducha ahora, pero sí, me iré cuando termine."
ham,"No estoy trabajando, pero estoy hasta los ojos en la filosofía así que va a texto u más tarde cuando un poco más libre para el chat..."
ham,U havet me perdió enfermo siempre b aquí 4u.i didt intención 2 dolido u pero nunca supe cómo se sentía acerca de mí cuando Iwas+marine&thats lo que itried2tell urmom.i cuestiona sobre u
spam,"WIN: ¡Tenemos un ganador! ¡El Sr. T. Foley ganó un iPod! Más premios emocionantes pronto, así que mantén un ojo en tu móvil o visita www.win-82050.co.uk"
ham,"Chica mala, todavía puedo recordarlos."
ham,- Cuánto te di.
ham,"¿Espero que tu nena esté bien? Me preocupa que te hayas sentido un poco desinteresada cuando aprendiste que el trabajo era falso? Estoy aquí esperando cuando vuelvas, mi amor"
ham,"Carlos quería que me encontrara con él allí, pero me perdí y no contesta su teléfono."
ham,¿Puedo obtener tu opinión sobre algo primero?
ham,Ese permiso de una semana lo sé esa vez. ¿Por qué?
ham,"Si nos llevamos bien, puedes mudarte conmigo :)"
ham,Excelente. Pasé <#> años en la Fuerza Aérea. Irak y Afganistán. Soy estable y honesto. ¿Te gusta viajar?
ham,Quiero ver esa película.
ham,"Ok, lor thanx... ¿En la escuela?"
ham,Estoy en clase. ¿Recibiste mi mensaje?
ham,El autobús sale en <#>
ham,"Dios bendiga.Que duermas bien, querida... ¡Rezaré!"
spam,Hoy los números Voda que terminan 1225 son seleccionados para recibir un premio 50award. Si usted tiene un partido por favor llame al 08712300220 citando código de reclamación 3100 estándar tarifas app
ham,"Que tengas un buen día hoy, te quiero mucho."
ham,Aiyo un poco pai seh noe... asustado de ser quien soy entonces morir... pero se vuelve mejor luciendo oredi leh...
ham,"De acuerdo, le preguntaré a algunos de mis compañeros de cuarto."
ham,"Ahora, ¿cuál es tu casa otra vez? ¿Y tienes alguna cerveza allí?"
ham,¿Todos los wan 2 se reúnen n combinan todas las partes? ¿Cómo va el resto del proyecto da?
ham,"\Obtener entradas 4 walsall tue 6 a marzo. Mi compañero me está consiguiendo en sat. mal pago mi regalo. Quiero 2 ir. Txt bak. Terry\"""""""""""
ham,"Sí, estamos hablando también."
ham,"No sé si estás trabajando, pero llámame cuando puedas estar en casa. XXX"
ham,Sian... el supervisor de la reunión de popa tiene trabajo 2 ¿Liao... trabajas ahora?
ham,¿Vas a hacer el examen de ADN esta semana?
ham,"Bueno, voy a ver shrek en 3D!B)"
ham,¿Soy tan sucio?
ham,No sé si me lo dijo.
ham,Probablemente estaré para mañana (o incluso más tarde esta noche si algo está pasando)
ham,"No podía decir que no, ya que es un hombre moribundo y me siento triste por él, así que me iré y sólo quería que supieras que probablemente me iría tarde en tu noche."
ham,"Si estás pensando en levantarme una, entonces no."
ham,Lo mismo que tú... ¿Dun Wan... y tú como yo ya lo estás haciendo?
ham,Me envió su id de correo electrónico pronto
ham,"Wat hace que algunas personas más queridas no es sólo de la felicidad dat u sentir cuando se encuentran con ellos, pero de dolor u sentir cuando se pierde dem!!!"
ham,"Amigo. ¿Qué pasa. Cómo Teresa. Espero que has estado bien. Cuando no he oído de estas personas, los llamé y habían recibido el paquete desde dec <"";#>"" . Sólo thot te gustaría saber. Tenga un año fantástico y todo lo mejor con su lectura. Además, si realmente puede Bam primeros auxilios para Usmle, entonces su trabajo está hecho."
ham,"Mi número de móvil de trabajo es, ten un buen bebé, Squishy Mwahs."
ham,¿Puedo llamarte más tarde?
spam,"Las fotos más calientes directamente a su teléfono!! Verme mojarse y desear, sólo para usted xx texto PICS a 89555 ahora! txt cuesta 150p textoperador g696ga 18 XxX"
ham,Esa es la forma en que deberías quedarte oh.
ham,"Hola, Thanx por tomar esa llamada, tengo un trabajo, empieza el lunes."
ham,¿A qué hora es tu vuelo?
ham,¿Cuándo debo venir?
ham,Tengo una marca de mordida bastante prominente en mi mejilla derecha
ham,* ¡Será septiembre para entonces!
ham,¿Estás mojado ahora mismo?
ham,Y cómo está tu marido.
spam,"Hack Chat. Obtener entrada de backdoor en 121 salas de chat a una fracción del costo. Responder NEO69 o llamar a 09050280520, para suscribirse 25p pm. DPS, Bcm box 8027 Ldn, wc1n3xx"
ham,¿Vamos a hacer la norma mañana? Termino sólo un 4.15 cos de pruebas de st. Necesidad de ordenar las cosas de la biblioteca en algún momento tommo - recibido carta de hoy - acceso hasta el final de marzo así que mejor seguir adelante!
ham,"Sí, tengo una lista con Joanna y tú si me siento realmente antisocial."
ham,Estoy en tu oficina.
ham,"\¿Vas a bajar más tarde?\"""""""""""
ham,Super da:)buen reemplazo para murali
ham,Da es un buen jugador. Por qué no se vende.
ham,Hola. ¿Quieres unirte a mí con los pts más tarde? Reuniéndote con ellos a las cinco. Llámanos después de clase.
ham,¡Pero la tele ha decidido que no me deja verlo y Mia y Elliot se estaban besando!
spam,"FREE NOKIA O Motorola con hasta 12mths 1/2 precio linerental, 500 FREE x-net mins&100txt/mth FREE B'tooth*. Llame a Mobileupd8 en 08001950382 o llame a 2optout/D3WV"
ham,"No quiero oír filosofía, sólo decir lo que sucede."
ham,Tienes trabajo en wipro:) Obtendrás cada cosa en la vida en 2 o 3 años.
ham,¿Entonces no puedes conseguir mi laptop? Mi tarjeta matric wif Ì_ lei...
ham,No sé si el siguiente show a popa 6 es 850.
spam,"Esta es la segunda vez que hemos intentado 2 contacto u. U han ganado el premio de 750 libras. 2 reclamo es fácil, llame al 08718726970 AHORA! Sólo 10p por min. BT-nacional-tasa"
ham,"Acabo de hacer algunos pagos, así que no tengo tanto."
ham,"No jugaron ni un día el año pasado, aunque tienen muy buen equipo, como India."
ham,K.:) usted es la única chica que espera en la recepción ah?
ham,"Di esto lentamente.? DIOS, YO TE AMO &Amp""; TE NECESITO, CLEAN MI CORAZÓN CON SU SANGRE.Envíe esto a diez personas especiales &Amp;"" u c milagro mañana, hágalo, pls, pls hágalo..."
ham,Ella convierte lo que debería ser un divertido viaje de compras en un día molesto de cómo todo se vería en su casa.
ham,"Señor, estoy esperando su llamada."
ham,¿Quieres que me ponga en línea?
ham,"Podría funcionar, llegaremos a un consenso en la próxima reunión."
ham,"Aiyah, entonces espero lor, entonces me entretienes."
ham,"Lo último que quería hacer era hacerte daño, y no pensé que lo hubiera hecho. Te reirías, te avergonzarías, borrarías la etiqueta y seguirías adelante. Pero por lo que sabía, no estaba siquiera arriba. El hecho de que incluso sentieras que lo haría para lastimarte muestra que realmente no me conoces en absoluto. Era un miércoles desordenado, pero no estaba mal. El problema que tengo con él es que tienes el tiempo para limpiarlo, pero no lo eliges. Tú skype, tomas fotos, duermes, quieres salir. No me importa un par de cosas aquí y allá, pero cuando no haces la cama, cuando tiras la colada encima de ella, cuando no puedo tener un amigo en la casa porque estoy avergonzado de que hay ropa interior y sujetadores strewn en la cama, almohadas en el suelo, eso es otra cosa."
ham,Te lo haré saber cuando empiece.
ham,"Llámalo ahora, ok. Dije que lo llames."
ham,Llame al número que está disponible en la cita y pida que conecte la llamada a waheed fathima.
ham,¿O ir a comprarlo y luego me encontraré con él más tarde?
ham,¡Mmmm... mierda... no es justo! ¡Conoces mis debilidades! *grins* *te empuja a la rodilla* *expone mi vientre y tira de tu cabeza hacia ella* No olvides... sé que la tuya también* *sonrisa malvada*
ham,Hoy mi sistema sh conseguir listo.all está bien y yo también estoy en el pozo profundo
ham,Mamá quiere saber dónde estás.
ham,"Bien, te enviaré un mensaje cuando vuelva."
ham,Creo que ps3 puede jugar a través de usb también
ham,"Oh, ok, no sabía lo que querías decir."
spam,Usted tiene WON un dinero garantizado 1000 o un premio 2000.Para reclamar yer premio llame a nuestro representante de servicio al cliente en
spam,¿Te gustaría ver mis fotos XXX que son tan calientes que casi fueron prohibidos en el uk!
spam,HMV BONUS SPECIAL 500 libras de bonos de HMV genuinos para ganar. Sólo tienes que responder 4 preguntas fáciles. Juega ahora! Enviar HMV a 86688 Más información:www.100percent-real.com
ham,Viendo televisión ahora. Tengo nuevo trabajo :)
ham,Esta cosa de la pluma está más allá de una broma. ¿No lo hará un Biro? ¡No haga un maestro como no puede hacer esto nunca más!
ham,Estoy en una fiesta con Alex Nicols.
spam,U tiene un admirador secreto que está buscando 2 hacer contacto con U-encuentre a quién R*revela que piensa UR tan especial-llamada en 09058094594
ham,"Acabo de ver tu llamada perdida, mi querido hermano."
ham,Ok.. ¿terminando pronto?
ham,"Lo siento, no puedo ayudarte en esto."
ham,"Ven a mí, esclavo. Tu hacerlo de nuevo ... entrando en tu caparazón y evitando inconscientemente mí ... Me estás haciendo infeliz :-("
ham,¡Me encanta tu culo! ¿Te gusta el estilo perrito? :)
ham,Creo que pedir un gimnasio es la excusa para la gente perezosa.
spam,Estimado 0776xxxxxxx Usted ha sido invitado a XCHAT. Este es nuestro último intento de contactar u! Txt CHAT a 86688 150p/MsgrcvdHG/Suite342/2Tierras/Row/W1J6HL LDN 18 años
spam,Urgente! Por favor llame al 09061743811 desde teléfono fijo. Su ABTA gratis 4* Tenerife Holiday o 5000 dinero en efectivo esperar colección SAE T&Cs Box 326 CW25WX 150ppm
ham,"No, de camino a casa, así que si no fuera por el largo período de sequía la temporada habría terminado."
ham,Tengo que recoger da coche a 6 lei.
ham,No es bueno en esta alondra de trabajo de tiempo completo.
ham,Probablemente antes que eso si la estación está donde creo que está.
spam,Llamar a 09090900040 y escuchar la charla en vivo extrema en la oficina en este momento de la privatización total nadie conoce su [sic] escucha 60P MIN 24/7MP 0870753331018+
ham,"Buenos días, plz. Llámame señor."
spam,"FreeMsg Hey U, acabo de conseguir 1 de estos fotos de vídeo/pic, responder WILD a este txt & mal enviar U mis fotos, prisa Im tan aburrido en el trabajo xxx (18 150p/rcvd STOP2stop)"
ham,"Atención, no nos queda mucho."
ham,Yo tot u outside cos darren decir u venir de compras. Por supuesto que agradable wat. Jus fuimos sim lim ver mp3 reproductor.
ham,"Bien, suena bien. ¿Cuándo quieres que baje?"
ham,"Wat, ¿te gustaría cumplir 4 años?"
ham,Me encanta trabajar desde casa :)
ham,Y señorita vday el paracaídas y las monedas dobles??? U no debe conocerme muy bien...
ham,"Lo siento, llamaré más tarde."
ham,Mi hermana fue colocada en birla soft da:-)
spam,Entrada gratuita en 2 por semana comp para una oportunidad de ganar un ipod. Txt POD a 80182 para obtener la entrada (tasa std txt) T&C's aplican 08452810073 para detalles 18+
ham,Okie okie Muz hacer uso de e ilimitado... jaja...
ham,"Hay algunas personas por mu, estoy en la mesa por lambda"
ham,"Y deja de ser un viejo, puedes construir ángeles de nieve y peleas de bolas de nieve."
ham,ELLO BABE U OK?
ham,Hola hermosa r u ok? He un poco anuncio una fila wiv y él salió del pub??? Yo quería una noche wiv u Miss u
ham,¿Entonces vas a ikea str a popa?
ham,Becoz su <#> jan whn al el post ofice está de vacaciones así que ella cn ir fr el post ofice ... lo tengo duffer
ham,"Lol grr mi madre se está tomando para siempre con mi receta, la farmacia está a dos minutos."
ham,Ni siquiera puedo cocinar toda mi electricidad y tengo hambre.
ham,¿Quieres ir?
spam,Nuevo TEXTOBUDDY Chat 2 chicos cachondos en la zona 4 sólo 25p Gratis 2 recibir Buscar código postal o en gaytextbuddy.com. TXT ONE nombre a 89693. 08715500022 rpl Stop 2 cnl
ham,¿No es esa época del mes ni la mitad del tiempo?
ham,¿Puedes mandar un mensaje a Kadeem o te has ido demasiado lejos?
ham,No nos vamos todavía.
ham,¿Es bueno el libro de vida de la serie fujitsu?
ham,Si me preguntas b4 él me pregunta entonces voy a salir w u all lor. N u todavía puede actuar tan real.
ham,No sé si traes algo de comida.
ham,No hay corriente y comida aquí. Estoy solo también
ham,Voy a estar en sch fr 4-6 ... no he hecho el libro en sch ... está en casa ...
ham,"Van al pub del pueblo a las ocho, así que vengan aquí o allá. ¿De acuerdo?"
ham,De acuerdo.
ham,Nosotros llamamos como <#> veces oh. No nos dan hipertensión oh.
ham,"No les des a los monos lo que piensan y no me importa. ¡Cualquier amigo mío y todo eso! ¡No duermas, que wud sea fastidioso!"
ham,Omg podría nevar aquí tonite!
spam,Llamada de 08702490080 - dice u 2 llamada 09066358152 para reclamar 5000 premio. U tienen 2 introducir todos los datos personales y móviles @ las indicaciones. Cuidado!
spam,Entrada gratuita 1a semana 2 TEXTPOD 4 una oportunidad 2 ganar 40 GB iPod o 250 efectivo cada wk. Txt VPOD a 81303 Ts&Cs www.textpod.net custcare 0871245020.
ham,Continúen sin molestarlos a los dos.
ham,Lo que papá me dice... fui a bañarme:-)
ham,Jus acabado avatar negro
ham,¿Por rascarlo?
ham,Espero que tengas un gran día.
ham,¿Alguno de ustedes tiene alguna idea? ¿Sabe de algún lugar haciendo algo?
ham,"Mi planificación generalmente se detiene en \find hella hierba,"""" humo hella hierba\"""""""""""""""""""""""""""""""""""""""""""""""""""""""""""""""""""""""""""""""""""""""""""""""""""""""""""""""""""""""""""""""""""""""""""""""""""""""""""""""""""""""""""""""""""""""""""""""""""""""""""""""""""""""""""""""""""""""""""""""""""""""""""""""""""""""""""""""""""""""""""""""""""""""""""""""""""""""""""""""""""""""""""""""""""""""""""""""""""""""""""""""""""""""""""""""""""""""""""""""""""""""""""""""""""""""""""""""""""""""""""""""""""""""""""""""""""""""""""""""""""""""""""""""""""""""""""""""""""""""""""""""""""""""""""""""""""""""""""""""""""""""""""""""""""""""""""""""""""""""""""""""""""""""""""""""""""""""""""""""""""""""""""""""""""""""""""""""""""""""""""""""""""""""""""""""""""""""""""""""""""""""""""""""""""""""""""""""""""""""""""""""""""""""""""""""""""""""""""""""""""""""""""""""""""""""""""""""""""""""""""""""""""""""""""""""""""""""""""""""""""""""""""""""""""""""""""""""""""""""""""""""""""""""""""""""""""""""""""""""""""""""""""""""""
ham,"El hecho de que estás limpiando muestra que sabes por qué estoy molesto. Tu prioridad es constantemente \lo que quiero hacer,""""\""""""""no""""""""lo que necesito hacer.\"""""""""""""""""""""""""""""""""""""""""
ham,Excelente. ¿Estás listo para gemir y gritar en éxtasis?
spam,Más gente está acosando en su área ahora. Llame a 09090204448 y unirse como chicos de mente. ¿Por qué no organizar 1 usted mismo. Hay 1 esta noche. A1.50 minAPN LS278BB
ham,Amigo avatar 3d era imp. En un momento pensé que en realidad había moscas en la habitación y casi trató de golpear uno como un reflejo
spam,"Bien hecho! Su 4* Costa Del Sol vacaciones o 5000 esperan la colección. Llame 09050090044 Ahora a la reclamación. SAE, TCs, POBox334, Stockport, SK38xh, Cost1.50/pm, Max10mins"
ham,K...k:) ¿por qué no puedes venir aquí y buscar trabajo:)
ham,Tuve un sueño pésimo. Seguí despertando cada 2 horas para ver si mi gato quería entrar. Me preocupo por él cuando hace frío :(
ham,"Sí, me iré en un par de minutos &"";"" háztelo saber cuando llegue a mu"
ham,¿Puede llamarme a las 10:10 para asegurarme de que me he despertado?
ham,"Oye, podemos ir a jazz power yoga hip hop kb y yogasana"
ham,"La batería es para el Sr. Adewale, mi tío."
ham,No puedo coger el teléfono ahora mismo. Pls enviar un mensaje
ham,Espere 2 min. pararse en la parada de autobús
ham,Pensé que te referías a Mary Jane.
ham,¿Entonces deducirán tu lección?
ham,No voy a ir 2 los locos con j wot bout u?
ham,Entonces solo come una mierda y espera a tu perra cara de mono............ U imbécil..................
ham,"Buenas noches, me voy a dormir."
ham,"De acuerdo, cogeré algo de comer también, envíame un mensaje cuando regreses a Mu."
ham,K...k:) ¿por qué no puedes venir aquí y buscar trabajo:)
ham,Tome algo para el dolor. Si se mueve sin embargo a cualquier lado en las próximas 6 horas ver a un médico.
ham,"Lol... Oh, no nena, no me deslizaré a tu casa después de medianoche, pero gracias por la invitación"
ham,Howz esa historia de las personas
spam,¡Adivina qué! ¡Alguien que conoces secretamente te gusta! ¿Quieres saber quién es? Llámenos al 09065394973 desde Landline DATTYBox1282EssexCM61XN 150p/min 18
ham,LOL que sería una venganza impresionante.
spam,Sus 500 mensajes de texto gratuitos son válidos hasta el 31 de diciembre de 2005.
ham,Sí:) completamente fuera de forma:)clark también el desperdicio total.
ham,"Honeybee Said: *I'm d Sweetest in d World* God Laughed &"";"" Said: *Wait,U Havnt Met d Person Reading This Msg* MORAL: ¡Incluso DIOS puede hacer bromas! GM+GN+GE+GN:)"
ham,"Gracias, sólo era de Tescos, pero muy bonito, todo se ha ido, habla pronto."
ham,¿Es algo que los chicos tienen que yo no sepa?
ham,Incluso yo no puedo cerrar los ojos que están en mí nuestra vava jugando umma :-D
ham,2 laptop... noe infra pero demasiado lento lar... quiero uno rápido
spam,Usted ha ganado un premio garantizado 200 o incluso 1000 cashto reclamo UR llamada de premio gratis en 08000407165 (18+) 2 stop getstop en 88222 PHP
ham,Nvm está bien...
ham,Disfruta de tu vida. . Buenas noches
ham,"Sí, pero podemos encontrarnos en la ciudad porque irá a gep y luego a casa. Usted podría enviar un mensaje de texto en la parada de autobús. Y no te preocupes que habremos terminado en marzo _ ish!"
ham,Te había hecho una pregunta unas horas antes.
ham,Eso es genial. ¿Dónde debería correrme? ¿En ti o en ti? :)
ham,Delhi y Chennai siguen en silencio.
ham,Lol bien estaba pensando en eso demasiado jaja
spam,¿Dónde se llevará a cabo la Copa Mundial de la FIFA 2006? Enviar STOP a 87239 para terminar el servicio
ham,"No, estoy en el mismo barco, sigo aquí con mis mamás, míreme, estoy medio desnuda."
ham,¡Se supone que nadie lo sepa!
ham,"Lo siento, llamaré más tarde."
ham,"Lo siento, llamaré más tarde en la reunión de cualquier cosa relacionada con el comercio por favor llame a Arul. <"";#>"""
ham,Hey voy a llegar tarde... estoy en amk. necesito tomar té o café.
ham,Yo quería comprar un coche BMW urgentemente..its vry urgent.but hv una escasez de <#> Lacs.thes no hay ninguna fuente para arng dis amt. <#> lacs..thas mi prob
spam,Urgente! Por favor llame al 09061743810 desde el teléfono fijo. Su ABTA gratis 4* Tenerife Holiday o #5000 en efectivo esperar colección SAE T&Cs Box 326 CW25WX 150 ppm
ham,La longitud es e igual pero e superior n más corto tengo un fleco ahora. Yo thk no voy liao. Demasiado perezoso. Dun wan 2 distrae u también.
ham,S..antha num corrct dane
ham,Sin llamadas... mensajes... llamadas perdidas.
ham,"Lo siento, llamaré más tarde."
ham,La canasta está llena así que podría estar esta noche.
ham,Hola Darlin Ive acaba de volver y tuve una noche muy agradable y muchas gracias por el lift nos vemos mañana XXX
ham,La prueba está en tu página fb. ¡Estoy tan contenta de no haber visto a tu rupaul mostrarte TOOL!
spam,Tonos gratis Espero que haya disfrutado de su nuevo contenido. stop de texto a 61610 para darse de baja. help:08712400602450p Suministrado por tones2you.co.uk
ham,Eh den sat u book e kb liao huh...
ham,¿Has estado practicando tu curtsey?
ham,¿Quieres que vaya por pepinillos?
ham,Lol boo Esperaba reírme.
ham,"\EH YO SOY DEF UP4 ALGO SAT, """"JUSTO QUE SE PAGO 2 DÍA Y YO HABÍA DADO A 50 PAGO RIE 4 MI TRABAJO Y HABÍA HECHO PRESCOOLCO-ORDINADOR 2 I am feelingood LUV\"""""""""""""""""""
ham,"Bueno, tengo que irme para mi chica de clase ... Nunca volviste a mí ... :-( ... Espero que tengas un buen sueño, mi amor"
ham,¿Dónde está tu memoria de pescado cuando la necesito?
ham,Pero voy a hacer 2 sch en mon. mi hermana necesita 2 tomar smth.
ham,Idea pronto se convertirá a vivir:)
spam,TheMob>Yo yo yo-Here viene una nueva selección de descargas en caliente para nuestros miembros para obtener GRATIS! Simplemente haga clic y abra el siguiente enlace enviado a ur fone...
ham,S.... s... India va a dibujar la serie después de muchos años en suelo sudafricano ..
ham,"Buenos días, hoy llego tarde a <"";DECIMAL>"" min."
ham,No se puede tomar ningún papel importante en la extensión comunitaria.
ham,Compras. Ellos lloviendo mah duro 2 dejar huerto.
ham,Hola aquí. tener nacimiento en la a 8 libras 7oz. madre y bebé haciendo brillantemente.
ham,Vea el mensaje de reenvío para la prueba
ham,"No puedo seguir pasando por esto. Nunca fue mi intención expulsarte, pero si eliges hacer eso en lugar de mantener la habitación limpia así que *yo* no tengo que decir que no a los visitantes, entonces tal vez esa sea la mejor opción. Sí, quería que te avergonzaras, así que tal vez sentirías por una vez cómo me siento cuando tengo un amigo que quiere dejar de comprar y tengo que decir que no, como sucedió esta mañana. He intentado todo. No sé qué más hacer."
ham,"No sé, no sé... no sé si mi madre es perezosa para salir... y aún no se lo he preguntado a ella..."
ham,"Haz lo que quieras. ¿Sabes cuáles son las reglas. Tuvimos una charla a principios de esta semana sobre lo que tenía que empezar a suceder, mostrando responsabilidad. Sin embargo, cada semana puedo doblar la regla de esta manera? ¿Qué hay de esa manera? Haz lo que sea. Estoy cansado de tener esta misma discusión contigo todas las semanas. Y una película de <"";#>"" DOESNT inlude las anticipaciones. Todavía estás entrando después de 1."
ham,"Hermosa verdad contra la gravedad.. Lea cuidadosamente: \Nuestro corazón se siente ligero cuando alguien está en él.. Pero se siente muy pesado cuando alguien lo deja..\"""" GOODMARNING"""""
spam,¡Grandes noticias! Llame al FREEFONE 08006344447 para reclamar su regalo garantizado 1000 CASH o 2000. Hable con un operador en vivo AHORA!
ham,Ambrith..madurai..met u in arun dha marrge..remembr?
ham,"Simplemente reléelo y no tengo vergüenza, pero dime cómo lo toma y si corre voy a culpar a u 4 nunca!! No realmente 4 nunca sólo un largo tiempo"
ham,"Princesa, ¿tu gatito está afeitado o es natural?"
ham,"Mejor que bb. Si no lo usa, su esposa o el médico"
ham,Ya llegó hace un tiempo.
ham,"A partir de mañana, las vísperas 6 a 3 trabajan."
ham,Cualquier cosa menos un payoh consiguió lugar 2 caminar meh ...
ham,"No tengo el número de nadie, todavía no he pensado en una manera discreta de preguntarle a Alex."
spam,"U puede ganar 100 de bonos de regalo de música cada semana a partir de AHORA Txt la palabra DRAW a 87066 TsCs www.ldew.com SkillGame,1Winaweek, age16.150ppermessSuscripción"
ham,¿Hay algún cine al que pueda ir a ver películas ilimitadas y pagar una sola vez?
ham,¿Almorzaste sola?
ham,"Sí, obviamente, pero usted es los huevos-perta y la cabeza de la patata _ Hablar pronto!"
ham,"Nah hombre, mi coche está destinado a estar lleno de gente"
ham,"No consiguió nuevo trabajo en el bar en el aeropuerto en satsgettin 4,47 por hora, pero significa que no hay mentira en! mantenerse en contacto"
ham,Kallis está listo para batear en 2a entrada
ham,"Thanx, pero mi cumpleaños ya ha terminado."
ham,"¿No puedes disculparte, admitir que te equivocaste y pedirme que te lleve de vuelta?"
ham,"Yo noe la... u wana pei bf oso rito... klor, otros días den..."
ham,"Sí, soy un niño pequeño y el impulso es el secreto de mi energía."
ham,IM va a echar tanto de menos U
ham,Se supone que el avatar tiene subtoitles.
ham,Simplemente sentado y viendo partido en la oficina..
ham,Puedes anotar cosas que quieras recordar más tarde.
ham,"Oh, lo siento, por favor, se acabó."
ham,"Oye, ¿vamos a ir a la clase o al gimnasio?"
ham,"No empaques lo que puedes comprar en cualquier tienda.como cereales.Si debes empacar alimentos, empacar gari o algo 9ja que te perderás."
ham,Siempre haces las cosas más grandes de lo que son.
ham,¿Quieres ver una aventura infernal?
ham,"Yo no me despierto hasta las 4 de la tarde, sup"
spam,4mths mitad de precio Orange línea de alquiler y los últimos teléfonos con cámara 4 GRATIS. Tenía su teléfono 11mths ? Llame a los móvilesDirect gratis en 08000938767 para actualizar ahora! or2stoptxt
ham,Puedo enviarte una foto si quieres :)
ham,Vale... ya reservé todo... incluyendo el de Bugis.
ham,"A la mierda, lo conseguiré más tarde."
ham,"No, pero llámame después de un tiempo."
ham,Así que no uses ningún tipo de conexión.
ham,Cuánto es blackberry negrita2 en nigeria.
ham,Hola. ¿Estás en casa o en California?
ham,"Hey, querida.. puedo recogerte en la universidad si me dices wen & where 2 mt.. love Pete xx"
spam,"Llame al 09094100151 para utilizar ur mins! Llamadas elenco 10p/min (mob variable). Servicio proporcionado por AOM, sólo GBP5/mes. AOM Box61,M60 1ER hasta la parada u. Edades 18+ solamente!"
ham,"Oh... yo estaba a punto de ir a yogasana a 10 den no y a ir a 3 den puede apresurarse a parco 4 nb... Okie lor, llámame cuando esté listo..."
ham,Y tan tarde pero tengo que ir a buscar una laptop...
ham,"Señor, estoy esperando su correo."
ham,"Por favor, carga mi móvil cuando te levantes por la mañana."
ham,"Nada, tengo msg frm tht desconocido no.."
ham,"A la mierda, me estoy volviendo a casa."
ham,No vio su sombra.
ham,Una rebanada y un palito de pan.
ham,"Te quiero, Ahmad Saeed al Hallaq..."
ham,¿Hay algún entrenamiento mañana?
spam,"URGENTE! Su móvil No ********* **** WON un  2,000 Bono Premio Llamador el 02/06/03! Este es el segundo intento de llegar a TI! Llamar a 09066362220 lo antes posible! BOX97N7QP, 150ppm"
ham,Pásame a todos tus contactos n ver wat u get! Red;i'm in luv wid u. Azul;u poner una sonrisa en mi cara. Púrpura;u r realy caliente. Rosa;u r tan swt. Naranja;i thnk i lyk u. Verde;i realy wana salir wid u. Yelow;i wnt u bck. Negro;i'm celoso de u. Brown;i erring you Nw plz giv me un color
ham,Porque papá arregla tiempo c wat tiempo buscar Í_ mah...
ham,"Entonces, tú eres el mayor."
ham,¿Quién está ahí para saludar a nuestro traficante de drogas?
ham,"Es difícil de creer cosas como esta. Todos pueden decir mentira, pero piénsalo dos veces antes de decirme algo."
spam,"Erie Nokia tones 4u, rply TONE TITLE to 8007 eg TONE DRACULA to 8007 Títulos: GHOST, ADDAMSFA, MUNSTERS, EXORCIST, TWILIGHT www.getzed.co.uk POBox36504W45WQ 150p"
spam,¡Los Sexy Singles te están esperando! Texto de su EDAD seguido por su GÉNERO como marchita M o F E.G.23F. Para los hombres gays texto de su EDAD seguido por un G. e.g.23G.
ham,"Buenas noches, querida.. Sleepwell&Cuídate."
ham,Esa es una canción wondarfull.
spam,"FreeMsg: Reclame ur 250 SMS messages-Text OK to 84025 now!Use web2mobile 2 ur mates etc. Únase a Txt250.com para 1.50p/wk. T&C BOX139, LA32WU. 16 . Retire txtX o pare"
ham,Yar lor en realidad somos bastante rápidos... porque da ge slow wat... jaja...
ham,Debe venir más tarde .. Normalmente lo bañé en da mah de la tarde ..
ham,"Créeme, aunque no esté ahí, está ahí."
ham,Hey hun-onbus va 2 conocer a él. Él quiere 2go fuera 4a comida pero no me siento como cuz tiene 2 conseguir el último autobús a casa!Pero hes dulce últimamentexxx
spam,85233 GRATIS> ¡Ringtone!Responde REAL
ham,Puedo llevarte como al mediodía.
ham,¿Hay alguna abertura para MCA?
ham,"Estoy bien, Wat está pasando de tu lado."
ham,He terminado oredi...
ham,"Por favor, dime tus gustos y disgustos en la cama..."
ham,Te deseo un gran semestre.
ham,Moji te quiero más que a las palabras.
ham,"Tío, ¿cómo te gusta el viento de la pulpa?"
ham,"\de acuerdo nena,""""pensó id decirhey! cómo se hace?casi el final de mí wk offdam nevamind!Tendremos 2Hook sn si uwant m8? amorJen x.\"""""""""""""""""""
spam,Bien hecho INGLAND! Obtener la bandera oficial poli ringtone o color en su móvil! texto TONE o FLAG a 84199 AHORA! Opt-out txt ENG STOP. Box39822 W111WX 1.50
ham,"No, no puedo darte todo lo que quieres y necesitas en realidad podrías hacerlo mejor por tu cuenta tienes más dinero que yo no puedo conseguir trabajo no puedo conseguir un hombre no puedo pagar el alquiler no puedo llenar mi maldito tanque de gasolina sí estoy estresado y deprimido ni llamé a casa por Acción de Gracias porque tendré que decirles que no tengo nada."
ham,S:-)kallis no jugará en los primeros dos odi:-)
ham,Entonces consigue algo de dinero y te mandaré un mensaje a Jason.
ham,"Oh, mi amor, es muy bueno saber de ti. Omg te extrañé tanto hoy."
spam,"Última oportunidad! Reclamo ur 150 vale de vales de descuento hoy! Texto SÍ a 85023 ahora! SavaMob, miembro ofrece móvil! T Cs SavaMob POBOX84, M263UZ. 3.00 Subs 16"
spam,PRIVADO! Su cuenta de 2004 para 07742676969 muestra 786 puntos de bonificación no redimidos. Para reclamar llame al 08719180248 Código de identificación: 45239 Expira
ham,"Probablemente, ¿quieres recoger más?"
ham,Terminé...
ham,¿Eres la chica más linda del mundo o qué?
ham,"No dados, clase de arte 6 a 9 :( gracias sin embargo. ¿Alguna idea de a qué hora debería venir mañana?"
spam,"SMS SERVICES. for your inclusive text credits, pls goto www.comuk.net login= **** darse de baja con STOP. sin cargo adicional. help:08700469649. PO BOX420. IP4 5WE"
ham,Oh Howda gud gud.. Mathe en samachara chikku:-)
ham,Pero no puedo conseguir entradas. ¿Lo estás haciendo ahora?
ham,Audrie pésimo autocorrección
ham,Es un sitio para simular la prueba. Sólo le da preguntas muy difíciles para probar su preparación.
ham,De todos modos me golpeó seriamente cuando estás de vuelta porque de lo contrario tengo que iluminar con brazo y siempre tiene mierda y / o está vomitando
ham,¿Voy a buscarte o tú a buscarte?
ham,"Gracias, también me gustas..."
ham,¿Estás seguro de que estás listo para ese tipo de vida?
spam,"FREE2DAY sexy St George's Day pic of Jordan!Txt PIC to 89080 no te pierdas, luego cada wk un famoso saucy!4 fotos más c PocketBabe.co.uk 0870241182716 3/wk"
ham,Lara dijo que puede prestarme <#> .
ham,¿Tenemos alguna fuente de alimentación de repuesto?
ham,"Yar él bastante inteligente, pero a popa muchas conjeturas lor. Él me pidió 2 traer, pero I thk darren no tan dispuesto 2 ir. Aiya thk leona todavía no atar wat."
spam,Usted es un ganador que ha sido especialmente seleccionado para recibir 1000 en efectivo o un premio 2000. Hable con un operador en vivo para reclamar la llamada 087123002209am-7pm. Costo 10p
ham,"Sí, no te vayas a la cama, volveré antes de medianoche."
spam,"Sunshine Hols. Para reclamar ur med holiday enviar un sobre de la autodirección estampada a Bebidas en nosotros Reino Unido, PO Box 113, Bray, Wicklow, Eire. Quiz Comienza Sábado! Unsub Stop"
ham,"Bueno, yo no estaba disponible como yo lavando con anoche así que tuvieron que preguntarle a Nickey Platt en lugar de a mí!"
ham,"Es esa época de la semana otra vez, Ryan."
ham,Te deseo muchos retornos del día.. Feliz cumpleaños vicky..
spam,"U puede ganar 100 de bonos de regalo de música cada semana a partir de AHORA Txt la palabra DRAW a 87066 TsCs www.Idew.com SkillGame, 1Winaweek, age16. 150ppermessSubscripción"
ham,Espero que sepas que sigo enojada contigo.
ham,"Argh mi 3g es irregular, de todos modos lo único que recuerdo de la investigación que hicimos fue que la provincia y la libra esterlina eran los únicos lugares libres de problemas que miramos"
ham,En xam hall boy preguntó chica Dime el término inicial para esta respuesta que puedo den manejar por mi cuenta Después de mucha vacilación n mirar alrededor silenciosamente ella dijo THE! intha ponnungale ipaditan;)
ham,¿Sabes cuándo es el resultado?
spam,+123 Felicitaciones - en el sorteo de la competición de esta semana u han ganado el premio 1450 para reclamar sólo llamar 09050002311 b4280703. T&Cs/stop SMS 08718727868. Más de 18 sólo 150ppm
ham,"Hermosa verdad contra la gravedad.. Lea cuidadosamente: \Nuestro corazón se siente ligero cuando alguien está en él.. Pero se siente muy pesado cuando alguien lo deja..\"" BUENA NOCHE"""""
ham,"Siento levantarme ahora, sentirme muy mal... totalmente rechazado ese tipo de cosa mía."
ham,Pero tienes un montón de diamantes.
ham,Tessy..pls me hace un favor. Pls transmitir mis deseos de cumpleaños a Nimya..pls dnt olvidarlo. Hoy es su cumpleaños Shijas
ham,¡Voy a ser tía!
ham,La mía aquí como toda la porcelana entonces tan ruidosa.
ham,También necesito estudiar en Mcat.
ham,S...del manual de entrenamiento muestra que no hay ningún proceso tecnológico:) todo sobre el restablecimiento de contraseñas y la resolución de problemas:)
spam,Su bono B4U w/c 27/03 es MARSMS. Inicie sesión en www.B4Utele.com para obtener un crédito de descuento.
ham,"Hoy habló con el tío John. Él siente fuertemente que necesitas sacrificarte para mantenerme aquí. Él te va a llamar. Cuando lo haga, te ruego que sólo escuches. No hagas ninguna promesa o que las cosas claras no sean fáciles. Y necesito que por favor nos dejes resolver las cosas. Mientras siga esperando ayuda, mi creatividad será sofocada así que pls simplemente mantenlo feliz, sin promesas de tu parte."
ham,Si él comenzó a buscar él conseguirá trabajo en pocos días.él tiene gran potencial y talento.
ham,"Carlos se tomó un tiempo (de nuevo), nos vamos en un minuto"
ham,¡Bien hecho y a todos ustedes!
ham,Entonces por qué viniste al albergue.
ham,K sigues amándome.
ham,Pero juz recordé que tengo que bañar a mi perro hoy ..
ham,Después de la droga ella será capaz de comer.
ham,"Muy bien, tomó la morfina."
ham,Usted ve los requisitos por favor
ham,Te quedas fuera de los problemas extraño!! vio Dave el otro día hes ordenado ahora!todavía conmigo tipo cuando u gona conseguir una chica MR!ur mamá todavía piensa que vamos a obtener 2GETHA!
spam,FreeMsg: Hey - Soy Buffy. 25 y me encanta satisfacer a los hombres. Casa solo sentirse raddy. Responder 2 C mi PIX! QlynnBV Help08700621170150p a msg Enviar parada para detener txts
spam,"Sunshine Hols. Para reclamar ur med holiday enviar un sobre de la autodirección estampada a Bebidas en nosotros Reino Unido, PO Box 113, Bray, Wicklow, Eire. Quiz Comienza Sábado! Unsub Stop"
ham,¿Así que puedes recoger tu laptop?
ham,"Ok. Puede ser más tarde mostrando alrededor de 8-8:30 si quieres + cld tomar antes. Wld prefiere no gastar dinero en nosh si no te importa, como hacer que nxt wk."
ham,Lo haré una vez que llegue a casa.
ham,Waaaat??? Lololo ok la próxima vez entonces!
ham,"La mesa está ocupada, estoy esperando junto al árbol."
ham,Seguramente no me olvidé de venir:)Siempre estaré en contacto contigo:-)
ham,Hola amablemente nos devuelva nuestros documentos que presentamos para préstamo de STAPATI
ham,No tengo que comprar una querida.
ham,"Oh Dios, estoy feliz de ver tu mensaje después de 3 días."
ham,¿En qué año y cuántas millas?
ham,"Aquí en WALES está bien, hay como colinas y mierda, pero aún así me suicido."
ham,"Triste historia de un hombre - La semana pasada fue mi b'day. Mi esposa no me deseaba. Mis padres se olvidaron n así que mis hijos. Fui a trabajar. Incluso mis colegas no deseaban. Como entré en mi cabina mi PA dijo, '' Feliz B'Day Boss !!''. Me sentí especial. Ella me pidió 4 almuerzo. Después del almuerzo me invitó a su apartamento. Fuimos allí. Ella dijo,'' ¿te importa si entro en el dormitorio por un minuto ? '' '' OK '', me senté de humor sexy. Ella salió 5 minutos latr wid un pastel...n Mi esposa, Mis padres, Mi Kidz, Mis amigos n Mis colegas. Todos gritando..... SUPRISE !! y yo estaba esperando en el sofá.. ....."
ham,"Creo que deberías ir por el camino de la honestidad, llamar al banco mañana, son las decisiones difíciles las que nos hacen grandes personas."
spam,GRATIS para la primera semana! No1 Nokia tono 4 u mob cada semana sólo txt NOKIA a 87077 Obtener txting y decirle a sus compañeros. zed POBox 36504 W45WQ norma150p / tono 16+
ham,No. Su especialización no. Puede trabajar sino su trabajo esclavo. Lo buscará este mes sha cos no shakara 4 mendigo.
ham,¿Está contestando? ¿Ha cambiado Boye su número de teléfono?
ham,"1) Ir a escribir msg 2) Poner en modo Diccionario 3) Cubrir la pantalla con la mano, 4) Presionar <"";#>"" . 5) Quitar suavemente la mano de Ur.. Es interesante..:)"
ham,hola mi Darlin im en mi camino a Londres y hemos sido aplastados en otro conductor! y tienen una gran abolladura! im realmente falta u lo que han estado haciendo? xxx
ham,"Nada en realidad, sólo asegurándose de que todo el mundo está al día"
ham,No voy a volver a casa 4 cenas.
ham,"Y por cierto, acabo de perder."
ham,Sí. Tiene una buena mente grosera.
ham,Todo irá bien en unos meses.
spam,"Comprar hasta u Drop, es usted, ya sea 10K, 5K, 500 Efectivo o 100 Cheque de viaje, Llame ahora, 09064011000. NTT PO Box CR01327BT línea fija Costo 150ppm móvil varían"
ham,"\CAN POR FAVOR SUBIR AHORA IMIN TOWN.DONTMAtter SI URGOIN OUTL8R, JUST REALMENTE NECESITA 2DOCD.POR FAVOR DONTIGNORE MYCALLS, ""U NO THECD ISV.IMPORTANTE TOME 4 2MORO\"""""""""""""""""
ham,Así que es ingenioso con los chicos.
ham,Yavnt intentó todavía y nunca jugó original tampoco
ham,"Hola, ¿has hablado con él desde el fin de semana?"
ham,Lo pensé todo.
ham,Estoy en el trabajo.
ham,prepárate para gemir y gritar :)
ham,Oh k :) ¿por qué tienes trabajo entonces qué pasa?
ham,"No lo creo, no necesitas salir tan tarde en una noche de escuela, especialmente cuando la clase que tienes es la que te perdiste el miércoles pasado y probablemente fallaste en una prueba el viernes."
ham,Y popping <#> ibuprofenos no fue de ayuda.
ham,"Nena ! ¿Cómo va ese día ? ¿Qué estás haciendo ? ¿Dónde estás ? Bebo mi capuchino y pienso en ti, mi amor ... Te envío un beso desde el otro lado del mar"
ham,De acuerdo.
ham,"PS U no es un adulto ahora, ¿verdad?"
ham,"Chinatown tiene avena, arroz arcilloso, pastel de ñame, beehoon cabeza de pescado... o comemos barato den go café n tok o vamos nydc o algo así..."
ham,Conozco a algunas personas a las que puedo golpear y joder con el sí.
ham,La pureza de la amistad entre dos no se trata de sonreír después de leer el mensaje enviado..Se trata de sonreír sólo por ver el nombre. Gud evng
ham,¿Hay algo específico que deba hacer con respecto al jaklin o qué?
ham,Voy a buscar en los acantilados cercanos ahora.
spam,"Teléfonos de cámara gratis con linerental a partir de 4,49/mes con 750 ntwk minutos cruzados. 1/2 precio txt paquete ofertas también avble. Llame al 08001950382 o call2optout/J MF"
ham,"Sí, tengo 10 páginas si añado cifras... ¿Cuántas páginas tengo?"
ham,"Oh, 4got, voy a empezar a bailar el vientre en moseley bodas 6:30 si quieres dos conmigo, tienen un café también."
ham,Muchas gracias por la llamada.
ham,Enhorabuena! Tratar pendiente.No estoy en el correo durante 2 días.se enviará una vez a través.Respetar a la madre en casa.check mails.
ham,"Llamé, pero nadie contesta el teléfono."
ham,Hola mi dirección de correo electrónico ha cambiado ahora es
ham,"V-alable. A-affectante. L-oveable. E-ternal. N-oble. T-ruthful. I-ntimate. N-atural. E-namous. Feliz \VALENTINES DÍA\"""" por adelantado"""
ham,"No mucho, sólo un mensaje de texto. ¿Qué hay de ti?"
ham,Tráelo si lo tienes.
ham,Estoy en una película. ¿Me llamas 4 wat?
ham,No estoy seguro de tener el estómago para ello ...
ham,Jaja... puedo... pero voy a cenar con mi primo...
ham,"Un niño llegó tarde 2 a casa. Su padre: \POWER DE FRNDSHIP\"""""""""
ham,"(Y mi hombre Carlos definitivamente viene por Mu esta noche, sin excusas)"
ham,¡Pronto tendrás la verdadera princesa! ¿Te hago mojar? :)
ham,Raji .. pls me hacen un favor. Pls transmitir mis deseos de cumpleaños a Nimya. Pls. Hoy es su cumpleaños.
ham,"Jaja, mis piernas y mi cuello me están matando y mis amigos esperan terminar la noche con una quemadura, ¿crees que podría pasar en una hora?"
spam,"URGENTE! Su móvil No 07xxxxxxxxx ganó un premio de bonificación de 2.000 dólares el 02/06/03! este es el segundo intento de llegar a TI! llame al 09066362231 lo antes posible! BOX97N7QP, 150PPM"
ham,"Por lo general, el cuerpo se encarga de comprar para asegurarse de que no progresa. ¿Podemos pls continuar esta charla el sábado."
spam,"URGENTE!! Su 4* Costa Del Sol vacaciones o 5000 esperan la colección. Llame 09050090044 Ahora a la reclamación. SAE, TC s, POBox334, Stockport, SK38xh, Cost1.50/pm, Max10mins"
ham,"Hmm bueno, noche noche"
ham,Sólo quería decir mierda de Dios que ustedes no estaban bromeando sobre este amigo
ham,"Sólo conseguir un poco de arte con mis collages en el mo, bien intento 2 ne manera! Tengo un asado en un minuto encantador voy a disfrutar de eso!"
ham,"Este es uno de los días que tienes mil millones de clases, ¿verdad?"
ham,"Buenos días, hoy llego tarde a las 2hs por dolor de espalda."
ham,"Vale, entonces le dejaré noe más tarde y le pediré que llame a..."
ham,Prabha .. soy Soryda ..realy ..frm corazón Lo siento
ham,¿Quieres que compre algo para tu casa?
ham,* Tendrá dos cajas más de u y está muy satisfecho con los estantes
ham,¡Encantado de hablar con usted! por favor no se olvide de mi pix :) Quiero ver a todos ustedes...
spam,Usted tiene WON un dinero garantizado 1000 o un premio 2000. Para reclamar el premio yer llame a nuestro representante de servicio al cliente en 08714712379 entre 10am-7pm Costo 10p
ham,Pero realmente bastante divertido lor wat... entonces tu shd haf correr distancia más corta wat...
ham,Me doy cuenta de que te gusta mirarte en el espejo de mierda te estás convirtiendo en un monstruo.
ham,Genial. Me estaba preocupando por ti. Sólo sé que una persona maravillosa y cariñosa como tú tendrá sólo lo mejor en la vida. Saber que u r maravilloso y el amor de Dios es tuyo.
spam,"Gracias por su pedido de tono de llamada, ref número K718. Su móvil se cargará 4.50. Si su tono no llega por favor llame a los servicios al cliente en 09065069120"
ham,"Prefiero mis días libres... mar, mar, fri oso pueden..."
ham,Alrite jod cómo va la revisión? Keris bin hacer una pizca. N e manera u quieres correrse después de la universidad?xx
ham,"Si me has creído, ven a mi casa."
ham,¿Dónde te hiciste la prueba?
ham,Esas eran mis intenciones exactas.
ham,jaja pero no dinero leh ... Más tarde tengo que ir a la matrícula ... Jaja y en busca de espacios vacíos para las clases de conducción
ham,"Oye, ¿por qué no vamos de acuerdo con lo que hablamos antes, excepto que no hay kb en el sol... porque no hay mucha lección para ir si asistimos a kb en el sat..."
ham,"K, wen ur libre venir a mi casa y también tel vikky i ha enviado correo a él también.. Más vale que llegue la noche il ser libre hoy a las 6pm..:-)"
ham,Nada sólo conseguir msgs por su nombre con diferentes no..
ham,"Buenos días, plz. Llámame señor."
ham,¿Cuál es tu número de habitación otra vez?
ham,"\Si.como no?!escuchado2el álbum de cuadros-todo gd&el nuevo aire1 que es hilarante-también compradobraindanceacomp.ofcosa en aphexs;""abel,""""u hav2hear it!c u sn xxxx\"""""""""""""""""""""",,"""
ham,Pls le dijo a Nelson que los bbs ya no vienen.
ham,"Dale algo de beber, si ella lo toma y no vomita entonces su temperatura podría caer."
ham,"Creo que mandaste el texto al teléfono de casa, que no puede mostrar los textos, si aún quieres enviarlo, su número es:"
ham,Todos los días suelo dormir después de <#> tan sólo.
ham,K Te llamaré cuando esté cerca
ham,¿Ya compras periódicos?
ham,"No, no, no, no, no, no, no, no, no, no, no, no, no, no, no, no, no, no, no, no, no, no, no, no, no, no, no, no, no, no, no, no, no, no, no, no, no, no, no, no, no, no, no, no, no, no, no, no, no, no, no, no, no, no, no, no."
ham,"Estoy en camino a mi mamá, está haciendo sopa de tortilla."
ham,No hay puzzeles de gestión.
ham,¿Cómo te enteraste de una manera que no incluía todos estos detalles
spam,"Hola ya babe x u 4goten sobre mí?' estafadores smart..Thought esto es un Vodafone regular no, si respondes obtienes más prem tasa msg / suscripción. Otros nos utilizados también. ¡Cuidado!"
spam,¿Puede U C me 2nite 4 alguna pasión sexy B4 Tengo 2 volver? Chat AHORA 09099726481 Luv DENA Calls 1/minMobsmoreLKPOBOX177HP51FL
ham,¿Quieres que te mimen? :)
spam,"Gracias por su pedido de tono de llamada, ref número R836. Su móvil se cargará 4.50. Si su tono no llega por favor llame a los servicios al cliente en 09065069154"
ham,"Estoy recibiendo amenazas de su ejecutivo de ventas, Shifad, mientras me quejo en su contra."
ham,Espero que las cosas hayan ido bien en 'médicos';) me recuerda que todavía necesito 2go.did u c d cosita que dejé en el salón?
ham,Den va a programar b lk en el sol?
ham,¿Lol disfruta mucho jugando a los roles?
ham,Yo también estoy viendo la tele.
ham,"Me encanta esta línea: \Me chocó con la verdad, no me importa, wil tolerat.bcs ur mi alguien..... Pero, ""Nunca me consuele con una mentira\"""""""""" gad ni8"" y dulces sueños"""""""""""""
ham,"Acabo de salir, y me voy a dejar mis cosas ahora."
ham,Aquí tengo un montón de aparador de pelo fr china.
ham,Triste historia de un hombre - La semana pasada fue mi b'day. Mi esposa no me deseaba. Mis padres olvidaron n así que mis hijos. Fui a trabajar. Incluso mis colegas no deseaban.
ham,Te llamaré por la noche enfermo algunas ideas.
spam,SplashMobile: Elija entre 1000s de tonos gr8 cada wk! Este es un servicio de subscrición con tonos semanales que cuestan 300p. U tienen un crédito - patada atrás y DISFRUTA
ham,¿Le enseñaste y te dijo o no podías darle 4 polvo?
ham,Debe tomar sobre <#> min
spam,No se sabe de U4 un tiempo. Llamar 4 grosera chat línea privada 01223585334 a cum. Wan 2C fotos de mí gettin follada luego texto PIX a 8552. 2End enviar STOP 8552 SAM xxx
ham,Bien... ahora estoy en el autobús... si vengo pronto... vendré mañana de lo contrario.
ham,No puedo coger el teléfono ahora mismo. Pls enviar un mensaje
spam,<Forwarded from 88877>Entrada libre en nuestro 250 semanal comp acaba de enviar la palabra ENTRAR a 88877 NOW. 18 T&C www.textcomp.com
ham,Terminar Liao... ¿U?
spam,88066 DESDE el 88066 PÉRDIDA AYUDA DE 3 PUNTOS
ham,"Jaja, creo que yo también."
ham,¿Sabes que miramos en Lido?
ham,"La vida con alguien durante toda la vida puede ser sin sentido, pero unos momentos pasados con alguien que realmente te ama significa más que la vida misma.."
ham,"Haha impresionante, he estado en 4u un par de veces. ¿Quién todo viene?"
ham,"No estés triste, querida."
ham,¿Crees que podría pasar en una hora o así? Mi compañero de cuarto está buscando para abastecerse para un viaje
ham,¡No es Brdget Jones!
ham,Te quiero aathi .. te quiero mucho ..
ham,"Hola! Cómo r u? Estoy aburrido. Nunca pensé que id se aburre con la televisión, pero yo soy. Dime algo emocionante ha sucedido allí? Cualquier cosa! =/"
ham,Hmm...Malas noticias...Plaza Hype Park $700 estudio tomado...Sólo dejó 2 bedrm-$900...
ham,"Lo siento, llamaré más tarde en la reunión."
ham,¿Vienes a cenar?
ham,"Llama, no puedo conectarte."
ham,¿A quién esperaste ayer?
ham,Llego a casa sano y salvo.
ham,"¡Muy bien, sí, por favor!"
ham,"Hola, wkend ok pero viaje terrible."
ham,He recibido dos cartas más de . Voy a copiarlas para usted porque uno tiene un mensaje para usted. Hable pronto
ham,"Alex conoce a un tipo que vende medias, pero está en Tampa Sur y no creo que pueda prepararlo antes de las 8:00."
ham,¿No tienes una oferta de mensaje?
spam,¿Tuvo su móvil 11mths? Actualiza gratis a Oranges los últimos móviles de cámara a color y llamadas ilimitadas de fin de semana. Llame a Mobile Upd8 en freefone 08000839402 o 2StopTx
ham,"Hola, cariño, ¿cómo te va?"
ham,Recuérdame cómo llegar y lo haré.
ham,:-( eso no es v romántico!
ham,Creo que he decidido mantener este mp3 que no funciona.
spam,Tiene un mensaje nuevo. Por favor llame al 08718738034.
ham,"Hola Darlin Im Missin, espero que te lo estés pasando bien. ¿Cuándo vuelves y qué hora es si puedes llamarme a casa?"
spam,<Forwarded from 21870000>Hola - esta es tu alerta de Mensajería de Mailbox. Tienes 4 mensajes. Tienes 21 coincidencias. Por favor llama al 09056242159 para recuperar tus mensajes y coincidencias
ham,Dibujar va?i no lo creo:)
ham,No contestes a la llamada cuando algo importante está ahí para contarlo.
spam,"Felicidades! 1 año especial de cine pase para 2 es suyo. llame al 09061209465 ahora! C Suprman V, Matrix3, StarWars3, etc todo 4 GRATIS! bx420-ip4-5we. 150pm. No se pierda!"
ham,Nada me viene a la mente.
ham,"<"";#>"" , eso es todo? Supongo que es bastante fácil"
ham,Podemos hacer un bebé en ti.
ham,¿Debo decirle a mi amigo que no venga hasta que <#> ish?
ham,poema de amistad: Querido O Querido U R no cerca pero puedo oír no conseguir miedo vivir con alegría No más lágrimas U R Siempre mi querido. Gud ni8
ham,Todavía en la zona del restaurante. Intentaré volver pronto.
ham,"De acuerdo, eso funcionará, gracias."
spam,GANAR un suministro anual de CDs 4 una tienda de u elección vale 500 y entrar en nuestro 100 sorteo semanal txt MUSIC a 87066 Ts&Cs www.Ldew.com.subs16+1win150ppmx3
spam,Moby Pub Quiz.Ganar un premio 100 High Street si usted sabe quién será la nueva Duquesa de Cornwall? Txt su nombre de pila a 82277.unsub STOP 1.50 008704050406 SP Arrow
ham,"Tengo dos sacos de dormir, una manta, papel y detalles telefónicos. ¿Algo más?"
spam,Usted ha ganado un Nokia 7250i. Esto es lo que obtiene cuando usted gana nuestra subasta GRATIS. Para participar envíe Nokia a 86021 ahora. HG/Suite342/2Lands Row/W1JHL 16+
spam,"¡Felicitaciones! Gracias a un buen amigo U han WON el premio 2,000 Xmas. 2 reclamo es fácil, sólo llame 08718726971 AHORA! Sólo 10p por minuto. BT-nacional-tasa."
spam,"tddnewsletter@emc1.co.uk (Más juegos de TheDailyDraw) Querida Helen, Docenas de Juegos Gratis - con grandes premiosCon.."
ham,"Entonces, ¿qué hacen ustedes?"
ham,"También esa charla fue increíble, pero no lo hagas regular a menos que puedas verla en persona."
ham,"Eso es significativo, pero no te preocupes."
ham,"Eso es la causa de tu edad, vivo para estar drogado."
ham,"Waqt se pehle o naseeb se zyada kisi ko kuch nahi milta,Zindgi wo nahi he jo hum sochte hai Zindgi wo hai jo ham jeetey hai............."
ham,De camino a la oficina da..
ham,¿En qué lugar quieres a papá?
ham,Este dolor no podría haber llegado en un momento peor.
ham,De acuerdo...
ham,¿Debería estar acosándote?
ham,"Lo siento amigo, no sé cómo lo olvidé, incluso después de que Dan me lo recordara, lo siento, espero que se divirtieran."
ham,Ok lor.
ham,Clase de aplicaciones varaya elaya.
ham,La historia de Navidad es la paz.. La Navidad msg es el amor.. El milagro de Navidad es Jesús.. Tener un mes bendito por delante & desea U Feliz Navidad...
spam,"URGENTE! Su número de móvil *************** **** WON a 2000 Bono Premio Llamador el 10/06/03! Este es el segundo intento de llegar a usted! Llame al 09066368753 lo antes posible! Box 97N7QP, 150ppm"
ham,Ese día preguntaste por el número Anand. ¿Por qué:-)
ham,Estoy surfeando tienda en línea. Para las ofertas desea comprar cualquier cosa.
ham,Long beach lor. ¿Estás cenando ahora?
ham,"En casa, por cierto."
ham,Los dos estamos bien.
ham,¿Qué le pasó a ella decir la verdad?
ham,¿Te gusta la comida italiana?
ham,Lo cual es raro porque sé que lo tuve en un momento dado.
ham,"\Aww usted debe estar casi muerto!Bien Jez viene a hacer algo de trabajoY ese whillTake para siempre!\"""""""
ham,Dile a tus amigos lo que planeas hacer el día de San Valentín @ <URL>
ham,"Muy bien, nos vemos en un rato."
ham,Salud por el mensaje Zogtorius. He estado mirando mi teléfono por una edad decidiendo si escribir o no.
ham,Yo me ocuparé del problema financiero.Yo ayudaré:)
ham,¿Por qué me hablas como un alian?
spam,Doble sus minutos y txts en Orange o 1/2 precio linerental - Motorola y SonyEricsson con B / Tooth FREE-Nokia GRATIS Llamar a MobileUpd8 en 08000839402 o2optout/HV9D
ham,"1) Ir a escribir msg 2) Poner en modo Diccionario 3) Cubrir la pantalla con la mano, 4) Presionar <"";#>"" . 5) Quitar suavemente la mano de Ur.. Es interesante..:)"
ham,Okie...
ham,"Hola, soy Yijue, ¿nos vemos a las 11?"
ham,Su posible dnt vive en <#> siglo cm frwd n thnk diferente
ham,Pero dormí en la tarde.
ham,Eso parece innecesariamente afectuoso.
ham,Yar si no voy a hacer de todo tipo de cosas divertidas.
ham,Estarás en el lugar de ese hombre.
spam,"Descargar tantos tonos de llamada como u como ninguna restricción, 1000s 2 elegir. U incluso puede enviar 2 años amigos. Txt Señor a 80082 3"
ham,Genial. ¿Cómo estuvo tu día?
spam,Por favor llame al 08712402902 inmediatamente ya que hay un mensaje urgente esperándole.
ham,R vamos con el autobús <#>?
ham,"Hola, mi amor ! ¿Cómo te fue el día ? ¿Estás bien ? Pienso en ti, mi dulce y enviar una sacudida a tu corazón para recordarte ... YO TE AMO! ¿Puedes escucharlo ? Lo grité a través del mar para que todo el mundo lo oyera. Ahmad al Hallaq es amado ! y poseído ! *posesivo beso apasionado*"
ham,"No, él se unió hoy mismo."
ham,"Bueno, gracias por la aclaración."
ham,Voy a hablar con los demás y probablemente sólo ven mañana temprano entonces
spam,"Spook encima de su turba con una colección de Halloween de un logotipo & mensaje de la foto más un tono extraño libre, txt CARD SPOOK a 8007 zed 087014170121150p por logo/pic"
ham,"Tenía el problema del dinero que me pesaba pero gracias a ti, puedo respirar más fácil ahora. Me aseguraré de que no te arrepientas."
ham,"Hola, siento haberme perdido tu llamada. ¿Puedes volver a llamar?"
ham,Espero que te hayas instalado para el nuevo año escolar.
spam,"Fantasy Football está de vuelta en su TV. Vaya a Sky Gamestar en Sky Active y jugar 250k Dream Team. La puntuación comienza el sábado, así que regístrese ahora!SKY OPT OUT to 88088"
ham,Ok entonces no hay necesidad de decirme nada Voy a dormir buenas noches
ham,Ok tratar de hacer curso fin de semana en coimbatore.
spam,Tone Club: Sus submarinos ya han expirado 2 re-sub respuesta MONOC 4 monos o POLYC 4 polis 1 semanal @ 150p por semana Txt STOP 2 parada Esta msg libre Stream 0871212025016
ham,V nice! Fuera 2 sheffield tom 2 aire mis opiniones sobre las categorías 2 b utilizado 2 medida etnicidad en el próximo censo. Transcripciones ocupadas. :-)
ham,Si usted r @ casa entonces bajar dentro de 5 min
ham,"Un chico amaba a una chica. Él propsd bt ella no le importaba. Él gv lv lttrs, Bt sus fnds lanzó thm. Una vez más d chico decidió 2 aproach d gal, dt tiempo un camión estaba acelerando hacia d gal. Cuando era sobre 2 hit d chica, d chico corrió como el infierno no la salvó. Ella preguntó 'hw cn u correr tan rápido?' D chico respondió \Boost es d secreto de mi energía\"""" n instantáneamente d chica gritó \""nuestra energía\"" n Thy vivió feliz 2gthr aumento de la bebida evrydy moral de la historia:- Yo hv libres msgs:D"";""): gud ni8"""""""
ham,"Ese día Í_ decir Í_ cortar el pelo en el paragón, ¿se llama sentido del cabello? ¿No Í_ no cuánto es un corte de cabello?"
ham,"Hmm, demasiados de ellos desafortunadamente... los peces obviamente no son pasteles calientes."
ham,Mirando la tele... ella es tan graciosa que nos engañamos con su 4 wat. ¿Izzit porque es imposible entre nosotros?
spam,¡Los sorteos del Premio XMAS! Estamos tratando de contactar con U. El sorteo de hoy muestra que usted ha ganado un premio 2000 GARANTIZADO. Llame al 09058094565 desde la línea terrestre.
ham,No sé que Neva diga...
ham,Thanx 4 2días! U r un buen compañero Creo que UR RITE SARI! ASOUSUAL! 1 U me cheered up! AMOR U FRANYXxxxx
ham,Me fui a casa a cambiar mi reloj y luego ir a comprar un poco.
spam,¡Sí! El único lugar en la ciudad para conocer emocionantes singles adultos está ahora en el Reino Unido. Txt CHAT a 86688 ahora! 150p/Msg.
ham,"Hola, Mobile no. <"";#>"" le ha añadido en su lista de contactos en www.fullonsms.com Es un gran lugar para enviar mensajes gratis a la gente Para más visitar fullonsms.com"
ham,"Buenas noches, señor, espero que usted está teniendo un buen día. Quería llevarlo a su aviso de que he estado atrasado en el pago de alquiler durante los últimos meses y han tenido que pagar un $ <"";#>"" cargo. Sentí que sería desconsiderado de mí para regañar sobre algo que usted da a gran costo a ti mismo y es por eso que no hablé. Sin embargo, estoy en una recesión y no será capaz de pagar la carga este mes por lo tanto mi piel bien antes de fin de mes. ¿Puede por favor ayudar. Gracias por todo."
ham,"Si te dejo hacer esto, te quiero en la casa a las 8 de la mañana."
ham,"La mejor línea dijo en Amor: . \I esperar hasta el día que pueda olvidar u O El día que te das cuenta de que no se puede olvidar de mí. \""""... Gn"""""
ham,Llegaré antes de las diez de la mañana.
ham,¡Tu coño es perfecto!
ham,"Lo siento, llamaré más tarde."
spam,"Alguien se ha puesto en contacto con nuestro servicio de citas y entró en su teléfono porque les gusta! Para averiguar a quién se llama desde un teléfono fijo 09058098002. PoBox1, W14RG 150p"
ham,Sin mensaje... sin responsabilidad... ¿qué pasó?
ham,También dónde está la pieza
ham,"wiskey Brandy Rum Gin Cerveza Vodka Scotch Shampain Wine \KUDI\""""yarasu dhina vaazhthukkal. .."""
ham,Boo. ¿Cómo están las cosas? Estoy de vuelta en casa y un poco aburrido ya :-(
ham,"En primer lugar ha ganado más que <#> kg desde que aceptó. En segundo lugar, ha hecho los análisis de azúcar en sangre. Si tiene y está bien y su presión arterial está dentro de los límites normales, entonces no se preocupe"
ham,¿Tomar el dinero ahora mismo?
ham,"Gracias da thangam, me siento muy feliz querida. También te echo de menos da."
ham,"Estoy en casa, pero no vestido porque está enfermo."
ham,No huyo frm u... Camino lentamente & me mata que no te importe lo suficiente para detenerme...
ham,"Nena, he vuelto... vuelve a mí..."
ham,"Bueno, le dijiste a otros que te casarías con ellos..."
ham,"Neshanth, dime quién es."
ham,¿YOYOYOYOBYATCH WHASSUP?
ham,Kay... ¿Se sentó bien?
ham,"Hola, soy Roger de CL. ¿Cómo estás?"
spam,Nena: U want me dont u baby! Soy desagradable y tener una cosa 4 mugrientos. Me apetece un momento grosero con una perra sexy. ¿Qué tal si vamos slo n duro! Txt XXX SLO(4msgs)
ham,"""Den muz chiong en set n sun liao"""
ham,"Dios santo perra, estoy tratando de darte drogas, contesta tu maldito teléfono."
ham,"Por favor, dale 2 o lo recogeré el martes por la noche sobre las 8 si eso está bien."
ham,Me reuniré con Darren...
ham,"Uno de los mejores diálogos en lindo reltnship..!! \Wen i Die,"""" No se acerquen a mi cuerpo..! Bcoz Mis manos no pueden venir 2 Lágrimas de orina de limpieza de ese tiempo..!Gud ni8"""""""""""""
ham,"Resuelve d Caso: Un hombre fue encontrado asesinado en <"";DECIMAL> . <#>"" Después del mediodía. 1, Su esposa llamó a la policía. 2, Policía interrogó a todos. 3, Esposa: Señor, yo estaba durmiendo, cuando el asesinato tuvo lugar. 4.Cook: Yo estaba cocinando. 5.Jardín: Yo estaba recogiendo verduras. 6. Casa-Maid: Fui 2 d oficina de correos. 7. Niños: Fuimos 2 jugar. 8. Vecino: Fuimos 2 un matrimonio. Policía arrestado d asesino inmediatamente. ¿Quién es? Responder con razón, Si U r Brillante."
ham,"Querido, donde estarás cuando llegue allí."
ham,Esa es la primera vez que dices que me echaste de menos sin preguntar si te extrañé primero. ¡Me amas! :)
ham,"De acuerdo, Thanx, yo también."
ham,"Ven a mí ahora mismo, Ahmad."
spam,No sé u y u no me conocen. Envíe CHAT a 86688 ahora y vamos a encontrarnos! Sólo 150p/Msg rcvd. HG/Suite342/2Lands/Row/W1J6HL LDN. 18 años o más.
ham,"Lol, por favor, envía una foto de ti mismo ahora mismo, quiero ver, posa con peine y secador de pelo o algo así."
ham,O no estaba en fps entonces.
ham,Huh significa ciencia computacional... y les gusta dar un empujón aquí y allá...
ham,"¿Podrías no leerme, mi amor?"
ham,"Oh... bueno, den, tomamos un final en Cinelor... Dun Wan yogasana oso can..."
ham,"Señora, lamentamos el disturbio. Puede recibir un cheque de referencia de DLF Premarica. amablemente ser informado. Rgds, Rajesh, Kerala."
spam,Servicios SMS Para su texto inclusivo créditos pls gotto www.comuk.net iniciar sesión 3qxj9 darse de baja con STOP sin cargo adicional ayuda 08702840625 comuk.220cm2 9AE
ham,Entonces será mejor que te vayas a bañar rápido y te calmes...
ham,"Lo haré a las 8pm, no tengo forma de contactarlo hasta entonces."
ham,Un bloo bloo bloo me perderé el primer tazón
ham,Lmao pero es tan divertido...
ham,Oh k k:) pero él no es un gran bateador.
ham,Hey!!! Casi me olvido ... Feliz día B nena ! Te quiero!!
spam,Especial Día de San Valentín! Ganar más de 1000 en nuestro examen y llevar a su pareja en el viaje de su vida! Enviar Ir a 83600 ahora. 150p/msg rcvd. CustCare:08718720201
ham,¿Crees que puedo mover <#> en una semana
ham,Te envié un mensaje fuera de línea para saber cómo está Anjola ahora.
spam,¿Adivina quién soy?Esta es la primera vez que creé una página web WWW.ASJESUS.COM leer todo lo que escribí. Estoy esperando tus opiniones. Quiero ser tu amigo 1/1
ham,¿Cómo fue txting y conducir
ham,"Eso es bueno, demos gracias a Dios, por favor completemos la droga, tomemos mucha agua y tengamos un hermoso día."
ham,Duerme temprano también.
ham,"Los indios son pobres, pero la India no es un país pobre. Dice uno de los directores de bancos suizos. Dice que \ <"";#>"" lac crore\"""" del dinero indio se deposita en bancos suizos que se pueden utilizar para ""sin impuestos"" presupuesto para <"";#> yrs. Puede dar <#> trabajos de crore a todos los indios. De cualquier pueblo a Delhi 4 caminos carriles. Para siempre libre energía sublemente a más de <#> proyectos sociales. Cada ciudadano puede obtener mensual <#> /- para <#> yrs. No hay necesidad de Banco Mundial &"" Préstamo del FMI. Piense cómo nuestro dinero está bloqueado por políticos ricos. Tenemos derechos plenos contra políticos corruptos. Itna adelante karo ki pura INDIA padhe.g.m.\"""""""""
ham,"Tío Boye. Necesito películas oh. Guíame. Además sabes que los torrentes no son particularmente legales aquí. Y el sistema se está ralentizando. ¿Qué debo hacer. Tener un día gr8. Además, han comenzado porque no te encuentro en línea. ¿Cómo era la luna de miel."
ham,"Sí, me acuerdo de papá."
ham,Btw con respecto a que realmente deberíamos tratar de ver si alguien más puede ser nuestro cuarto tipo antes de comprometernos con un tipo al azar
spam,"Para nuestra oportunidad de ganar 250 en efectivo cada wk TXT: PLAY a 83370. T's&C's www.music-trivia.net custcare 08715705022, 1x150p/wk."
ham,"No estoy ocupado, Juz dun wan 2 ir tan temprano."
ham,"Bien, todos nos levantamos temprano esta mañana."
ham,"Genial, ahora estoy en la iglesia, lo haré cuando salga."
ham,Gracias por ponernos y mantenernos a todos y felices.
ham,No lo hago si son escocesas.
ham,<#> gran loxahatchee xmas árbol de la quema de actualización: se puede ver totalmente las estrellas aquí
ham,"¡Sí, pero no me importa, te necesito mucho, princesa!"
ham,"El tipo (kadeem) no ha estado vendiendo desde el descanso, conozco a otro tipo pero es paranoico y no le gusta vender sin mí allí y no puedo estar allí hasta tarde esta noche"
ham,"Lo siento, llamaré más tarde."
ham,"Entonces, Í_ brin lar... Aiya más tarde vengo n c lar... Mayb Í_ neva set correctamente Í_ obtuve la hoja de ayuda wif Í_..."
ham,¿U knw dis no. <#> ?
ham,¿Entonces ella no cree en Wat?
ham,K.. devuélveme mi agradecimiento.
ham,Sé que la queja num sólo ..bettr directamente ir a bsnl offc y solicitarlo ..
ham,"Vale, lo he visto. ¿Así que debería elegirlo el viernes?"
ham,"Cuánto pagó, Suganya."
ham,El postre izquierdo. ¿Quieres que yo 2 vaya suntec look 4 u?
ham,"Abeg, haz ganancias, pero es un comienzo. ¿Lo estás usando para conseguir patrocinadores para el próximo evento?"
ham,Onum ela pa. Normal que.
ham,K.K. ¿Cómo están tus hijos hermanos?
ham,"Genial, te enviaré un mensaje cuando esté en camino."
ham,"Mientras ella habla, dile que te salude."
ham,No puedo hablar contigo ahora. Te llamaré cuando no pueda seguir llamando.
ham,Cualquier cosa lar...
ham,"Rose necesita agua, la temporada necesita cambio, poeta necesita imaginación..Mi teléfono necesita us sms y necesito us frandship encantadora para siempre...."
ham,"Buenas tardes, nena. ¿Cómo va ese día? ¿Alguna perspectiva de trabajo todavía? Te echo de menos, mi amor ... *suspira* ... :-("
ham,Ellos recogerán y caerán en el coche. Así que no hay problema..
ham,Creo que es un desperdicio para Rr.
ham,Él es famamus del mundo...
ham,¿Viene el viernes es la licencia para pongal?¿Usted recibe alguna noticia de su lugar de trabajo.
ham,"Lol, no lo hagas sin mí, podríamos hacer una gran venta juntos."
ham,♪ Estoy en camino ♪
ham,Comer en la vieja carretera del aeropuerto... pero ahora 630 oredi...
ham,"sry no puede hablar por teléfono, con los padres"
spam,"Última oportunidad! Reclamo ur 150 vale de vales de descuento hoy! Texto SÍ a 85023 ahora! SavaMob, miembro ofrece móvil! T Cs SavaMob POBOX84, M263UZ. 3.00 Subs 16"
ham,"Ok, ok, ok, ok, ok, ok, ok, ok, ok, ok, ok, ok, ok, ok, ok, ok, ok, ok, ok, ok, ok..."
ham,"Princesa, me gusta hacer el amor <"";#>"" veces por noche. Espero que eso no sea un problema!"
ham,Estoy de camino al ferrocarril.
ham,I dnt wnt to tlk wid u
ham,Lo siento espero que tu próximo espacio te dé todo lo que quieras recuerda que todos los muebles son tuyos si no estoy cerca cuando lo muevas cierra todas las cerraduras y deja la llave con Jenne
ham,Me gustaría mantenerme en contacto y será la forma más fácil de hacerlo desde Barcelona.
spam,"Spok up u mob con una colección de Halloween de logotipo nokia & mensaje pic más un tono extraño GRATIS, txt CARD SPOOK a 8007"
spam,Urgente! llame al 090666126661 desde teléfono fijo. Su 4 * Tenerife complementarios vacaciones o 10.000 efectivo esperar colección SAE T&Cs PO Box 3 WA14 2PX 150ppm 18+ Sender: Hol Offer
ham,K.:) hacerlo por la tarde da:)urgente:)
ham,Hace dos años que vives en la selva.
ham,Mm tener algunos kanji no comer nada pesado ok
ham,Sólo si prometes salir tan pronto como puedas y me envías un mensaje por la mañana para decirme que llegaste bien.
ham,"Lol, eso es diferente, no voy a buscar todas las fotos de la vida real que has tomado."
ham,No creo que sea un mal llamado entre nosotros.
ham,K ill drink.pa entonces qué hacer. Necesito srs modelo pls enviarlo a mi id pa correo.
ham,Aiyah e lluvia como leh bastante grande. Si lloviendo al menos puedo correr a casa.
ham,Tengo dos citas con médicos la semana que viene.:/ Estoy cansado de que me metan cosas. ¿Por qué no podría haber tenido un cuerpo normal?
ham,Dun b triste.. Se acabó.. Dun thk abt ya. Concéntrate en nuestros otros papeles k.
ham,"Saludos, considérate excusado."
ham,Ningún drama Pls.i ha tenido suficiente de ti y de la familia mientras estoy luchando bajo el sol caliente en un lugar extraño.No hay razón por la que debería haber un ego de no ir 'SI NO INVITADO' cuando en realidad su necesidad de ir.esperar para reppurcusiones muy serias.
ham,han lanzado otro italiano hoy y tiene una opción cosignataria
ham,"Deberías intentar averiguar cuánto dinero tiene todo el mundo para gasolina y alcohol, Jay y yo estamos tratando de averiguar nuestro presupuesto de hierba."
spam,WINNER! Como un cliente de red valorado que hvae ha sido seleccionado para recibir una recompensa de 900! Para recoger la llamada 0906170144. Válido sólo 24 horas. ACL03530150PM
ham,HCL chennai requiere FRESHERS para el proceso de voz.Se necesita excelente inglés.Salario hasta <#> .Llamar a la Sra. Suman <#> para entrevista telefónica -via Indiarocks.com
ham,Dai lo que este da... puedo enviar mi currículum a esta identificación.
ham,"Sé dónde está el <"";#>"", estaré allí alrededor de 5"
ham,"Sí, he terminado aquí..."
ham,Recuerda preguntarle a Alex sobre su pizza.
ham,No da .. hoy también me olvidé ..
ham,"Ola volvería a usted tal vez hoy no, pero le he dicho que usted puede ser su enlace directo en los EE.UU. en la obtención de coches que puja por en línea, usted organiza el envío y obtiene un corte. O U????? Para una asociación donde U????? Invertir dinero para el envío y se encarga del resto!U??Wud b autoconfianza pronto dnt preocupación"
ham,La razón por la que sólo estoy cerca cuando es hora de fumar es que debido al gas sólo puedo permitirme estar cerca cuando alguien me dice que lo esté y eso aparentemente sólo sucede cuando alguien quiere encenderse.
ham,"Hola, mi niño! Llegué a casa y mi constante pensamiento es de ti, mi amor. Espero que tengas una buena visita, pero no puedo esperar a que vuelvas a casa conmigo ...*beso*"
ham,Enhorabuena Kano..whr s el maga del tratamiento?
ham,¿De quién hablas?
ham,Sí...
ham,De acuerdo...
ham,"U despertar ya? Wat u haciendo? U recogernos más tarde rito? Estoy tomando sq825, alcanzando ard 7 smth 8 como dat. U puede comprobar e hora de llegada. C ya pronto ..."
ham,Younny estoy caminando en el enlace de la ciudad ahora.
ham,"Sí, claro. ¿Props?"
ham,"Hola, ¿has estado pagando dinero en mi cuenta? Si es así, gracias. Tengo una agradable sorpresa cuando revisé mi saldo -u c, no tengo declaraciones 4 que acc"
spam,U han ganado una nokia 6230 más una cámara digital gratuita. Esto es lo que obtiene cuando usted gana nuestra subasta GRATIS. Para participar envíe NOKIA a 83383 ahora. POBOX114/14TCR/W1 16
ham,Ok mal enviar con <DECIMAL> ok.
ham,¡Bognor lo es! Debe ser espléndido en esta época del año.
ham,Sí. Estoy en la oficina da:)
ham,"Lo siento, llamaré más tarde."
ham,"El padre de Joy es John, entonces John es el nombre del padre de Joy."
ham,Sólo le pregunto al cine. ¿U wan ktv oso?
ham,"Me pregunto por qué no he oído nada de ti este año, todo lo mejor de tu mcat, tengo este número de mis amigos de Atlanta."
ham,"Lo siento, llamaré más tarde."
ham,"No sé lei... podría comer con mis fres... si quieres comer, entonces espero 4 lar"
ham,"Lo siento, llamaré más tarde."
spam,Entrada GRATIS en nuestro 250 semanal comp sólo enviar la palabra WIN a 80086 AHORA. 18 T&C www.txttowin.co.uk
ham,"Di esto lentamente.? DIOS, YO TE AMO &Amp""; TE NECESITO, CLEAN MI CORAZÓN CON SU SANGRE.Envíe esto a diez personas especiales &Amp;"" u c milagro mañana, hágalo, pls, pls hágalo..."
ham,¿U noe cómo 2 enviar archivos entre 2 computadoras?
ham,"Mmmmm ... Me encantó despertar a sus palabras esta mañana ! Te extraño también, mi amor. Espero que su día vaya bien y usted es feliz. Espero a que estemos juntos de nuevo"
ham,Jay dice que va a poner en <#>
ham,Hay alguien aquí que quiero que veas.
ham,Así que el sol es un medicamento contra el sueño.
ham,¿Conseguiste un trabajo y empezaste a registrarte para la residencia permanente?
ham,Sip ok...
ham,Me alegro de que haya ido bien :) venir a las 11 entonces tendremos un montón de tiempo antes de Claire va a trabajar.
ham,"Bien, disfrútenlo."
ham,"¿Puede usted pls pls enviarme un correo en todo lo que sabe acerca de familiares que vienen a entregar aquí? Todo lo que sabe sobre costos, riesgos, beneficios y cualquier otra cosa. Gracias."
ham,Haz lo que quieras.
ham,Eso es y tenemos que combinar n c cómo ...
ham,La cantidad mensual no es tan terrible y no pagarás nada hasta 6 meses después de terminar la escuela.
ham,Hmmm:)¿Cuántos jugadores seleccionados?
ham,"Dicen que si va a nevar, empezará alrededor de las 8 o 9 pm."
ham,"¿Puedes enviármelo, además de cómo está el modo?"
ham,"Aiyo por favor, tengo tiempo."
ham,Paquete todos sus programas bien
ham,"Ella es nuestra hermana.. Ella pertenece a 2 nuestra familia.. Ella es d esperanza de mañana.. Reza 4 ella, que estaba destinado 4 d Shoranur incidente de tren. Vamos a sostener nuestras manos juntas &""; alimentado por amor & preocupación anterior 2 su dolor & dolor. Pls unirse en dis chain &"" pasarlo."
ham,¿Así que me están pidiendo que me devuelva las zapatillas o se fue el año pasado?
ham,Empresa es muy buena. medio ambiente es excelente y la comida es muy agradable:)
spam,"Text82228>> Obtenga más tonos de llamada, logotipos y juegos de www.txt82228.com. Preguntas: info@txt82228.co.uk"
ham,"Honestamente, acabo de hacer una encantadora taza de té y rápidamente se me cayeron las llaves y luego me quemé los dedos sacándolas."
ham,"Sí, pero no estoy estudiando surf."
ham,"Por favor, sen :) mi consejo amable :-) por favor, ven aquí y prueba:-)"
ham,Ya terminé.
ham,"Oh bien, estaré esta noche."
ham,Dame un poco de tiempo para caminar allí.
ham,Llegaré en 20 minutos ok...
spam,"FreeMSG Usted ha sido galardonado con una mini CAMERA DIGITAL GRATUITA, sólo tiene que responder SNAP para recoger su premio! (quizclub Opt out? Stop 80122300p/wk SP:RWM Ph:08704050406)"
ham,¿Cómo es que nunca volviste?
spam,Este mensaje es traído a usted por GMW Ltd. y no está conectado a la
ham,"Algunos amigos quieren que los lleve a algún lugar, probablemente tome un tiempo."
ham,Xy sugiere que uno no sea yo.
ham,¿Todavía estás recibiendo la mercancía.
ham,Y tal vez algunas prensas
ham,"Sí, ¿así que me iré quizá a las 7:00?"
ham,K.k..i también estoy bien:)¿cuándo completarás el curso?
ham,"Bajo el mar, hay una roca, en la roca hay un sobre, en el sobre hay un papel, en el papel hay tres palabras..."
ham,Le dije que tenía un Dr. Appt la semana que viene ella cree que voy a morir le dije que es sólo un cheque nada de qué preocuparse pero ella no escuchó
ham,¿Estás en tu habitación?
ham,No quiero oír nada.
ham,"Para mí no hay permiso el viernes, le preguntaré a mi superior y se lo diré."
ham,En última instancia tui tor motivo lograr korli.
ham,De 5 a 2 sólo mi tiempo de trabajo.
ham,_ y dont preocuparse we habrá terminado por march _ ish!
ham,"La casa está en el agua con un muelle, un barco enrollado con un noticiero que juega con flauta de jazz al volante"
spam,"Enhorabuena 2 móviles 3G Videophones R usted. llame a 09063458130 ahora! videochat wid ur mates, jugar juegos de java, carga de música pólipo, noline rentl. bx420. ip4. 5we. 150p"
spam,¡Tu próximo vídeo increíble xxx PICSFREE1 te será enviado a disfrutar! Si un vídeo no es suficiente para el texto de 2 días de vuelta la palabra clave PICSFREE1 para obtener el siguiente vídeo.
ham,¡Eso va a arruinar tu tesis!
ham,En sch pero neva mente u comer 1st lor..
ham,¿Dormiste toda la mañana?
ham,Pensé que el contrato se había acabado el 4 de octubre.
ham,No sé hasta cuando... vamos a aprender pilates...
spam,U están suscritos al mejor Servicio de Contenido Móvil en el Reino Unido por 3 por diez días hasta que envíe STOP a 83435.
ham,"Sí, estoy elaborando sobre los aspectos de seguridad y algunos otros asuntos.."
spam,"3 TEXTOS DE TAROT GRATIS! Infórmese sobre su vida amorosa ahora! PRUEBA 3 GRATIS! Text CHANCE to 85555 16 only! Después de 3 Gratis, Msgs 1.50 cada uno"
ham,"Buenos días, hoy llego tarde a la 1h."
ham,"Hola, feliz cumpleaños. Hola, hola, hola, hola, hola, hola, hola, hola, hola, hola, hola, hola, hola, hola, hola, hola, hola, hola, hola, hola, hola, hola, hola, hola, hola, hola, hola, hola, hola, hola, hola, hola, hola, hola, hola, hola, hola, hola, hola, hola, hola, hola, hola, hola, hola, hola, hola, hola, hola, hola, hola, hola, hola, hola, hola, hola, hola, hola, hola, hola, hola, hola, hola, hola, hola, hola, hola, hola, hola, hola, hola, hola, hola, hola, hola, hola, hola, hola, hola, hola, hola, hola, hola, hola, hola, hola, hola, hola, hola, hola, hola, hola, hola"
ham,Voy a estar fuera de la oficina tomar todo de allí
ham,"Si no respondes, Imma asume que sigues durmiendo y Imma empieza a llamar a la mierda."
ham,"Bien, nos vemos en un rato."
ham,Mi superior diciendo que el viernes es el permiso para todos los demás departamentos excepto el nuestro:) así que será el permiso para usted:) de cualquier manera llamar a waheed fathima hr y conformarlo:)
spam,Únete al servicio de Dogging más cachondo del Reino Unido y puedes tener sexo 2nite!. Sólo regístrate y sigue las instrucciones. Txt ENTRY a 69888 ahora! Nyt.EC2A.3LP.msg@150p
ham,Lol tengo que tomarlo. miembro cómo dije que mi tía flujo no visitó durante 6 meses? Es la causa de que desarrollé quistes ováricos. Bc es la única manera de reducirlos.
ham,Todavía trabajo en curso:) es una casa muy pequeña.
ham,"Mi amigo acaba de llegar y dice que está subiendo su pedido por unos gramos (tiene $ <"";#>"" ), ¿cuándo puedes llegar aquí?"
ham,Tmr timin sigue siendo el mismo porque me dieron la lección hasta las 6...
ham,"Eso es la cosa con los simios, usted puede luchar a la muerte para guardar algo, pero en el minuto que lo tienen cuando te sueltan, eso es todo!"
spam,Sunshine Quiz Wkly Q! Ganar un reproductor de DVD de Sony superior si usted sabe qué país Liverpool jugado a mediados de semana? Txt Ansr a 82277. 1.50 SP: Tyrone
ham,No no voy a ser capaz de.  demasiado tarde aviso.  estaré en casa en unas pocas semanas de todos modos.  ¿cuáles son los planes
ham,"Tengo fujitsu, ibm, hp, toshiba... tengo un montón de modelo como decir..."
ham,Okie... Thanx...
ham,"Dios, qué dolor, supongo que será mejor que vaya."
ham,"Como siempre..iam bien, feliz &"";"" haciendo bien..:)"
ham,Okie
ham,Así que cuando vas a tener acceso a Rimac
ham,"\Im en arestaurant comer calamares! Voy a estar fuera alrededor de 10:30 quiere hacer algo o es que hasta tarde?\"""""""""
ham,Llamas a los tiempos de trabajo hoy ok umma y les pides que aceleren
ham,"\HELLO U.CALL WEN U TERMINAR WRK.I FANCY MEETIN WIV U TODOS TONITE como necesito un descanso de DABOOKS. HIZO 4 HRS ÚLTIMO NITE + 2 HOY DE WRK!\"""""""
ham,R U & SAM P en eachother. Si nos encontramos podemos ir 2 mi casa
ham,:-) sí! Lol. Afortunadamente no tuve un papel protagonista como tú!
ham,"Hola señora, ¿cómo está?"
ham,"Impresionante, mándame un mensaje cuando estés reabastecido."
ham,"Como siempre..iam bien, feliz &"";"" haciendo bien..:)"
spam,Knock Knock Txt que allí a 80082 para entrar r sorteo semanal 4 un vale de regalo 250 4 una tienda de elección de años. T&Cs www.tkls.com age16 to stoptxtstop1.50/semana
ham,"Sí, es todo diversión inocente."
ham,Gracias por enviar esta pregunta de habilidad mental ..
ham,"Señor, espero que su día vaya sin problemas realmente esperaba no tener que molestarlo por esto tengo algunas cuentas que no puedo saldar este mes estoy sin todo el dinero extra sé que este es un momento difícil para usted también pero tengo que hacerle saber"
ham,Sólo 2marrow. Mié en <#> a 2 aha.
ham,"Fui a tu laboratorio, pero no hay nadie."
ham,No puedo coger el teléfono ahora mismo. Pls enviar un mensaje
ham,Hey pple...$700 o $900 por 5 noches... Excelente ubicación wif desayuno cesto!!!
spam,<Forwarded from 21870000>Hola - esta es su alerta de Mensajería de Buzón de Correos SMS. Tiene 40 coincidencias. Por favor llame al 09056242159 para recuperar sus mensajes y coincide con cc100p/min
ham,¿Por qué?
ham,"Lol! No fue tan malo gracias. Es bueno b casa, pero ha sido un cheque de la realidad. ¿Cómo ha sido tu día? ¿Hizo algo con el sitio web?"
ham,Ok lor...
ham,Voy a casa a cenar cuatro.
ham,S da..al r por encima de <#>
spam,"RING TONE GRATIS sólo texto \POLYS\"""" a 87131. Entonces cada semana obtener un nuevo tono. 0870737910216yrs sólo 1.50/wk."""""
ham,Unni gracias querida por la recarga .. Rajesh
ham,"Sé que me faltan la mayoría de los detalles de esta tormenta dramática en particular, pero en su mayor parte no estoy preocupado por eso."
ham,"Haha... no pueden qué... a lo sumo perder... jaja, ¿cómo?"
ham,"Hola! Me alegro de ti mejor ahora. He oído que te trataste a ti mismo a una cámara digi, ¿es bueno? Nos vamos a las 9pm. Tener un año nuevo fab, c u en coupla wks!"
ham,¡De ninguna manera voy a volver allí!
spam,"URGENTE! Su móvil No 077xxx WON un premio de bonificación de 2,000 llamador el 02/06/03! Este es el segundo intento de llegar a TI! Llame al 09066362206 lo antes posible! BOX97N7QP, 150ppm"
ham,"En la reunión, señor."
ham,"Eso es lo que me encanta escuchar: V verte al sol, entonces"
ham,"Lo siento da thangam, lo siento mucho estoy aguantado con prasad."
ham,Tiwary a rcb.battle entre bang y kochi.
ham,¡Gracias a Dios que están en la cama!
ham,"No, no tengo cáncer."
ham,Estoy en la universidad de artes gobi
ham,¿Por qué quiere hablar conmigo?
ham,Pandy se unió a las tecnologías 4w hoy. Él consiguió trabajo..
spam,"Usted está garantizado el último Nokia Phone, un reproductor de iPod MP3 de 40 GB o un premio 500! Txt palabra: COLLECT to No: 83355! IBHltd LdnW15H 150p/Mtmsgrcvd18"
ham,"Pueden intentarlo, pueden perderse, de hecho."
ham,¡Hola! Acabas de hablar con MANEESHA V. Nos gustaría saber si estás satisfecho con la experiencia. Responder Gratis con Sí o No.
ham,Mis amigos solían llamar así.
ham,"Lo siento, llamaré más tarde."
ham,"Em, su olowoyey@ usc.edu pasar un buen rato en Argentina. No triste por la secretaria, todo es una bendición"
ham,"Es, es un masaje de impuestos..tie-pos argh ok! Lool!"
ham,"Hola, puedo por favor obtener un préstamo de <"";#>"" dólar de usted. I.ll pagar de vuelta a mediados de febrero. Pls."
ham,"Tal vez quieras sacar más por si acaso y pensar en no gastarlo si puedes, no tengo mucha confianza en la gestión de dinero de Derek y Taylor."
ham,¿Te gusta sacudir tu trasero en la pista de baile?
ham,"Mándame un mensaje cuando salgas, no llames, mis teléfonos tienen problemas."
ham,Ya no hace falta la droga.
ham,Lo siento da:) se me ocurrió llamarte muchas veces:) lil ocupado. te llamaré al mediodía..
ham,Su sarcasmo.. .nt escarcasim
ham,¡Tengo que correr ahora tan tyl!
ham,¿Quieres probar kadeem de nuevo? :V
ham,Dai <#> naal eruku.
ham,Todavía no chikku..wat abtu?
ham,De acuerdo...
ham,¿Quieres finalmente almorzar hoy?
ham,¿Sabes cuándo volverá papá?
spam,"Hola cariño, ¿cómo estás hoy? Me encantaría tener una charla, ¿por qué no me dices cómo te ves y lo que estás en sexy?"
spam,8007 GRATIS para la primera semana! No1 Nokia tono 4 u mob cada semana txt NOKIA a 8007 Obtener txting y decirle a sus compañeros www.getzed.co.uk POBox 36504 W4 5WQ norma 150p/tone 16+
ham,Él sigue siendo un hermano entre hermanos
ham,¿Conoció a Da Ge en Nite Tmr?
ham,"* Fue un buen día y, impresionantemente, yo era sensible, se fue a casa temprano y ahora se siente bien. O sólo estoy aburrido?! Cuando es el tuyo, no puedo recordar."
ham,¿Por qué de. Te ves bien sólo:-)..
spam,¿Quieres tener sexo 2nite? ¿Quieres real Dogging ubicaciones enviadas directamente a nuestro móvil? Únete a la red de Dogging más grande del Reino Unido. Txt PARK a 69696 ahora! Nyt. ec2a. 3lp 1.50/msg
spam,tratamos de contactar con usted para su respuesta a nuestra oferta de una nueva respuesta de nokia fone y videocámara o llamar al 08000930705 para la entrega
ham,"Sí, contestaron mi correo, iré a la oficina de administración más tarde, y también iré al banco más tarde, o el miércoles."
ham,"Eso es genial, voy a venir como <"";#>"" ish"
ham,Super msg da:)nalla cronometración.
ham,"Buenas tardes, mi niño... ¿Cómo te sientes hoy? ¿Mejor espero? ¿Estás siendo mi buen chico? ¿Eres mi obediente, esclavo? ¿Te agrada tu Reina?"
ham,Estoy 6 pies. ¡Seremos una buena combinación!
ham,¡Estoy enfermo! ¡Estoy necesitado! ¡Te quiero a ti! ¡Quiero a mi esclavo! ¡Lo quiero ahora!
ham,* Estoy en un tren de vuelta de Northampton así que me temo que no!
ham,¿Dónde en abj estás sirviendo? ¿Te quedas con papá o solo?
ham,Era juego 9 puertas juego y gt carreras en el teléfono lol
spam,"Nuevos tonos Esta semana incluyen: 1)McFly-All Ab.., 2) Sara Jorge-Shock.. 3) Will Smith-Switch.. Para ordenar siga las instrucciones en el siguiente mensaje"
ham,"Resuelve d Caso: Un hombre fue encontrado asesinado en <"";DECIMAL> . <#>"" Después del mediodía. 1, Su esposa llamó a la policía. 2, Policía interrogó a todos. 3, Esposa: Señor, yo estaba durmiendo, cuando el asesinato tuvo lugar. 4.Cook: Yo estaba cocinando. 5.Jardín: Yo estaba recogiendo verduras. 6. Casa-Maid: Fui 2 d oficina de correos. 7. Niños: Fuimos 2 jugar. 8. Vecino: Fuimos 2 un matrimonio. Policía arrestado d asesino inmediatamente. ¿Quién es? Responder con razón, Si U r Brillante."
ham,Estoy en el autobús yendo a casa...
ham,Recibí una llamada de un número fijo. . . Me pidieron que viniera a Anna Nagar. . . Iré por la tarde.
ham,"Estoy bien, persiguiendo el sueño, lo que está bien, lo que estás haciendo ahora."
ham,Yupz... he reservado oredi ranuras 4 mis fines de semana liao...
spam,URGENTE! Estamos tratando de contactar con U. Sorteo de hoy muestra que usted ha ganado un premio 800 GARANTIZADO. Llame a 09050003091 desde la línea de tierra. Reclamación C52. Válido sólo 12 horas
ham,Hay muchos modelos..sony ericson también der.. <#> ..it luks buena bt me olvidé modl no
ham,Okie
ham,"Sí, conozco las canciones cursi de Frosty el muñeco de nieve :)"
ham,"Ya ok, vikky vl c witin <"";#>"" minutos y il responder u.."
spam,aficionados a los deportes - obtener las últimas noticias deportivas str* 2 tu móvil 1 wk GRATIS PLUS a GRATIS TONE Txt SPORT ON a 8007 www.getzed.co.uk 0870141701216+ norma 4txt/120p
ham,Hey tmr nos encontramos en Bugis 930 ?
spam,"Urgente Urgente! Tenemos 800 vuelos GRATIS a Europa para regalar, llamar al B4 10 de septiembre y tomar un amigo 4 GRATIS. Llame ahora para reclamar el 09050000555. BA128NNFWFLY150ppm"
ham,Todas estas camisas nuevas y la única cosa que puedo usar es nudista temática ;_; usted en mu?
ham,Hey bollos sexy! ¿Qué hay de ese día? No hay noticias de ti esta mañana en YM ... :-( ... Pienso en ti
ham,Y cada vez que tú y yo vemos que todavía podemos conectarnos también.
ham,"No, pero ahora me voy a casa y luego voy a bombear gasolina... como hacer 2 lluvias pronto..."
ham,¿Puedes usar sellos extranjeros para lo que sea que los envíes?
spam,DESDE EL 88066 PERDIDO 12 AYUDA
ham,Oh bebé de la casa. ¿Cómo es que no tienes ninguna foto nueva en facebook
ham,"Feb <"";#>"" es \I AMOR U\"""" día. Enviar dis a todos ur \""""""VALUED FRNDS\"" evn me. Si 3 vuelve u'll gt casado d persona u luv! Si ignoras dis u perderá ur luv 4 Evr"""""
ham,"Hola, lo siento no ha tenido señal. No he visto ni oído de y tampoco ha, que es inusual en sí mismo! Voy a poner en el caso y conseguir que lo resuelva! Abrazos y snogs."
ham,"Omw de vuelta a Tampa desde West Palm, ¿oyó lo que pasó?"
ham,"Sí, ya no más... Que la impresión de 4 n entregarlo."
spam,FreeMsg: ¿Te apetece coquetear? Responder FECHA ahora y unirse al servicio de citas móviles de crecimiento más rápido del Reino Unido. Msgs rcvd just 25p to optout txt stop to 83021. Responder FECHA ahora!
ham,Lo que quiero decir es que vienen a perseguirte cuando termina o es que dice que puedes ver tantas películas como quieras.
ham,S ahora sólo tomé tabletas. Reacción sólo por la mañana.
spam,Gran oferta nueva - Double Mins & Double Txt en las mejores tarifas naranjas y obtener los últimos teléfonos de cámara 4 GRATIS! Llame a MobileUpd8 gratis en 08000839402 AHORA! o 2stoptxt T&Cs
ham,"No, soy un DD perpetuo."
ham,Siento haber ido de compras.
spam,Espero que haya disfrutado de su nuevo contenido. texto parar a 61610 para darse de baja. ayuda:08712400602450p Proporcionado por tones2you.co.uk
ham,"wen u bcums adorables enojado wid u, dnt tomarlo en serio.. coz estar enojado es d más infantil n verdadera manera de mostrar afecto profundo, cuidado n luv!.. kettoda manda... tener un buen día da."
ham,"Oye, ¿todavía quieres ir por yogasana? Coz si terminamos en cine entonces podemos ir a bañarnos y tener el baño de vapor"
ham,"No, no, no, no, no, no, no, no, no, no, no, no, no, no, no, no, no, no, no, no, no, no, no, no, no, no, no, no, no, no, no, no, no, no, no, no, no, no, no, no, no, no, no, no, no, no."
ham,Estoy pensando en ir a reg para las lecciones de práctica.. Flunck mi avance.. Haha wat time u going?
ham,Genial. Soy <#> pulgadas de largo. Espero que te gusten grandes!
ham,"House-Maid es el asesino, porque el hombre fue asesinado en <"";#>"" el mes de enero.. Como fiesta pública todas las instituciones del gobierno están cerradas, incluyendo la oficina de correos..entender?"
ham,Okie .. Thanx ..
spam,18 días para el inicio de Euro2004! U se mantendrá informado de todas las últimas noticias y resultados diarios. Cancelar suscripción enviar GET EURO STOP to 83222.
ham,Juz comprar cuando lleguemos allí lar.
ham,Ok lor...
ham,Estoy trabajando soporte técnico :) proceso de voz.
ham,¡Hace más de una semana que rompimos y ya nuestros cerebros van a pulirse!
ham,"Tunde, ¿cómo estás? Esto es sólo desearte un gran día."
ham,No... entonces...
ham,"No, pero haremos misiones médicas a Nigeria."
ham,"No, no tengo ninguna película en mi portátil."
ham,"¿Qué pasa, no quieres dormir?"
spam,Urgente Por favor llame al 09066612661 desde teléfono fijo. 5000 efectivo o un lujoso 4* Islas Canarias Vacaciones esperar colección. T&Cs premio SAE. 20M12AQ. 150ppm. 16+
spam,"Urgente! Por favor llame al 090666126661 desde su teléfono fijo, sus vacaciones gratuitas de 4* Lux Costa Del Sol o 1000 CASH esperan colección. ppm 150 SAE T&Cs James 28, EH74RR"
ham,No he... ¿El próximo mon lata?
ham,Tengo sueño. Hoy mismo tendré a esa querida.
ham,"¿Cómo te atreves, estúpido? No te diré nada."
ham,¿No si Ben se va?
ham,¿Puedes hacer una reunión de revista con este avo en algún momento?
ham,¿Me refiero a la mitad izquierda o derecha?
ham,Me estrellé en mi sofá.
ham,Hola Chachi intentó llamarte ahora incapaz de llegar a u.. Pl dame un cal perdido una vez u c tiz msg Kanagu
ham,"Te envié los precios y te refieres a la <"";#>"" g,"
ham,¿Eres tan efervescente?
ham,Nada.
spam,No sé u y u no me conocen. Envíe CHAT a 86688 ahora y vamos a encontrarnos! Sólo 150p/Msg rcvd. HG/Suite342/2Lands/Row/W1J6HL LDN. 18 años o más.
ham,No * estoy trabajando en lo que suena u pero tengo toda la casa llena de mocosos gritando así que * estoy tirando de mi pelo!
ham,Pero mi familia no responde por nada. Ahora estoy en la habitación no fue a casa para diwali pero nadie me llamó y por qué no venir. Me hace sentir como muerto.
ham,"Tic, tic, tic..."
ham,¿Vas a la reunión de hoy?
ham,K da:) ¿Cuántas páginas quieres?
ham,Acabas de comer un asado de cebolla.
ham,Envíale su número y responde mañana por la mañana por qué le dijiste eso así ok
ham,"Dijiste que no ahora, no hay problema, cuando puedas házmelo saber."
ham,"Ok, pero dime media hora b4 u venir necesito 2 preparar."
ham,¿Juegas a la computadora Aiyah i tok 2 u lor?
ham,"Bien, gracias..."
ham,"Lo que es peor, un tipo que siempre quiere festejar o un tipo que presenta una queja sobre los tres drogadictos con los que vive."
ham,"Está bien, comida china en camino, cuando gorjee, me pagarás mi lipocito."
ham,Ya estamos afuera.
ham,"Ten un buen viaje, ten cuidado, recuerda que cuando regreses tenemos que decidirnos por Easter."
ham,Estamos viendo una película en netflix.
ham,¿A qué hora. Im fuera hasta prob 3 o así
ham,"Algunos chocarán... realmente ah, no me importa... he visto haber perdido peso..."
ham,No creo que sea un mal llamado entre nosotros.
ham,No estoy seguro sobre el menú nocturno. . . Sólo sé sobre el menú del mediodía
ham,ARR cumpleaños hoy:) Le deseo que consiga más Oscar.
ham,"Di esto lentamente.? DIOS, YO TE AMO &Amp""; TE NECESITO, CLEAN MI CORAZÓN CON SU SANGRE.Envíe esto a diez personas especiales &Amp;"" u c milagro mañana, hágalo, pls, pls hágalo..."
ham,"Abra rebtel con firefox. Cuando se carga sólo poner signo más en el lugar de nombre de usuario, y le mostrará dos números. El número más bajo es mi número. Una vez que elija ese número el pin se mostrará bien!"
ham,y recogerlos de varios puntos
spam,Mujeres casadas locales que buscan una acción discreta ahora! 5 partidos reales al instante a su teléfono. Texto MATCH to 69969 Msg cost 150p 2 stop txt stop BCMSFWC1N3XX
ham,Wow v v impresionado. Diviértete comprando!
ham,Estoy de camino a casa.
spam,Burger King - ¿Quieres jugar al fútbol en un estadio de primera? Consigue 2 Burger King antes del 1 de septiembre e ir grande o Super con Coca-Cola y salir de un ganador
ham,No hay problema.
ham,"Entonces, ¿cómo es que tu hermana?"
ham,Todavía en el lugar del cliente
spam,¿Cómo es que a un niño que teme a la oscuridad le toma tan poco tiempo convertirse en un adolescente que quiere quedarse fuera toda la noche?
ham,"Dude u knw también telugu..thts gud..k, gud nyt.."
ham,¿Confirmamos comer en explanada?
ham,Envíeme su identificación y contraseña
ham,Una especie de. Lo llevó al garaje. Centro parte de las necesidades de escape de sustitución. Parte ordenó n tomarlo para ser fijado mañana a la mañana.
spam,"Para nuestra oportunidad de ganar un 250 efectivo cada wk TXT: ACTION a 80608. T's&C's www.movietrivia.tv custcare 0871245022, 1x150p/wk."
ham,"Bueno, puede que no vaya entonces..."
ham,"Mucho después de que lo dejé, sólo me llevo 5 minutos al día."
ham,Entonces su más probable llamado Mittelschmertz. Google it. Si usted no tiene paracetamol no se preocupe que va a ir.
ham,"Bueno, a esta derecha voy a tener que levantarme y revisar las ventas de vapor de hoy, así que mándame un mensaje cuando quieras que vaya a buscarte."
ham,"Acaba de llegar, nos vemos en un par de días <"";""3"
ham,"K, ¿esto es un incidente?"
ham,"Sí, consigue el ilimitado."
ham,cEntonces i thk shd b enuff.. Todavía tengo la conclusión n contenido pg n referencias.. Voy a b haciendo da contenido pg n cubierta pg..
ham,"Olvidé que me tomó 3 años ducharme, lo siento. ¿Dónde estás en / tu teléfono muerto todavía?"
ham,Tenemos que comprar y luego no hay necesidad de volver a entrar.
ham,Cuando usted es grande ..  Dios traerá el éxito.
spam,Uave Bin otorgado 50 para jugar 4 dinero instantáneo. Llamar 08715203028 para reclamar. Cada 9o jugador gana Min 50-500. OptOut 08718727870
ham,"¿Cómo lo hicimos en el rugby este fin de semana? Hola a y , c u pronto \"""
ham,No de este campus. ¿Estás en la biblioteca?
ham,"La declaración jurada dice <"";#> E Twiggs St, división g, sala de audiencias <#> , <TIME>"" AM. Voy a comprobar y enviarle un mensaje de texto de nuevo mañana"
ham,¿Cómo voy a escabullirme sobre ti ahora?
ham,Dile a tus amigos lo que planeas hacer el día de San Valentín @ <URL>
ham,"Si llego antes que tú después de tus diez mil millones de llamadas y mensajes, ayúdame Dios."
ham,La pureza de la amistad entre dos no se trata de sonreír después de leer el mensaje enviado..Se trata de sonreír sólo por ver el nombre. Gud evng musthu
ham,Le he dicho que se lo he devuelto.
ham,"House-Maid es el asesino, porque el hombre fue asesinado en <"";#>"" th Enero.. Como fiesta pública todas las instituiciones del gobierno están cerradas, incluyendo la oficina de correos.."
ham,Depende de a dónde vayas.
ham,Y sonríeme ahora mismo mientras vas y el mundo se preguntará por qué estás sonriendo y pensarás que estás loco y mantente alejado de ti ... *grins*
spam,FreeMsg>FAV XMAS TONES!Responder REAL
ham,Fiebre lil:) ahora bien:)
ham,Creo que todo sigue en mi coche.
ham,¿Puede un no?
spam,¿Tuvo su móvil 11mths+? Usted tiene derecho a actualizar a la última cámara a color móvil de forma gratuita! Llame a la actualización móvil Co FREE en 08002986906
ham,"Sí, princesa, quiero atraparte con mis manos fuertes."
ham,"Oh, sí, lo olvidé, solo puedes llevar a dos de compras a la vez."
ham,Así que me pediste que no llamara a la radio.
ham,"Pensar en alguien es bueno, no hay drogas para eso."
ham,"Di esto lentamente.? DIOS, YO TE AMO &Amp""; TE NECESITO, CLEAN MI CORAZÓN CON SU SANGRE.Envíe esto a diez personas especiales &Amp;"" u c milagro mañana, hágalo, pls, pls hágalo..."
ham,"Disfrute de las lluvias de posesividad vertidas en u por nuestros seres queridos, bcoz en este mundo de mentiras, es un regalo de oro para ser amado verdaderamente.."
ham,"Está bien, si estás seguro, avísame cuando te vayas."
ham,"Algunos duran hasta 2 horas, puede que tengas suerte."
ham,"Genius, ¿cómo está tu hermano? Pls envía su número a mi skype."
spam,"Gr8 Poly tones 4 TODAS las turbas dirigen 2u rply con el TÍTULO POLY a 8007, por ejemplo POLY BREATHE1 Títulos: CRAZYIN, SLEENINGWITH, FINEST, YMCA :getzed.co.uk POBox365O4W45WQ 300p"
ham,Algunos de ellos encuentran demasiado lejos... que Weiyi no va... que aún no sé... que voy a cenar 4 veces... que podría unirme...
ham,No olvides quién es tu dueño y quién es la propiedad privada que eres... y sé mi buen chico siempre... *beso apasionado*
spam,INTERFLORA - No es demasiado tarde para pedir flores Interflora para Navidad llame al 0800 505060 para hacer su pedido antes de la medianoche de mañana.
ham,Oh Dios .. tomó los dientes?es doloroso
spam,ROMCAPspam Todo el mundo debe estar respondiendo bien a su presencia ya que usted es tan cálido y extrovertido. Usted está trayendo un verdadero soplo de sol.
ham,Entonces le pides a Darren que vaya a buscarte... pero yo soy sian tmr haf 2 meet lect...
ham,No hay necesidad de comprar el almuerzo para mí .. como maggi mee ..
spam,"Enhorabuena - Gracias a un buen amigo U han WON el premio 2,000 Navidad. 2 reclamo es fácil, sólo llame al 08712103738 AHORA! Sólo 10p por minuto. BT-nacional-tasa"
ham,Ok lor...
ham,"Oh, bien, vale. Me aseguraré de que haga un montón de trabajo durante el día! tengo una tos realmente desagradable hoy y es seco n tiro así que realmente debería ayudar!"
ham,Esposa. Cómo sabía exactamente la hora del asesinato.
spam,Enviar un logo 2 ur amante - 2 nombres unidos por un corazón. Txt LOVE NAME1 NAME2 MOBNO eg LOVE ADAM EVE 0712456789 to 87077 Yahoo! POBox36504W45WQ TxtNO 4 no ads 150p.
ham,Howz esa historia de las personas
ham,Thanx 4 enviándome a casa...
ham,Su correo normalmente caliente. ¡Com ves!
spam,"Usted ha ganado tkts a la EURO2004 CUP FINAL o 800 efectivo, para recoger la llamada 09058099801 b4190604, POBOX 7876150ppm"
ham,U enfermo todavía puede ir de compras?
ham,"Ya están bien y bien., BBD(pooja) granos completos .. incluso ella se vuelve bastante negro .. y ur rito aquí es demasiado frío, con sudor .."
ham,Bien. ¿Cómo está funcionando?
ham,El 1 me llama a casa.
ham,Tratamos de encontrar un lugar de comida china por aquí.
ham,"Fácil amigo, * supongo que la bebida rápida era un poco ambiciosa."
ham,BABE !!! ¡Te miiiiiiissssssssssssssssssssssssssssssssssssssssssssssssssssssssssssssssssssssssssssssssssssssssssssssssssssssssssssssssssssssssssssssssssssssssssssssssssssssssssssssssssssssssssssssssssssssssssssssssssssssssssssssssssssssssssssssssssssssssssssssssssssssssssssssssssssssssssssssssssssssssssssssssssssssssssssssssssssssssssssssssssssssssssssssssssssssssssssssssssssssssssssss!!!!!!!!!!!!!!!!!!!!!!!!!!!!!!!!!!!!!!!!!!!!!!!!!!!!!!!!!!!!!!!!!!!!!!!!!!!!!!!!!!!!!!!!!!!!!!!!!!!!!!!!!!!!!!!!!!!!!!!!!!!!!!!!!!!!!!!
ham,Ok thanx...
ham,Aathi..donde estás querida..
ham,"Tunji, ¿cómo está la reina? ¿Cómo estás? Esto es sólo desearte un gran día. Abiola."
ham,Hoy iZ Día de rosa amarilla. Si te gusta mi frandship dame 1 llamada perdida & enviar esto a ur frndZ & Ver cuántas llamadas perdidas u obtener. Si usted consigue 6 perdido U casarse con ur Lover.
ham,Estará fuera de clase en unas horas. Lo siento.
ham,¿Es hora de que termines tu lectura hoy?
spam,"Mensaje gratis: ¡Jamster!¡Consigue el sonido loco de la rana ahora! Para texto poli MAD1, para texto real MAD2 a 88888. ¡6 sonidos locos por solo 3 GBP/semana!"
ham,"Triste historia de un hombre - La semana pasada fue mi b'day. Mi esposa no me deseaba. Mis padres se olvidaron n así que mis hijos. Fui a trabajar. Incluso mis colegas no deseaban. Como entré en mi cabina mi PA dijo, '' Feliz B'Day Boss !!''. Me sentí especial. Ella me pidió 4 almuerzo. Después del almuerzo me invitó a su apartamento. Fuimos allí. Ella dijo,'' ¿te importa si entro en el dormitorio por un minuto ? '' '' OK '', me senté de humor sexy. Ella salió 5 minutos latr wid un pastel...n Mi esposa, Mis padres, Mi Kidz, Mis amigos n Mis colegas. Todos gritando..... SUPRISE !! y yo estaba esperando en el sofá.. ....."
spam,"TU OPORTUNIDAD DE ESTAR EN UNA FANTASÍA DE REALIDAD Llama ahora = 08707509020 Sólo 20p por min NTT Ltd, PO Box 1327 Croydon CR9 5WB 0870 es una llamada nacional = tarifa"
ham,Es bueno saber de ti. ¿Cómo estás querida? Feliz año nuevo.
ham,¿Vas a ir a la entrevista de Wipro hoy?
ham,"¿Qué tan alto eres, princesa?"
ham,Dudo que puedas manejar 5 veces por noche en cualquier caso...
ham,Haha... espero que pueda oír el sonido del recibo... ¡Buena suerte!
ham,Voy a dejar una nota que dice que todo es culpa de un ladrón.
ham,"Proverbio japonés: Si uno puede hacerlo, U también puede hacerlo, Si ninguno puede hacerlo, U debe hacerlo versión india: Si uno puede hacerlo, deja que él lo haga.. Si nadie puede hacerlo, sácalo!! Y finalmente versión Kerala: Si uno puede hacerlo, Deténgalo hacerlo.. Si nadie puede hacerlo, Haga un golpe contra él ..."
ham,"Hoy no estoy trabajando, pero no estoy libre... ¿Trabajas en la tienda de tu Fren?"
ham,En la vida cuando te enfrentas a las elecciones Simplemente lanza una moneda no por su solución de la pregunta Pero mientras que la moneda en el aire U sabrá lo que su corazón está esperando. Gudni8
ham,"¿Sabes por qué Dios creó espacio entre tus dedos..? Para que, Uno que está hecho para ti venga &"";"" llena esos huecos sosteniendo tu mano con AMOR..!"
ham,Quiero estar allí para poder besarte y sentirte a mi lado.
ham,No estoy del todo contento con lo que dices o haces.
spam,Adulto 18 Contenido Su vídeo estará con usted en breve
ham,"Bien, eso sería encantador, si es seguro. Piensa en lo que quieres hacer, beber, bailar, comer, cine, entrar, salir, acerca de..."
ham,"Lo que digo es que si no le has dicho explícitamente a Nora, conozco a alguien que probablemente no me moleste."
ham,Dice hola y para llevar tu culo de vuelta al sur de Tampa (preferiblemente en un kégger)
ham,Smith desperdicia da.i quiere gayle.
ham,"Mamá, te he enviado muchos mensajes desde que llegué aquí, sólo quiero saber que los estás recibiendo, disfruta el resto de tu día."
ham,"De acuerdo, mañana alrededor de <"";#>"" es"
ham,"House-Maid es el asesino, porque el hombre fue asesinado en <"";#>"" el mes de enero.. Como fiesta pública todas las instituciones del gobierno están cerradas, incluyendo la oficina de correos..entender?"
spam,"TU OPORTUNIDAD DE ESTAR EN UNA FANTASÍA DE REALIDAD Llama ahora = 08707509020 Sólo 20p por min NTT Ltd, PO Box 1327 Croydon CR9 5WB 0870 es una llamada nacional = tarifa."
ham,"De hecho, lo hice por primera vez en un tiempo. Me fui a la cama no mucho después de hablar contigo."
ham,¡Nos vemos allí!
ham,No entiendo su mensaje.
ham,Crucify es c no s. Deberías habérmelo dicho antes.
ham,"Idk, sigues diciendo que no lo eres, pero desde que se movió, seguimos enfrentándonos a la libertad contra la responsabilidad y estoy cansada tengo tantas otras cosas con las que lidiar que apenas me mantengo unida una vez que esto se añada."
ham,A la mierda la llave de cedro y follarla (ven de todos modos tho)
ham,Las cinco y veinte dijo que este tren ya había estado en Durham o no porque estoy en un asiento reservado.
spam,"Hola chicos. ¿Quieres fotos calientes XXX enviado directo 2 u teléfono? Txt PORN a 69855, 24 horas gratis y luego sólo 50p por día. Para detener el texto STOPBCM SF WC1N3XX"
ham,¿Sigues pintando tu pared?
spam,"Última oportunidad! Reclamo ur 150 vale de vales de descuento hoy! Texto TIENDA a 85023 ahora! SavaMob, ofrece móvil! T Cs SavaMob POBOX84, M263UZ. 3.00 Sub. 16"
ham,"La impresora es genial, quiero decir genial, el vino es genial."
ham,El alquiler de Hi Harish ha sido transferido a Ur Acnt.
ham,¿Va a venir algo más?
ham,Cbe es realmente bueno hoy en día:) lote de tiendas y showrooms:) la ciudad está dando forma buena.
ham,¿Sigues asistiendo a las charlas?
ham,"No hay problema, cariño. ¿Cómo se hace el mo?"
ham,K Me encargaré de ello.
ham,Supongo que no tuvimos la llamada telefónica el viernes. ¿Podemos asumir que no la tendremos este año?
ham,Mi batería es baja nena
ham,Shuhui ha comprado el regalo de Ron es un reloj de reloj...
ham,"Sí, queda bastante, pasaré mañana cuando me levante."
ham,Dijiste 2 horas y han pasado casi 4... ¿Está tu internet abajo?
ham,K Me aseguraré de levantarme antes del mediodía y ver qué es lo que
ham,K... k... ayer estaba en Cbe.
ham,Fui a la tienda de vestidos de Ganesh.
spam,"pdate_Now - Doble minutos y 1000 txts en tarifas Orange. Última Motorola, SonyEricsson & Nokia & Bluetooth GRATIS! Llame a MobileUpd8 en 08000839402 o call2optout/!YHL"
ham,¿Coleccionar el ordenador portátil y luego va a configurar da settings izzit?
ham,Si usted r @ casa entonces bajar dentro de 5 min
ham,"De acuerdo, debería estar allí a las 8 a más tardar, probablemente más cerca de las 7. ¿Jay y Tyler están abajo o deberíamos hacer dos viajes?"
ham,Ven aftr <DECIMAL> .. ahora estoy limpiando la casa
spam,El saldo de caja de Ur es actualmente 500 libras - para maximizar nuestro efectivo-in ahora enviar efectivo a 86688 sólo 150p/msg. CC: 08718720201 PO BOX 114/14 TCR/W1
ham,"Bill, como en: ¿Hay alguna letra para mí. iam esperar uno de naranja que isat una factura pero todavía puede decir naranja sobre ella."
ham,Dime pa. ¿Cómo está el dolor?
ham,Hola Darlin espero que hayas tenido una buena noche. Ojalá hubiera venido a verte amar a Frank. Quiero sexo anal sucio y quiero un 10 hombre Gang Bang.
ham,"Ha. Usted no sabe tampoco. Hice una cosa inteligente pero simple con peras el otro día, perfecto para Navidad."
ham,"Hola... ¡Despierta! \Sweet\"" \""""""mañana\"" \""""""bienvenidos\"" \""""""""You\"""" \""""Enjoy\"" \""""Este día\"""" \""""""con mucha alegría\"""". \""""GUD MRNG\"""""""""""""""
ham,ALRITE
ham,¿Por qué debemos sentarnos y esperar los días de verano para celebrar? Una vista tan mágica cuando los mundos se visten de blanco. Oooooh dejar que haya nieve.
spam,URGENTE! Su número de móvil ha sido galardonado con un premio 2000 GARANTIZADO. Llame a 09058094454 desde la línea de tierra. Reclamación 3030. Válido sólo 12hrs
ham,¿Cómo van ustedes a ver películas de su lado?
ham,"Lo siento, en la reunión llamaré más tarde."
ham,No tenías que decirme eso... ahora estoy pensando.
ham,Amablemente envíe uno a nuestro piso antes de <DECIMAL> hoy.
spam,¡Lo sentimos! U no puede darse de baja todavía. EL paquete de oferta MOB tiene un plazo mínimo de 54 semanas> pls volver a enviar la solicitud después de expirar.
ham,Nada más... un poco aburrido también... y luego te vas a casa temprano a dormir hoy...
ham,¿A qué hora debo decirle a mi amigo que esté por aquí?
ham,"Sí, eso estará bien, te quiero, ten cuidado."
ham,Gracias chikku..:-) gud nyt:-*
ham,¿Está xy en tu auto cuando me recoges?
ham,"Thanx 4 el tiempo que hemos pasado 2geva, su menta bin! Ur mi bebé y todo lo que quiero es u!xxxx"
ham,"Oye, ¿podríamos recoger algo esta noche?"
ham,"No lo he enviado, él puede enviarme."
ham,"Bien, simplemente estoy sentado."
ham,Es el regalo de Dios para los pájaros como humanos tienen algún regalo natural frm dios..
ham,¿Vienes hoy a clase?
ham,Acabo de estudiar en la biblioteca.
ham,Ok... disfruta tus shows...
ham,Cualquier cosa...
ham,¿Dónde podría estar sin mi bebé? El pensamiento solo ácaro me rompe y no quiero volverme loco pero cada chico necesita su señora xxxxxxxxx
ham,¿Qué está haciendo mi querida?
ham,Hola 'Prueba en <#> rd ....
ham,Sólo 2% estudiantes resolvieron esta pregunta CAT en 'xam... 5+3+2= <#> 9+2+4= <#> 8+6+3= <#> entonces 7+2+5=????? Dime la respuesta si u r brillante...1thing.i consiguió d answr.
ham,¿Conoces a alguien <#> o de otra manera capaz de comprar licor? Nuestro tipo se enfureció y ahora mismo si no conseguimos una mano de alguien es sólo 4 loko toda la noche
ham,Me reuniré con ella a las 7:30.
ham,"Sí, tenemos una lista para nosotros."
ham,"Y dejar de preguntarse \wow es ella va a dejar de tm'ing me?!\"""" porque voy a tm usted cuando quiera porque usted es MÍO ... *risas*"""""
ham,"Lol Yep hizo eso ayer, ya tengo mi chimenea, ahora es sólo otro icono sentado ahí para mí."
ham,Ya reservé las clases de pilates y yoga...
ham,¿Qué pasa para comportarse así?
spam,Tiene un mensaje nuevo. Por favor llame al 08712400200.
ham,"Mi supervisor me encontró 4 veces a sus estudiantes, aún no se lo he preguntado."
ham,"Hola. ¡No hay noticias de trabajo, me están haciendo esperar una quinta semana! Sí, estoy para algunos wozles y comadrejas... en exeter todavía, pero estar en casa alrededor de 3."
ham,Sin mensaje... sin responsabilidad... ¿qué pasó?
spam,Actualmente tenemos un mensaje a la espera de su colección. Para recoger su mensaje llame al 08718723815.
ham,"Hola nena, siento no haber llegado antes. Gary puede venir y arreglarlo porque piensa que sabe lo que es, pero él no va tan lejos como un Ptbo y dice que va a costar <"";#>"" dólares. No sé si podría ser más barato encontrar a alguien allí? No tenemos ninguna máquina de segunda mano en absoluto en este momento, hágame saber lo que quieres hacer nena"
ham,Que sea 3! 4 mierda sake?! x
ham,"Déjalo, siempre serás ignorante."
ham,"No, pero voy a b ir 2 sch en fri bastante temprano porque mi hermana tiene papel en da mañana :-)"
ham,en bruce b downs & fletcher ahora
ham,¿Dónde estás? Dijiste que estarías aquí cuando me despertara ... :-(
ham,"Oye, ahora soy libre. Puedes llamarme."
ham,Dime quién es este pls:-)
spam,"URGENTE! Su móvil fue galardonado con un premio de bonificación de 1,500 el 27/6/03. Nuestro último intento 2 contacto U! Llamar 08714714011"
ham,"Creo que tengo que echarlo de menos, estoy enseñando hasta las doce, y luego dar clase a las dos."
ham,"Tendría que comprobarlo, pero sólo quedan 1 tazón que vale la pena."
ham,"Sí, había muchos dulces."
ham,"Lo haría, pero sigo siendo acogedor y exhausto de anoche, nadie fue a la escuela ni al trabajo, todo está cerrado."
spam,U tienen un admirador secreto. REVEAL que piensa U R Tan especial. Llamar 09065174042. Para opt out Responder REVEAL STOP. 1.50 per msg rect. Cust care 07821230901
ham,Buzzzz! *grins* ¿Te zumbé el culo? Buzz tu pecho ? Buzz tu polla ? ¿Dónde guardas tu teléfono ? ¿Está encendido el vibrador ? ¿Sentiste que te tiembla ?
ham,"Señor, envíe un correo a un grupo, compruébelo."
ham,Estoy haciendo da introducción cubre las tendencias de energía n pros n contras... Breve descripción de la fusión nuclear n oso breve historia de iter n jet consiguió abt 7 n media página..
ham,"\NINGUNA!NINGÚN DONDE SE CONOCE DESCONOCIMIENTO!SHITINIT\"""""""""""
ham,No sabes que me jabo abi.
spam,"¿Alguna vez has notado que cuando conduces, alguien va más lento que tú es un idiota y todo el mundo conduce más rápido que tú es un maníaco?"
ham,Todavía no tenía..ya sapna tía manege y'day hogidhe..chinnu totalmente débil y swalpa negro agidhane..
ham,"¿Estás siendo buena, nena? :)"
ham,NEFT Transaction con número de referencia <#> para Rs. <DECIMAL> se ha acreditado a la cuenta del beneficiario en <#> en <TIME> : <#>
ham,"La mayoría de deportes tipo..lyk footbl,crckt.."
ham,Gracias por hacer mi día.
ham,U debe hacer una lista de fb
ham,"Altura de confianza: Todos los profesores de Aeronáutica llamaron a &"" ellos pidieron 2 sentarse en un avión. Aftr se sentaron ellos wer dijeron dat el avión ws hecho por sus estudiantes. Dey todos se apresuraron fuera de d avión.. Bt sólo 1 no se movió... Él dijo:\si es hecho por mis estudiantes,""""esto ni siquiera comenzará.....Datz confianza.."""""""""""""","","""
ham,¡Sary sólo necesita a Tim en la bollox &it lo lastimó mucho así que me dolió!
ham,¡Feliz Año Nuevo Princesa!
ham,"Te enviaré un mensaje a Carlos y te avisaré, espera."
ham,"No te preocupes, * es fácil tener ingredientes una vez!"
ham,"Te quiero, mi pequeña campanilla. Lo siento, pero te quiero."
ham,"Ok omw ahora, ¿estás en Castor?"
ham,Yar lor... ¿Sigue lloviendo sin parar... o te vas a otra parte?
spam,"Oferta de Navidad! Última Motorola, SonyEricsson & Nokia & GRATIS Bluetooth o DVD! Doble Mins & 1000 Txt en Orange. Llame a MobileUpd8 en 08000839402 o call2optout/4QF2"
ham,¿Qué quieres decir con que casi terminas? ¿Has terminado de dormir? Pero voy a tomar una siesta.
ham,"7 maravillas en mi mundo 7th Usted 6th Ur estilo 5th Ur sonrisa 4th Ur Personalidad 3rd Ur Naturaleza 2nd Ur SMS y 1st \Ur Lovely Friendship\""""... buenos días querida"""""
ham,¿Esta noche?
ham,"¿Qué debo comer para el almuerzo, señor?"
ham,"Dijo que tenía una risita derecha cuando te vio de nuevo! Serías posiblemente la primera persona2die de NVQ, pero piensa en cuánto podrías por!"
ham,No hay tiempo de descanso uno... ¿Cómo... salgo a buscar mis cosas?
spam,Responder para ganar 100 semanal! ¿Qué deporte profesional Tiger Woods juega? Enviar STOP to 87239 to end service
ham,"Estoy allí y puedo verte, pero no puedes verme, tal vez deberías reiniciarlo, he visto el zumbido."
ham,¿Todavía tienes la trituradora?
spam,No 1 tono POLYPHONIC 4 u mob cada semana! Sólo txt PT2 a 87575. 1er tono GRATIS ! así que obtener txtin ahora y decirle a sus amigos. 150p/tone. 16 responder HL 4info
ham,"El amor no es una decisión, es un sentimiento. Si pudiéramos decidir a quién amar, entonces, la vida sería mucho más simple, pero menos mágica."
spam,"FANTASÍAS EN VIVO DE HOT llame ahora 08707509020 Sólo 20p por min NTT Ltd, PO Box 1327 Croydon CR9 5WB 0870 es una llamada de tarifa nacional"
ham,K.i no te vio.:)k:)¿Dónde estás ahora?
ham,Así que estoy haciendo una lista de compradores.
ham,"Ni idea, supongo que lo resolveremos una hora después de que se supone que nos vayamos ya que, como de costumbre, nadie tiene ningún interés en imaginar mierda antes del último segundo."
ham,"No estoy completamente seguro de haber entendido ese mensaje, pero hola. ¿Qué fin de semana?"
ham,Liberaron camisas de vday y cuando se pone en él hace que su parte inferior medio desnuda en lugar de esa ropa interior blanca.
ham,No lo sé. Está viendo películas en la computadora.
ham,No b4 Jueves
ham,"Oh, entonces tu teléfono me telefoneó pero se desconectó"
ham,Id onluy importa cuando se sube de offcampus
spam,Este mensaje es gratis. Bienvenido al nuevo y mejorado Sex & Dogging club! Para darse de baja de esta respuesta de servicio STOP. msgs@150p 18+only
ham,"Excelente, veré qué planes tiene Riley."
ham,Lo veré en media hora.
spam,"Usted ha ganado tkts a la EURO2004 CUP FINAL o 800 efectivo, para recoger la llamada 09058099801 b4190604, POBOX 7876150ppm"
ham,¿Cómo es que eres uno de ellos?
ham,"También hola Wesley, ¿cómo has estado?"
ham,Tienes que estar en la jerga. ¡Te haré saber qué pasa en la tierra cuando haya terminado de hacerlo!
spam,Préstamo para cualquier propósito 500 - 75.000. Propietarios + inquilinos bienvenidos. ¿Ha sido rechazado previamente? Todavía podemos ayudar. Llame gratis 0800 1956669 o el texto de vuelta 'ayuda'
spam,Actualizar_Ahora - 12Mths Half Price Orange línea de alquiler: 400mins...Llamar a MobileUpd8 en 08000839402 o call2optout=J5Q
ham,Imagínese la vida SIN MÍ... vea... ¿Qué tan rápido me está buscando? No se preocupe.. Siempre estoy allí para molestar a U.. Goodnoon..:)
ham,"Buenos días, ¿alguien tiene dolor de cabeza? :-)"
ham,"Sí, no hay problemas - anoche es obviamente ponerse al día con usted ... hablar pronto"
spam,FREE UNLIMITED HARDCORE PORN dirigir 2 su móvil Txt PORN a 69200 y obtener acceso gratuito durante 24 horas luego chrgd@50p por día txt Stop 2exit. Este msg es gratis
ham,Yo podría ir 2 sch. Yar en e salon ahora v aburrido.
ham,<#> minutos pero tuve que parar en algún lugar primero.
ham,"<"";#> se acerca rápidamente. Por lo tanto, desea u un muy feliz Año Nuevo Feliz Sankranti Feliz Día de la República Feliz Día de San Valentín Feliz Shivratri Feliz Día de los Inocentes Feliz Día de Mayo Feliz Día de la Independencia, Feliz Amistad, Madre, Padre, Maestros, Día de los Niños, & Feliz Día de los Niños 4 U. Feliz Festival de Ganesh Feliz Dasara Feliz Diwali Feliz Navidad <#>"" Buenas tardes, noches. Recuerden que soy el primero en desearnos todo esto... su Raj"
ham,Una de las alegrías de la vida es despertar cada día con pensamientos que en algún lugar a alguien le importa lo suficiente para enviar un cálido saludo matutino.
ham,No recibí la segunda mitad de ese mensaje.
ham,¿Es hora de que nos veamos más tarde?
ham,Muchas gracias por todo lo que haces con el desinterés.
ham,Estoy en el cine mal te llaman más tarde.
ham,¿Cómo te atreves a cambiar mi anillo?
ham,"Eres una chica muy muy muy mala, o una dama."
ham,"Yo también te amo, pero trata de presupuestar tu dinero mejor nena. Gary enloquecería en mí si supiera"
ham,"¿Qué parte de \no iniciar\"""" no entiendes"""""""
ham,Ya terminé mi almuerzo. ¿Ya te despiertas?
ham,¿Sigues en el juego?
ham,Tienes una cuenta pero estás desperdiciando.
ham,¿Cuál es su récord por una noche? :)
ham,"También, señor, le envié un correo electrónico sobre cómo entrar en el portal de pago del usc. Le enviaré otro mensaje que debería explicar cómo están las cosas en casa. Tenga un gran fin de semana."
ham,Me va a hacer saber porque viene bak de vacaciones ese día.
ham,Jokin sólo lar ... :-) depende de qué teléfono mi padre puede obtener lor ...
ham,"De acuerdo, déjame saber qué pasa."
ham,Prepárate para <#> pulgadas de placer...
ham,Raji .. pls me hacen un favor. Pls transmitir mis deseos de cumpleaños a Nimya. Pls. Hoy es su cumpleaños.
ham,Me siento como John Lennon.
ham,Porque Darren dice Í_ considerando mah así que pregunto Í_...
ham,No me estás molestando pero tienes que confiar en mis respuestas.
ham,"Deseando que usted y su familia Merry \X\"""" mas y Feliz Año Nuevo con antelación.."""
ham,Un día un cangrejo corría en la orilla del mar..Las olas vinieron n limpiar las huellas del cangrejo.. Cangrejo preguntó: siendo mi fnd y r u limpiar mis huellas hermosas? Waves respondió: Un zorro estaba siguiendo sus huellas para atraparte! eso y lo despejó:) fndsship nunca permite u dwn :-) GUD nyt..
ham,¿A qué hora quieres que suba?
ham,Slaaaaave! ¿Dónde estás? ¿Tengo que llamarte todo el tiempo ahora? ¿No quieres venir a mí por tu cuenta?
ham,Su factura en 3 es 33.65 por lo que no está mal!
ham,Hazme saber cómo cambia en las próximas 6hrs. Incluso puede ser apéndice pero usted está fuera de ese rango de edad. Sin embargo no es imposible. Así que sólo relajarse y hágamelo saber en 6hrs.
ham,"Hola, sí, acabo de salir del baño y necesito arreglarme el pelo así que subiré cuando termine, ¿sí?"
ham,"Entonces, ¿cómo está el clima por ahí?"
ham,"Ok. No hay mucho que hacer aquí sin embargo. H&M Viernes, no puedo esperar. No sé qué demonios voy a hacer por otras 3 semanas!"
ham,Muere... ahora tengo e toot flequillo otra vez...
ham,Lol ellos no saben acerca de mi impresionante teléfono. Podría hacer clic en borrar ahora mismo si quiero.
ham,De acuerdo.
ham,"Pregunta impresionante con una respuesta linda: Alguien preguntó a un niño \cómo es su vida?\"""" . . Él sonrió &"";"" respondió: . . \""""Ella está bien!\"""" Gudnite"""""
ham,"Por favor, deje este tema .. lo siento por decir eso .."
ham,Pls me envía el nombre correcto da.
ham,¿Qué pasó con nuestra cita?
spam,¿Con qué FLOWER se compara DOT? D= VIOLET E= TULIP F= LILY txt D E o F a 84025 AHORA 4 chance 2 GANAR 100 Efectivo WKENT/150P16+
ham,¡La página web no está disponible!
ham,Acabo de despertar. Yeesh es tarde. Pero no me quedé dormido hasta que <#> soy :/
spam,Ahora se ha dado de baja de todos los servicios. Obtenga toneladas de chicas sexys o hunks directamente a su teléfono! ir a http://gotbabes.co.uk. No hay suscripciones.
ham,"Queridos todos, como sabemos <"";#> th es el <#>"" th cumpleaños de nuestro amante Gopalettan. Estamos planeando dar un pequeño regalo en ese día. Aquellos que les gusta participar en que usted es bienvenido. Por favor póngase en contacto con nuestro equipo de administración para más detalles"
ham,K..k ... a partir de mañana comenzó ah?
ham,¿De qué hablas mañana temprano? ¡Es casi mediodía donde estás!
ham,"Bien, ¿te acuerdas de mí?"
spam,"Hola nena su Jordania, ¿cómo r u? Estoy en casa desde el extranjero y solitario, envíame un mensaje de nuevo si quieres chat xxSP visionsms.com Text stop to stopCost 150p 08712400603"
ham,"Vale, ¿cuántos debería comprar?"
ham,"Suena bien, mantenme informado."
spam,¡Consigue un teléfono móvil nuevo siendo un agente de The Mob! Más cargas más golosinas! Para más información solo texto MAT to 87021.
ham,"De acuerdo, así que abril, no puedo esperar."
ham,Será mejor que vengas rápido.
ham,Ay wana se reúne en el sat?_ wkg en el sat?
ham,Ahora tengo que esperar hasta las dos para que el autobús me recoja.
ham,¿Aparte de la que te conté ayer?
ham,Ok lor... ¿Pero comprar wat?
ham,Alguien debería ir a Andros y robar hielo.
ham,No lo he hecho recientemente.
ham,Llévanos de compras y Marcos distraerá a Isaías.=D
ham,"Mamá, espero que tengas un gran día. Esperando que este texto te encuentre bien y lleno de vida. Que tengas un gran día. Abiola"
ham,No tiene sentido en mi pie y pene.
ham,"Está bien, pero pensé que eras el experto."
ham,* suspiro profundo * ... Te extraño :-( ... Estoy realmente sorprendido de que no has ido a la cafetería de la red todavía para llegar a mí ... ¿No me echas de menos?
ham,S.s:)i papel delgado es como sachin.just de pie. Otros tienen que golpear.
ham,"Que tengas un gran viaje a la India. Y llevar la luz a todos no sólo con el proyecto, sino con todos los que tienen suerte de verte sonreír. Adiós. Abiola"
ham,"Y muy importante, todo lo que discutimos es sólo entre tú y yo."
ham,K.k:)¿Qué hay de tu proceso de entrenamiento?
ham,"Vale, lor. ¿Tengo 2 años para ir a un payoh 4 un tiempo y 2 para regresar smth u wan 2 para enviarme allí o wat?"
ham,En el aparcamiento
ham,Me gustaría estar contigo. Sosteniendote firmemente. Haciéndote ver lo importante que eres. Cuánto significas para mí... cuánto te necesito... en mi vida...
ham,"Así que le pregunté cómo está Anthony, papá y tu amigo."
ham,"'Wnevr i wana fal in luv vth mis libros, My bed fals in luv vth me..!' . Yen madodu, nav pretsorginta, nammanna pretsovru importante alwa....!!!:) Gud eveB-)."
ham,Lo que hoy-domingo..domingo es feriado..así que no hay trabajo..
ham,Voy a tomar el baño enfermo colocar la llave en la ventana:-)
spam,SEÑOR DE LOS ANILLOS:¡REVOLUCIÓN DEL REY EN CUENTA AHORA!RESPUESTAS LOTR antes del 2 de junio 4 Oportunidad 2 WIN LOTR banda sonora CDs StdTxtRate.
ham,"Querida, cuídate. Estoy llegando a casa. Te quiero mucho."
ham,staff.science.nus.edu.sg/~phyhcmk/enseñanza/pc1323
ham,¿Has emigrado o algo así?
ham,Olol imprimí un post en el foro por un tipo con el mismo prob que fue fijado con un reemplazo de GPU. Esperemos que no ignoren eso.
ham,Caminamos desde mis mamás. Justo en stankwood pasar a la derecha en Winterstone izquierda en Victors Hill. La dirección es <#>
ham,"Oye, ¿estás en J.P. y hambriento como un mofo?"
ham,Todo esto es espeluznante y loco para mí.
ham,Ok... me din conseguir ur msg...
ham,Tessy..pls me hace un favor. Pls transmitir mis deseos de cumpleaños a Nimya..pls dnt olvidarlo. Hoy es su cumpleaños Shijas
ham,Pathaya enketa maraikara pa'
ham,"Incluso si es mi amigo, es un sacerdote. Llámalo ahora."
ham,"Eres tan malo, corre ya vuelve y medio muerto..."
ham,Eso es y dije que es malo que todas las chicas sepan lo que estás haciendo ahora?
ham,O recuérdamelo en unas horas.
ham,"Tenía la esperanza de no tener que enviarte este mensaje. Mi alquiler es debido y no tengo suficiente para ello. Mis reservas se han ido por completo. Es un préstamo que necesito y esperaba que pudieras ella. El saldo es <"";#>"" . ¿Hay alguna manera de que pueda obtener eso de ti, hasta mediados de marzo cuando espero pagar."
ham,"Hola. Feliz Año Nuevo. No quiero entrometerme, pero ¿puedes decirme cuánto dinero pagaste el semestre pasado y cuánto es este semestre?"
ham,"Por cierto, estoy bien, he estado en dos citas con ese tipo que conocí en un paseo, tenemos que reunirnos pronto, ¿cómo están todos los demás?"
ham,Lol I iba a el mes pasado. Cobré algunos pero dejé <#> por si acaso. Estaba recolectando más durante la semana porque lo anunciaron en el blog.
spam,Buena suerte! Dibujar tiene lugar 28 Feb 06. Buena suerte! Para la eliminación enviar STOP a 87239 servicios al cliente 08708034412
ham,"Corto pero lindo : \ Ser una buena persona ,"""" pero no tratar de probar \"""""""" ..... Gud mrng ..."""""""""""""
ham,"Solo que aún no he decidido dónde, ¿eh?"
ham,"Wat time liao, ¿dónde aún está?"
ham,"Sí, viendo a Footie, pero preocupado de que lo arruinemos - ¿Phil Neville?"
ham,Espero 4 Í_ dentro del aparcamiento...
ham,¡Tío Abbey! Feliz Año Nuevo. Abiola
ham,Ahora soy libre llámame pa.
ham,R u diciendo que debería volver a pedir las zapatillas porque tuve que pagar por devolverlo.
ham,¡Deja de conocerme tan bien!
ham,"Buenas noches, soy Roger. ¿Cómo estás?"
ham,Pequeño problema en la subasta:)punj ahora pidiendo tiwary
spam,Entrada gratuita en 2 por semana comp para una oportunidad de ganar un ipod. Txt POD a 80182 para obtener la entrada (tasa std txt) T&C's aplican 08452810073 para detalles 18+
ham,Dice que no se lo diga a nadie.
ham,"Mis tíos en Atlanta, les deseo un gran semestre."
spam,1er wk GRATIS! Gr8 tonos str8 2 u cada wk. Txt NOKIA ON to 8007 for Classic Nokia tones or HIT ON to 8007 for Polys. Nokia/150p Poly/200p 16+
ham,¿Vienes a buscarme?
ham,Eso es genial. Me gustaron tus fotos. ¡Eres muy sexy!
ham,¡No sabían que tenía pre reservado a Thurs así que me cancelaron de nuevo!
ham,"Haha mejor tarde que nunca, ¿de alguna manera podría pasarme?"
ham,"Ok, pero termino a las 6."
spam,"LookAtMe!: Gracias por la compra de un video clip de LookAtMe!, se te ha cargado 35p. ¿Crees que puedes hacerlo mejor? ¿Por qué no enviar un vídeo en un MMSto 32323."
ham,He sido excluido de todas las tiendas B y Q para toda la vida!?Este idiota en dungerees naranja se acercó a mí y me preguntó si quería decking? Así que conseguí el primer puñetazo en!!
ham,Así que nada de mensajes. ¿Has comido?
ham,Espero poder conocerla.
ham,"Wat hace que algunas personas más queridas no es sólo de la felicidad dat u sentir cuando se encuentran con ellos, pero de dolor u sentir cuando se pierde dem!!!"
ham,¿Puedes decirme detalles de fri cuando te enteres porque no estoy en Tom o fri. mencionado chino. Gracias
ham,"Tienes razón, ahora que pienso en ello."
ham,¿Lo estás haciendo ahora?
ham,¿Se acabó la clase?
spam,sexy sexy semen y texto me im mojado y cálido y listo para un poco de porno! u hasta para un poco de diversión? ESTE MSG ES FREE RECD MSGS 150P INC IVA 2 TEXTO CANCEL DETENER
ham,Lugar del cliente te llamaré
ham,No previsto todavía :) ir a unirse a la empresa el 5 de enero solamente.don saber lo que va a pasar después de eso.
ham,Chico; Me encanta u Grl: Hogolo Niño: cadena de oro kodstini Grl: Agalla Niño: collar madstini Grl: agalla Niño: Hogli 1 mutai eerulli kodthini! Grl: Me encanta U kano;-)
ham,"Jaja, he oído eso, envíame un mensaje cuando estés por aquí."
ham,Llegaré mañana y te lo enviaré.
ham,"\SHIT BABE.. THASA BIT MESSED UP.YEH, HE SHUVETOTOLD U. URGRAN SABÍA?NEWAY "","" Illspeak 2 U2MORO WEN NO ESTÁ SUELO...\"""""""""""""""
ham,"Bueno, que tengas una buena noche y te llamaré mañana."
ham,"\CHEERS U TEX MEcause U werebored! Si OKDEN HUNNY R UIN WK SAT?SOUND S likeYour havin GR8FUN J! MANTENGA UPDAT CUNTILLOS DE AMOR XXXXX.\"""""""
ham,"Lo siento, en la reunión te llamaré más tarde."
ham,Las chicas nunca llamaron después de la India.
ham,"Sí, pero lo que es peor para mí."
spam,Hard LIVE 121 chat tan solo 60p/min. Elige a tu chica y conecta LIVE. ¡Llámanos ahora! Chat barato El mayor servicio en vivo del Reino Unido. VU BCM1896WC1N3XX
ham,YO marqué a MIS amigos que ustedes parecían contar como SUS amigos.
spam,No se sabe de U4 un tiempo. Llamar 4 grosera chat línea privada 01223585334 a cum. Wan 2C fotos de mí gettin follada luego texto PIX a 8552. 2End enviar STOP 8552 SAM xxx
ham,De acuerdo...
ham,Hace mucho tiempo que me recuerdas.
ham,Havet shopping now lor i juz llega sólo
ham,Gracias. Mejor funciona porque me sentiré usada de otra manera.
ham,¿Estás listo para el desafío? Sé que soy :)
ham,¿Cuánto costó tu casquillo?
ham,Mystery resuelto! Acabo de abrir mi correo electrónico y me ha enviado otro lote!
ham,No puedo describir la suerte que tienes de que esté despierto al mediodía.
spam,Esta es la segunda vez que hemos tratado de contactar u. U han ganado el premio 1450 para reclamar sólo llamar 09053750005 b4 310303. T&Cs/stop SMS 08718725756. 140ppm
ham,"Si alguna vez me enojé contigo, si alguna vez me porté mal o te lastimé?"
ham,Salud por la tarjeta... ¿Ya es esa época del año?
spam,"FANTASÍAS EN VIVO DE HOT llame ahora 08707509020 Sólo 20p por min NTT Ltd, PO Box 1327 Croydon CR9 5WB 0870..k"
ham,"Cuando la gente ve mis msgs, Ellos piensan que soy adicto a msging... Están equivocados, Bcoz Ellos no saben que soy adicto a mis amigos dulces..! BSLVYL"
ham,"Ugh, espero que el asus ppl no haga un reformateo al azar."
ham,"No he visto mi facebook, ¿eh?"
ham,"Mahb, lo recogeré mañana."
ham,Aún así le.. tu vienes mañana maga..
ham,¿Aún tienes cinta de fontanero y una llave que podamos tomar prestada?
spam,"Estimado Titular del Vale, Para reclamar esta oferta de semanas, en usted PC por favor vaya a http://www.e-tlp.co.uk/reward. Ts&Cs aplicar."
ham,Es vl bcum más difícil..
spam,UR IR 2 BAHAMAS! Llame a FREEEFONE 08081560665 y hablar con un operador en vivo para reclamar o crucero Bahamas de 2000 CASH 18+ sólo.
ham,¿Aún no has esperado como de costumbre... para volver sch oredi?
ham,En conocer a papá. Te llamaré.
ham,"K k :-):-) a continuación, ver algunas películas."
ham,¿El cine y la bebida atraen a Tomo? * Es un thriller de fr por el director me gusta en mac a las 8.30.
ham,Allí el tamaño de las tabletas de elefante y u empujar um u culo!!
ham,"Tanta gente parece ser especial a primera vista, Pero sólo muy pocos permanecerán especiales para usted hasta su última vista.. Mantenerlos hasta que la vida termina.. tomar cr da"
ham,"Mis padres, mi niño, mis amigos y mis colegas. Todos gritando.. ¡SORPREZA!! y yo estaba esperando en el sofá.. ......"
ham,No sé ni juz askin porque tengo una tarjeta con un 20% de descuento en 4 un salón llamado sentido del cabello así que es da one Í_ cortar el pelo.
ham,Espero no haberte despertado.
ham,Tal vez si te levantas antes de coger tres esto no sería un problema.
ham,Feliz cumpleaños a ti... querido. Con mucho amor. Rakhesh NRI
ham,Howz esa historia de las personas
spam,"Esta es la segunda vez que hemos intentado 2 contacto u. U han ganado el premio de 750 libras. 2 reclamo es fácil, llame al 08712101358 AHORA! Sólo 10p por min. BT-nacional-tasa"
ham,X2 <#> . ¿Vas a conseguir eso
ham,Hola neva preocupse bout da la verdad porque la verdad me conducirá 2 tu corazón. Es lo menos una persona única como te mereces. Duerme bien o por la mañana
spam,UR galardonado con un descanso de la ciudad y podría GANAR un  200 Verano Compras de ola cada WK. Txt STORE a 88039.SkilGme.TsCs087147403231Winawk!Age161.50perWKsub
ham,¿Está nuestro periódico hoy en la mañana o en popa?
ham,Voy a lamer cada gota :) ¿Estás listo para usar tu boca también?
ham,¡Y tú! ¡Te esperará cada vez que envíes un mensaje de texto!
ham,P diddy es mi vecino y viene a por pasta de dientes todas las mañanas.
ham,"Yo av un nuevo número, Wil u sólo usar este,ta."
ham,Así que es para ser el hombre que golpea todos los días que te enseñan en Canadá Abi! ¿Cómo estás. Sólo decir hola.
ham,7 o... cambiar 2 suntec... ¿Hora de llegar?
ham,No estoy viendo en la tienda online así que pregunté.
ham,Sólo curiosidad porque mi primo me preguntó qué estaba haciendo.
ham,Bien. ¿Cómo está funcionando?
ham,Vale lor... Wah... como ese def que no nos dejarán ir... ¿Qué dijeron en términos y condiciones?
ham,"Sí, espero que perderemos unos kilos por mon. después de que el hip hop pueda ir al huerto y pesar de nuevo."
ham,Ella es buena. ¿Cómo estás? ¿Dónde estás trabajando ahora?
ham,"Oh, sí, he estado un poco bajo el tiempo, así que he estado como en casa"
ham,En casa también.
ham,Este teléfono tiene el auto más raro correcto.
ham,Oops mi teléfono murió y ni siquiera lo sabía.
ham,"Havet Mus preguntar si usted puede 1st wat. De cumplir 4 almuerzo den u n él conocer ya puede lor. O u wan 2 ir preguntar da ge 1 a continuación, confirmar w me lo antes posible?"
ham,"Ella dijo,'' ¿Te importa si entro en el dormitorio por un minuto? '' ''OK'', Yo senté un humor sexy. Ella salió 5 minutos latr con un pastel ...n Mi esposa,"
ham,"Oh, sí, y tener un gran tiempo en Newquay-envíenme una tarjeta postal !1 cuidar de todas las chicas mientras se fueron (conocemos el 1min Talkin BOUT!)xx"
ham,"Lol, ella está aquí."
ham,¿Qué es el alfiler?
ham,"Cariño, ¿tienes suficiente dinero para recoger pan y leche y te lo devolveré cuando llegues a casa?"
ham,Sólo hace frío y viento.
spam,URGENTE! Estamos tratando de contactar con U. Sorteo de hoy muestra que usted ha ganado un premio 2000 GARANTIZADO. Llame al 09066358361 de la línea de tierra. Reclamo Y87. Válido sólo 12hrs
ham,Ven a la parada de autobús Mahal.. <DECIMAL>
ham,Esta semana voy a dirunelvai da.
ham,¡Te prometo que te trataré bien! Apuesto a que cuidarás bien de mí...
ham,"Es como el juego del anochecer del hotel, creo."
spam,"Gracias por su pedido de tono de llamada, número de referencia X29. Su móvil se cargará 4,50. Si su tono no llega por favor llame al servicio al cliente 09065989180"
ham,"Hola, mi amor! ¿Cómo va ese día? Joder, esta mañana me desperté y se me cayó el celular en el camino por las escaleras, pero parece bien ... *fews* Te echo de menos !"
ham,"Bueno, eso debe ser un dolor para atrapar"
ham,Lo siento da thangam. Es mi error.
ham,Necesito... porque nunca me había ido antes.
ham,"Rosa para rojo, rojo para sangre, sangre para corazón, corazón para u. Pero u para mí.... Enviar tis a todos nuestros amigos.. Incluyéndome.. Si te gusta mí.. Si usted vuelve, 1-u r pobre en relación! 2-u necesita unos 1 para apoyar 3-u r frnd 2 muchos 4-some1 luvs u 5+- some1 es Dios de oración para casarse u.:-) intentarlo...."
ham,Esposa. Cómo sabía exactamente la hora del asesinato.
spam,"¡Seis oportunidades de ganar CASH! De 100 a 20.000 libras txt> CSH11 y enviar a 87575. Costo 150p/día, 6días, 16+ TsandCs aplicar Responder HL 4 info"
spam,El saldo de caja de Ur es actualmente 500 libras - para maximizar nuestro efectivo-in ahora enviar COLLECT a 83600 sólo 150p/msg. CC: 08718720201 PO BOX 114/14 TCR/W1
ham,Me siento como un idiota porque sigo durmiendo a través de tus mensajes de texto y facebook.
ham,"No plm, vendré en camino."
ham,Supongo que quiere tiempo a solas.
ham,Altura de reciclaje: Leer dos veces- La gente gasta tiempo para ganar dinero y el mismo dinero se gasta para gastar tiempo!;-) Buenos días.. seguir sonriendo:-)
ham,Sip I_ no viene :-(
ham,"Sí, princesa, Toledo."
ham,"Está bien. Mándame un mensaje cuando vuelvas a Mu y pasaré, necesito a alguien que me abra la puerta."
ham,"Ron dijo que ding tai feng no podía hacer reservas, pero dijo que esperara."
ham,Bien. No se permite traje de baño :)
ham,"Estoy bien, pronto habrá terminado."
ham,"Un lindo pensamiento para la amistad: \No es necesario compartir todos los secretos con tu amigo cercano,"""" pero watever u shared debería ser verdadero\""""""""...."""""""""""""""""""""""""""""""""""""""""""""""""""""""""""""""""""""""""""""""""""""""""""""""""""""""""""""""""""""""""""""""""""""""""""""""""""""""""""""""""""""""""""""""""""""""""""""""""""""""""""""""""""""""""""""""""""""""""""""""""""""""""""""""""""""""""""""""""""""""""""""""""""""""""""""""""""""""""""""""""""""""""""""""""""""""""""""""""""""""""""""""""""""""""""""""""""""""""""""""""""""""""""""""""""""""""""""""""""""""""""""""""""""""""""""""""""""""""""""""""""""""""""""""""""""""""""""""""""""""""""""""""""""""""""""""""""""""""""""""""""""""""""""""""""""""""""""""""""""""""""""""""""""""""""""""""""""""""""""""""""""""""""""""""""""""""""""""""""""""""""""""""""""""""""""""""""""""""""""""""""""""""""""""""""""""""""""""""""""""""""""""""""""""""""""""""""""""""""""""""""""""""""""""""""""""""""""""""""""""""""""""""""""""""""""""""""""""""""""""""""""""""""""""""""""""""""""""""""""""""""""""""""""""""""""""""
ham,Ok he enviado u da última versión de da proyecto.
ham,"Buenos días, mi querida............. Que tengas un gran día de éxito."
ham,"Por favor, acéptame por un día o te ruego que cambies el número."
ham,Squeeeeeze!! Este es el abrazo de Navidad.. Si u lik mi fndshp den abrazarme de nuevo.. Si usted consigue 3 u r lindo:) 6 u r luvd:* 9 u r tan afortunado;) Ninguno? La gente odia u:
ham,"Está bien, si alguien me pregunta abt, u tel ellos..:-P"
ham,"Hecho curioso Nadie enseña volcanes 2 erupción, tsunamis 2 surgen, huracanes 2 oscilan alrededor no 1 enseña hw 2 elegir una esposa"
ham,* ¿Vas a llamar este fin de semana o wot?
ham,También rastrea cualquier encendedor que puedas encontrar
ham,"Lo siento, no puedo ayudarte en esto."
ham,"Nena, necesito tu consejo."
ham,"Voy a dejar alrededor de cuatro, ¿de acuerdo?"
ham,Ven a la facultad de medicina a las 7pm ......adelante da
ham,K:)k..es bueno:)¿cuándo vas?
ham,Puedo hacer lasaña para ti... vodka...
ham,Su Kate puede darme un anillo lo antes posible XXX
ham,¿Quién era esa gente? ¿Estabas en una gira? Pensé que estabas haciendo esa cosa sofá que me enviaste?
ham,"¡No, pero me dijiste que te ibas, antes de emborracharte!"
ham,Me dijo que llegaría tarde y me llamó y luego no oí ni una palabra de él.
spam,"¡Felicitaciones! Gracias a un buen amigo U han WON el premio 2,000 Xmas. 2 reclamo es fácil, sólo llame 08718726978 AHORA! Sólo 10p por minuto."
ham,Siempre estoy buscando una excusa para estar en la ciudad.
ham,"Sí, todavía estoy tomando café con mis frens... mi fren conducía ella me llevará..."
ham,"Oh, costa, ¿estás tomando el autobús?"
ham,¿Así que vas a conseguir a Deus ex?
ham,Los enviaré a su correo electrónico. ¿Le importa <#> veces por noche?
spam,"44 7732584351, ¿Quieres un nuevo teléfono a color Nokia 3510i EntregadoMañana? Con 300 minutos gratis a cualquier móvil + 100 textos gratis + respuesta de la videocámara gratuita o llame al 08000930705."
ham,Grip & spile a las siete. * Es ese pub en pt de gas fuera de pt ancho por canal. ¿De acuerdo?
ham,"Ok, entonces vengo a buscarte a Engin?"
ham,"Es por eso que nunca quise contarte nada de esto, y es por eso que estoy tan corto contigo y en la red últimamente."
ham,Raviyog Periferales bhayandar este
ham,"K, en realidad, ¿pueden verme en el Sunoco en Howard?"
spam,Tiene 1 nuevo buzón de voz. Por favor llame al 08719181513.
ham,"MOON ha llegado a colorear tus sueños, STARS para hacerlos musicales y mi SMS para darte un sueño cálido y pacífico. Buenas noches"
ham,"Acabo de terminar de comer, tengo un plato, no sobras esta vez."
ham,Thanx mucho...
ham,"Cuelga tu última llamada si tienes que hacerlo, la comida está lista y me muero de hambre, no preguntes qué cociné."
ham,Lol su derecho. ¿Qué dieta? Todos los días hago trampa de todos modos. Estoy destinado a ser un gordo :(
ham,Es un gran día.
ham,¿Qué pasó en la entrevista?
ham,"Resuelve d Caso: Un hombre fue encontrado asesinado en <"";DECIMAL> . <#>"" Después del mediodía. 1, Su esposa llamó a la policía. 2, Policía interrogó a todos. 3, Esposa: Señor, yo estaba durmiendo, cuando el asesinato tuvo lugar. 4.Cook: Yo estaba cocinando. 5.Jardín: Yo estaba recogiendo verduras. 6. Casa-Maid: Fui 2 d oficina de correos. 7. Niños: Fuimos 2 jugar. 8. Vecino: Fuimos 2 un matrimonio. Policía arrestado d asesino inmediatamente. ¿Quién es? Responder con razón, Si U r Brillante."
ham,Badrith es sólo para Chennai:) seguramente escogeré para nosotros:) ninguna competencia para él.
ham,Es mi compañero de grupo... por suerte no he respondido... es hora de irse.
ham,Tengo suficiente para la mitad + los diez que te debo.
ham,Hey TMr tal vez pueda encontrarte en Yck
ham,ALRITE SAM SU NIC SOLO COMPARTIR QUE ES UR NÚMERO-SO ES?T.B*
ham,"Sólo están haciendo que sea fácil de pagar. Tengo <#> yrs para decir, pero puedo pagar más temprano."
ham,"No te preocupes, estoy seguro de que lo conseguirás."
ham,"La gasolinera está como a una cuadra de mi casa, usted conducirá por ella ya que la armenia termina en swann y usted tiene que tomar Howard"
spam,"Alguien que conoces ha preguntado a nuestro servicio de citas 2 ponerse en contacto con usted! No se puede adivinar quién? LLAMADO 09058097189 AHORA todo será revelado. POBox 6, LS15HB 150p"
spam,Cámara - ¡Se le otorga una Cámara Digital SiPix! llame al 09061221066 desde el teléfono fijo. Entrega dentro de 28 días
ham,Mi matrícula está a 330. ¿Vamos por la 1120 a 1205?
ham,"No estoy fumando mientras la gente usa \wylie fuma demasiado\"""" para justificar arruinar mi mierda"""""
ham,"Querido, buenos días, cómo te sientes, querido."
ham,"Un poco, los médicos dicen tomar una vez cada 8 horas, sólo han pasado 5 pero el dolor ha vuelto, así que tomé otra, espero no morir."
ham,"Hermoso mañana nunca llega.. Cuando llega, ya es hoy.. En la caza de hermoso mañana no desperdiciar su maravilloso hoy.. GOODMARNING:)"
ham,"No sé, todos deciden. ¿Cómo abt leona? Oops i tot ben va a ir n i msg él."
ham,Hola. Ahora nos hemos movido en2 nuestro pub. Sería genial 2 c u si u cud subir.
spam,Hoy en día los números Voda que terminan 5226 son seleccionados para recibir un premio ?350. Si usted hava un partido por favor llame a 08712300220 citando código de reclamación 1131 estándar tarifas app
spam,Este mensaje es gratis. Bienvenido al nuevo y mejorado Sex & Dogging club! Para darse de baja de esta respuesta de servicio STOP. msgs@150p 18 only
ham,"Honeybee Said: *I'm d Sweetest in d World* God Laughed &"";"" Said: *Wait,U Havnt Met d Person Reading This Msg* MORAL: ¡Incluso DIOS puede hacer bromas! GM+GN+GE+GN:)"
ham,Haz lo que sea más fácil para ti.
spam,RCT' THNQ Adrian para texto en U. Rgds Vatian
ham,"Deja de llamar a todo el mundo diciendo que podría tener cáncer, que me duele la garganta hablar, que no puedo responder a las llamadas de todo el mundo, que si recibo una llamada más, no voy a hacer de niñera el lunes."
ham,"Será duro, pero haré lo que tenga que hacer."
ham,IM va a perder tanto!! Diría que IL ENVIAR U UN POSTCARD BUTHHERES SOBREtanTA OPORTUNIDAD DE MEREMMBERIN COMO ESTÁ OFSI NO BREAKIN SU CONTRATO!! LUV Yaxx
ham,Ee msg na poortiyagi odalebeku: Hanumanji 7 name 1-Hanuman 2-Bajarangabali 3-Maruti 4-Pavanaputra 5-Sankatmochan 6-Ramaduth 7-Mahaveer ee 7 name <#> janarige ivatte kalisidare el próximo sábado olage ondu buenas noticias kelubiri...! Maretare inde 1 dodda problum nalli siguviri idu matra <#> % true... Don't neglet.
ham,Hola Darlin. Termino a las 3:00 h. ¿Me coges o me conoces? TEXTO DE VUELTA XXX
ham,"Pon un lugar para mí en tu corazón y no en tu mente, ya que la mente se olvida fácilmente, pero el corazón siempre recordará."
ham,Pero me sorprende que todavía pueda adivinar...
ham,No voy a conducir hoy.
ham,¿Es esta la primera vez que u usar este tipo de palabras
ham,"Hola Darlin, ¿cómo fue el trabajo en el que te metiste en problemas?"
ham,"Sé que estás sirviendo, me refiero a lo que estás haciendo ahora."
ham,"Hyde Park no está en Mel ah, Opps, se confundió... de todos modos, si es la mejor opción que tenemos que tomar..."
ham,"Oh gei, eso me pasó en tron."
spam,"MENSAJE GRATIS Active sus 500 Mensajes de texto GRATIS respondiendo a este mensaje con la palabra GRATIS Para términos y condiciones, visite www.07781482378.com"
ham,Sé que las chicas siempre seguras y egoístas saben que lo tengo pa. Gracias. Buenas noches.
ham,"No te preocupes, espero que la sesión de fotos haya ido bien."
ham,Me estoy congelando y ansío el hielo.
ham,Kay... ya que estamos fuera.
ham,"Lo siento, no estoy triste, ya estoy viendo la tele. ¿Sigues en el cargo?"
ham,Yo im justo al lado de tu trabajo
ham,Ok darlin me supuse que estaba bien sólo me preocupa demasiado. Tengo que hacer algunas cosas de película mi compañero y luego tener que cuidar de nuevo! Pero puedes llamarme allí.xx
ham,"Ella dijo,'' ¿Te importa si entro en el dormitorio por un minuto? '' ''OK'', Yo senté un humor sexy. Ella salió 5 minutos latr con un pastel ...n Mi esposa,"
ham,No me despierto desde entonces. Revisé esas cosas y vi que su verdadero no hay espacios disponibles. Pls llamar a la embajada o enviar un correo a ellos.
ham,"No, Juz fuera del trabajo."
ham,Huh tan rápido ... Dat significa que no has terminado de pintar?
ham,¿En qué número vives?
ham,"No ponemos la fiesta 7 días a la semana y estudiamos a la ligera, creo que tenemos que dibujar algunas casillas de verificación personalizadas para que sepan que somos hardcore"
ham,Sac anotará grandes cien.él se pone bateador:-)
ham,Envíame el número de pls de Yetzy.
ham,¿Cuánto va a costar aproximadamente . Por mes.
ham,"Creo que es el 21 de mayo, Coz pensó en salir con Jiayin, pero no es libre."
spam,"Usted está siendo contactado por nuestro servicio de citas por alguien que usted conoce! Para averiguar quién es, llame desde una línea de tierra 09050000928. PoBox45W2TG150P"
ham,"Está bien, haz que me llame si sabe lo que quiere o tiene alguna pregunta."
ham,"Lo siento, tengo un comienzo tarde, estamos en camino"
ham,Entonces regresa tú mismo...
ham,Estoy en la estación de gas.
ham,"K, si te aburres ven a mi casa .."
ham,Nena !!!! TE AMO !!!! *Cubre tu cara con besos*
ham,"Como lo hice vomitar cuando estábamos fumando en el coche de nuestro amigo una vez, fue increíble"
ham,Aún no lo he comprobado.
ham,"Irás a Walmart, yo me quedo."
ham,"No te he olvidado, podría tener un par de dólares para enviarte mañana, ¿vale?"
ham,"Genial, lo molestaré más para que podamos hablar."
ham,"El revés es hacer trampas, eso no son matemáticas."
ham,De nada... te atrapé usando inglés roto de nuevo...
ham,No hay problema bebé. ¿Es un buen momento para hablar? Llamé y dejé un mensaje.
ham,"Lo siento, llamaré más tarde."
ham,¿Qué marca?
ham,"Lo siento, no puedo atender su llamada ahora, así que sucede que hay r 2waxsto hacer wat que quieres, puede venir y enferma conseguir su seguro médico, y ella será capaz de dar a luz y tener atención básica, actualmente estoy comprando el seguro médico adecuado para ella, así que sólo dame hasta el viernes por la mañana, es cuando veré a la persona principal que puede guiarme al seguro adecuado."
ham,A qué hora vienes.
ham,Llámalo y di que no vienes hoy ok y diles que no me engañen así ok
ham,Le envié un e-mail a Yifeng mi parte oredi.
ham,¡Seguro que lo entenderán! ¡Vino * buena idea acaba de tener un sorbo!
ham,El paseo mínimo es de 3 millas al día.
ham,"Ok, no hay problema les conseguiremos un taxi mañana y martes todos iremos al cine."
ham,"Muñeca sin cerebro..:-D"";""-), vehículo sariyag conducir madoke barolla.."
ham,No huyo frm u... Camino lentamente & me mata que no te importe lo suficiente para detenerme...
spam,Siento haberme perdido tu llamada hablemos cuando tengas tiempo. Estoy en 07090201529
ham,"Por favor, asista al teléfono:)"
ham,"Sólo me odias, puedes llamar a cualquiera pero no aceptaste ni una sola llamada mía, o incluso me enviaste un mensaje."
ham,No hay mensajes en su teléfono.
ham,Puedo... soy libre...
ham,"Mi viaje se pospuso, ¿aún estás abastecido?"
ham,"Lo siento, llamaré más tarde."
ham,"Estoy esperando su llamada, señor."
ham,"Oye, ¿qué estás haciendo?"
ham,"Oye Elaine, ¿la reunión de hoy sigue en marcha?"
ham,"Siento no haber ido a ese lugar, lo haré mañana."
ham,La mayor parte del tiime cuando no te dejo abrazarme es para que no me rompa en lágrimas.
ham,Mañana no voy a ir al teatro... para que pueda ir a donde me llames... y decirme dónde y cuándo venir mañana.
ham,Y ahora la electricidad acaba de salir fml.
ham,"Parece que encontraste algo que hacer aparte del humo, ¡gran trabajo!"
ham,También andros hielo etc etc
ham,:)
ham,"Bueno afternon, mi amor. ¿Cómo están hoy? Espero que su buena y tal vez tener algunas entrevistas. Me despierto y te echo de menos nena. Un beso apasionado desde el otro lado del mar"
ham,Sip. ¿Wun cree wat? ¿U realmente neva c e msg he enviado shuhui?
ham,¿Cómo cambia el tamaño de ese reloj?
ham,Querida umma me llamó ahora :-)
ham,Acaba de terminar.
spam,4 estrellas gratis Ibiza Holiday o 10.000 euros en efectivo necesita su colección URGENTE. 09066364349 AHORA de Landline para no perder! Box434SK38WP150PPM18+
ham,"Bueno, quise decir en contraposición a mi noche de borrachos de antes."
ham,"¿Debe reservar un no, así que ir a yoga básico el domingo?"
spam,"GRATIS MSG:Hemos facturado tu número de móvil por error desde el código 83332.Por favor, llama al 08081263000 para que te devuelvan los cargos.Esta llamada será gratuita desde un teléfono fijo BT"
ham,Ok puede...
ham,Estoy en casa de mi madre en Somerset... un poco lejos!
ham,¿Así que trabajas en horas extras nigpun?
ham,Igual que el despido de Kalis en la segunda prueba:-).
ham,O. Supongo que ambos fueron jodidos
spam,Por favor llame al 08712402972 inmediatamente ya que hay un mensaje urgente esperándole
ham,"Estoy en una reunión, llámame más tarde en"
ham,¿Qué me estás cocinando para cenar?
ham,Ok thanx...
ham,Tu plan era ir flotando a IKEA conmigo sin ningún cuidado en el mundo así que tengo que vivir con tu lío otro día.
ham,Entonces yo compro.
spam,URGENTE! Su número de móvil ha sido galardonado con un 2000 Bono Premio Llamador. Llame 09058095201 de la línea de tierra. Válido sólo 12hrs
ham,Heehee que era tan divertido tho
ham,Sólo hace aritmética simple no porcentajes.
ham,"Sí, no nos iríamos por una hora al menos, ¿cómo suena el 4?"
spam,"Como un cliente valorado, me complace aconsejarle que después de la revisión reciente de su Mob No. usted es galardonado con un Premio de Bono 1500, llame al 09066364589"
ham,"Gracias cariño, que tengas un buen día."
ham,"'Una cita increíble' - \A veces en la vida es difícil decidir qué está mal!! una mentira que trae una sonrisa o la verdad que trae una lágrima....\"""""""""
ham,"Buenas noches, querida.. Sleepwell&Cuídate."
ham,Entonces pídele a papá que recoja a Lar...
ham,"Jus chilaxin, ¿qué pasa?"
ham,"\HEY DAS COOL... IKNOW TODOS 2 WELLDA PERIL DE CRISIS ESTUDIANTE FINANCIERA!SPK 2 U L8R.\"""""""""
ham,"Hermosa verdad contra la gravedad.. Lea cuidadosamente: \Nuestro corazón se siente ligero cuando alguien está en él.. Pero se siente muy pesado cuando alguien lo deja..\"""" GOODMARNING"""""
spam,¿Quieres un nuevo teléfono a color Nokia 3510i EntregadoMañana? Con 300 minutos gratis a cualquier móvil + 100 textos gratis + respuesta de la videocámara gratuita o llame al 08000930705
ham,"¿Qué es eso que viene sobre la colina ....... ¿Es un monstruo! Espero que tenga un gran día. Las cosas r va bien aquí, ocupado sin embargo!"
ham,El padre de Joy es Juan. Entonces Juan es el ____ del padre de Joy. Si us ans ths usted have <#> CI. Tis s IAS pregunta tratar de responder.
ham,Sólo una vez después de la enfermedad obedecer a todos los tuyos.
ham,"No, no lo hizo. Buscaré en línea y te lo haré saber."
ham,¿Dónde tienes que ir para conseguirlo?
ham,"Por favor, vuelva a enviar."
ham,Él sigue siendo un hermano entre hermanos
ham,Uhhhhrmm no tiene la prueba de tb malo cuando estás enfermo
ham,Pero tengo un espacio lleno de 4 mb...
spam,LA VIDA nunca ha sido tan divertida y genial hasta que entraste. Lo hiciste realmente especial para mí. ¡No te olvidaré! disfruta @ un gbp/sms
spam,¿Quieres un nuevo teléfono de vídeo? 600 en cualquier momento cualquier red minutos 400 Inclusive Videollamadas Y descargas 5 por semana gratis delTOMORROW llamar 08002888812 o responder AHORA
spam,"Como un cliente valorado, me complace aconsejarle que después de la revisión reciente de su Mob No. usted es galardonado con un Premio de Bono 1500, llame al 09066368470"
spam,"¡Bienvenido! Por favor, responda con su EDAD y GÉNERO para comenzar. p. ej. 24M"
spam,Freemsg: ¡llamadas gratuitas ilimitadas durante 1 mes! Activar SmartCall Txt: LLAME al no: 68866. Subíscriptn3gbp/wk llamadas ilimitadas Ayuda: 08448714184 Stop?txt stop slove
spam,¿Tuvo su móvil 10 mths? Actualizar a la última cámara de Orange / teléfonos de vídeo de forma gratuita. Guardar s con textos gratis / llamadas de fin de semana. Texto YES para una devolución de llamada o no para optar por no
spam,"Soy nuevo 2 club & dont fink nos conocimos todavía Will B gr8 2 C U Por favor, deje msg 2 días wiv ur area 09099726553 respuesta prometida CARLIE x Calls1/minMobsmore LKPOBOX177HP51FL"
ham,Es más fácil con ella aquí.
ham,"Claro, pero ya que mis padres trabajarán el martes no necesito una historia de portada."
ham,Haha bien... hoy fin de semana leh...
ham,"\Hola, querida, ¿me has llamado? Estoy en casa si quieres chatear.\"""""""""
ham,No sé mierda Jack sobre nada o yo diría / preguntaría algo útil pero si quieres puedes fingir que lo hice y sólo me envía un mensaje de texto lo que sea en respuesta a la hipotéticahuagahuahahuagahyuhagga
ham,Siempre has sido la inteligente.
ham,"Sí, si tenemos que conseguir un tipo al azar tenemos que cambiar nuestras hojas de información a PARY <#> /7 NUNCA ESTUDIO sólo para estar seguros"
spam,Cámara - ¡Se le otorga una Cámara Digital SiPix! llame al 09061221066 desde el teléfono fijo. Entrega dentro de 28 días.
ham,"La Navidad es una ocasión que se celebra como una reflexión de la UR... Valores..., Deseos..., Afectos...&"";"" Tradiciones... Tener una Navidad ideal..."
ham,Enviarle saludos de alegría y felicidad. Tenga una noche gr8
ham,"\Hola, querida, no puedo hacer nada mañana, ya que mis padres me están llevando a una comida. ¿Cuándo estás libre? Katexxx\"""""""""
ham,Si la serie india gana o nivel significa que esto es registro:)
ham,"Entonces, ¿qué hay de otro plan?"
ham,Es bueno saber de ti.
ham,"Charles me lo dijo anoche, pero sí."
ham,¿A qué hora piensas ir?
spam,Obtener un reproductor de vídeo móvil GRATIS Película GRATIS. Para recoger el texto Ir a 89105. Es gratis! Películas adicionales se pueden pedir t's y c's aplicar. 18 años solamente
spam,Ahorre dinero en ropa interior de boda en www.bridal.petticoatdreams.co.uk Elija entre una excelente selección con entrega nacional. Traído a usted por WeddingFriend
ham,"El problema del sobrecalentamiento también es el amor, pero aún así el software está pendiente, vendré alrededor del reloj de 8'o."
ham,"¡Sí, pero no me importa porque sé que está ahí!"
ham,"wiskey Brandy Rum Gin Cerveza Vodka Scotch Shampain Wine \KUDI\""""yarasu dhina vaazhthukkal. .."""
ham,"Mon okie lor... Haha, best is cheap n gd food la, ex oso okie... Depende de si wana comer comida occidental o china... Den que usted prefiere..."
ham,Sentado ard nada que hacer. ¿U leh w trabajo ocupado?
ham,Su <#> k aquí oh. Debería enviar a casa para la venta.
ham,Lo siento. ¿Correo?
ham,Solo estás contando el incidente..
ham,"Sí, estuvimos afuera como dos horas y llamé a toda mi familia para despertarlos porque empezó a la 1 de la mañana."
ham,Ugh acaba de salir de clase
ham,"Hoy en día la gente está notificándose la oportunidad laxinorficada para balbucear de entropización.... ¿Alguna vez ha optado por oblicuamente nuestros libros para el amplikater maestro de la fidalficación? Es muy champlaxigating, creo que es atroz.. Wotz Ur Opinión????? Junna"
ham,No tengo ningún archivo tuyo en mi bolso. Estaba trabajando cuando me llamaste. Te diré si encuentro algo en mi habitación.
ham,No hay necesidad de lar. Jus prueba e tarjeta de teléfono. No se sabe la red no gd i thk. Me espera 4 mi sis 2 terminar el baño para que pueda bañarse. Dun molestar u liao u limpieza de su habitación.
ham,"Bien, te lo haré más tarde."
ham,poema de amistad: Querido O Querido U R no cerca pero puedo oír no conseguir miedo vivir con alegría No más lágrimas U R Siempre mi querido. Gud ni8
ham,Tome su almuerzo y venga rápidamente y abra la puerta:)
spam,No sé nada de U4 por un tiempo. Llámame ahora estoy aquí toda la noche con sólo mis bragas en. Hazme rogar por ello como U hizo la última vez 01223585236 XX Luv Nikiyu4.net
ham,He vuelto. Un poco largo porque de accidente en a30. Tuve que desviar a través de wadebridge. Tuve un fin de semana brillante gracias. Habla pronto. Mucho amor
ham,"K.. I yan jiu liao... Sat podemos ir 4 bugis vill uno frm 10 a 3 den hop al parque 4 nb. Sun puede ir cine frm 1030 a 2, den hop a orc mrt 4 hip hop a 4..."
spam,Bloomberg -Message center +447797706009 ¿Por qué esperar? Solicite su futuro http://careers. bloomberg.com
ham,Estoy buscando una dama en la calle y un fenómeno en las sábanas. ¿Eres tú?
ham,Mi teléfono
ham,"Figuras de Haha, bueno encontré la pieza y el tazón de Priscilla"
ham,"En realidad a la mierda con eso, hacer lo que sea, encontrar una excusa para estar en Tampa en algún momento antes de enero, aunque"
spam,URGENTE! Estamos tratando de contactar con U. Sorteo de hoy muestra que usted ha ganado un premio 800 GARANTIZADO. Llame a 09050001808 desde la línea de tierra. Reclamación M95. Válido12hrs solamente
ham,Finalmente me perdí nuestro viaje de cine la semana pasada :-(
ham,Todo el día laborable:) excepto sábado y domingo..
ham,Aathi..donde estás querida..
ham,El corazón está vacío sin amor.. La mente está vacía sin sabiduría.. Ojos r vacíos sin sueños & La vida está vacía sin fnds.. Así que Alwys estar en contacto. Buenas noches & dulces sueños
ham,"Creo que estoy esperando el mismo autobús! Infórmeme cuando llegues allí, si alguna vez llegas allí."
ham,¿Volverás pronto?
ham,Sólo una pregunta rápida.
ham,"La noche ha terminado para otro día, la mañana ha llegado de una manera especial. Que sonría como los rayos soleados y deja sus preocupaciones en la bahía azul azul."
ham,"Probablemente puedo pasar, todo el mundo ha hecho alrededor de <"";#>"" ¿verdad?"
ham,"Lo conseguí antes del año nuevo porque yetunde dijo que quería sorprenderte con él, pero cuando no vi dinero lo devolví a mediados de enero antes de que terminara el período de retorno de <#> día."
ham,"Puedo preguntar por ahí, pero no hay mucho en términos de medias aquí arriba."
ham,Asegúrate de revisar tu correo electrónico de yahoo. Enviamos fotos ayer.
ham,¿Qué estaba buscando?
ham,¿Dónde está mi niño? :-(
spam,¿Quieres un nuevo teléfono de vídeo750 en cualquier momento cualquier red minutos 150 texto para sólo cinco libras por semana llamar al 08000776320 ahora o responder para la entrega de mañana
ham,"Hola, mi amor! ¿Cómo va ese día ? Deseo a tu bien y buena nena y espero que encuentres algunas perspectivas de trabajo. Te echo de menos, Boytoy ... *un beso de broma*"
ham,Dile a mi mal carácter que u Dnt lik en mí. Voy a tratar de cambiar en <#> . Voy a añadir tat 2 mi resolución de año nuevo. Esperando su respuesta.Seré franco...buenos días.
ham,No:-) Tengo el rumor de que vas a comprar apartamento en Chennai:-)
ham,"Sí, probablemente antes de eso."
ham,Cambiar el sonido logoff de las ventanas..
ham,Aún no lo he comprobado.
ham,También he venido a la habitación.
ham,Huh pero me dieron la lección en 4 lei n estaba pensando en ir a sch antes n i tot de parkin en Kent Vale...
ham,De acuerdo.
ham,Voy a llegar a la oficina alrededor de <DECIMAL> . & mi móvil tiene problemas. No se puede obtener mi voz. Así que llámanos asa te liberaré
ham,"Genial, envíame un mensaje cuando salgas."
spam,"Usted está siendo contactado por nuestro servicio de citas por alguien que usted conoce! Para averiguar quién es, llame desde una línea de tierra 09050000878. PoBox45W2TG150P"
spam,"Wan2 ganar un Meet+Greet con Westlife 4 U o un m8? Actualmente están en qué gira? 1) Inrompible, 2) Indomable, 3) Unkempt. Texto 1,2 o 3 a 83049. Costo 50p + texto std"
ham,Feliz cumpleaños... que encuentres a tu príncipe encantador pronto y trabajes demasiado duro...
ham,"Oh, el grand está teniendo un poco de una fiesta pero no menciona ningún cargo de cobertura así que es probablemente el primero en llegar primero servido"
ham,Me dijiste antes de volver a la cama que no podías dormir por nada.
ham,"Espero que no te enojes, pero a ID realmente le gustaría verte mañana. Ámame xxxxxxxxxxxxX"
spam,Dorothy@kiefer.com (Banco de Granito emite Strong-Buy) PICK EXPLOSIVO PARA NUESTROS MIEMBROS **** UP Más del 300% ********* **** Nasdaq Symbol CDGT Eso es un $5.00 por..
ham,dice el <#> año de edad con un hombre y dinero. Estoy hasta mi último <#> . Todavía esperando ese cheque.
ham,Vendré a tu casa ahora.
ham,"Libre cualquier día, pero termino a las 6 en mon n thurs..."
ham,¿Estarás aquí por comida?
ham,"vida alle mone,eppolum oru pole allalo"
ham,Nite...
ham,"¡Dos fundamentos de la vida fresca: \Walk,"""""" como usted es el REY\""""""""...! O \""""""""Walk como usted no le importa"""",""""quien sea el REY\""""""""""!... Gud nit"""""""""""""""
ham,"Cámara bastante buena, 10.1mega píxeles, 3ópticos y 5 destinos digitales. Tener unas vacaciones encantadoras, estar seguro y espero que tenga un buen viaje! Feliz año nuevo para los dos! Nos vemos en un par de semanas!"
ham,Hola Petey!noim ok sólo quería 2 chat coz avent hablado 2 u 4 un largo tiempo-esperanza ur doin alrite.have good nit at js love you am.x
ham,"Acabo de ver a Ron Burgundy capitaneando un barco de fiesta, así que sí."
ham,"Lo digo en serio, estás en la base de dinero."
ham,Ya hay un tipo que te quiere:-.
ham,Personal de capacitación en colocación en la universidad de Amrita.
ham,"Siempre hablo contigo, de hecho necesito dinero, ¿puedes levantarme?"
ham,Soy perfil de trabajo parece bpo ..
ham,"Bueno, yo estaba a punto de rendirme porque todos dijeron que no hicieron una noche. Perseveré y encontré uno, pero es muy barato, así que me disculpo por adelantado."
ham,"¿Así que crees que debería hablar con él? ¿No llamar a su jefe en la mañana? Fui a este lugar el año pasado y me dijo dónde podía ir y conseguir mi coche arreglado más barato. Él me seguía diciendo hoy cuánto esperaba que regresaría, cómo siempre se arrepintió de no conseguir mi número, etc."
ham,¿Estás dispuesto a ir a clase de aplicaciones.
ham,Pasando el rato con mi hermano y su familia
ham,"No, sólo llegará a las 9. Ella dice que estará allí."
ham,Xuhui y yo trabajamos hasta fin de mes.
ham,"Lo siento por el último nite que no fue tu culpa que fui yo, cónyuge que era pmt o sunthin! U 4 give me? Creo u shldxxxx"
ham,¡¡Prueba neva mate!!
ham,"Sí, ese sería el mejor escenario."
ham,No estoy libre hoy tengo que recoger a mis padres hasta Tonite ...
ham,"\hey babe! \hey babe! \hey babe! \hey 2 spoun-out 2 spoken a da mo... \hey wrLD 2 DA. He estado durmiendo en da sofa todo el día, ha tenido una Nueva York cool, TX 4 FONIN HON,"""""" Llamar a 2MWEN IM BK FRMCLOUD 9! JX\"""""""""""""""""""""""""""""""""""""""""""""""""""""""""""""""""""""""""""""""""""""""""""""""""""""""""""""""""""""""""""""""""""""""""""""""""""""""""""""""""""""""""""""""""""""""""""""""""""""""""""""""""""""""""""""""""""""""""""""""""""""""""""""""""""""""""""""""""""""""""""""""""""""""""""""""""""""""""""""""""""""""""""""""""""""""""""""""""""""""""""""""""""""""""""""""""""""""""""""""""""""""""""""""""""""""""""""""""""""""""""""""""""""""""""""""""""""""""""""""""""""""""""""""""""""""""""""""""""""""""""""""""""""""""""""""""""""""""""""""""""""""""""""""""""""""""""""""""""""""""""""""""""""""""""""""""""""""""""""""""""""""""""""""""""""""""""""""""""""""""""""""""""""""""""""""""""""""""""""""""""""""""""""""""""""""""""""""""""""""""""""""""""""""""""""""""""""""""""""""""""""""""""""""""
ham,¿Debería enviarte píx travieso? :)
spam,"Usted es un ganador 1000 o Premio Garantizado de la Llamada, este es nuestro último intento de contactar con usted! Para reclamar Llamada 09071517866 Ahora! 150ppmPOBox10183BhamB64XE"
spam,"Las entradas para Navidad y Nochevieja están ahora a la venta desde el club, durante el día de 10am a 8pm, y en la noche de Thurs, Fri & Sat esta semana. ¡Se venden rápido!"
ham,"Tyler (conseguir un octavo) tiene que irse no mucho después de las 9, ¿puedes llegar aquí en una hora?"
ham,Prepárense para ser golpeados cada noche...
ham,"En realidad, mi móvil está lleno de msg. Y estoy haciendo un trabajo en línea, donde necesito enviarlos <"";#>"" enviado msg i wil explicar u más tarde."
ham,"Lo siento, llamaré más tarde."
ham,Buenas noches. ¿Cómo estás?
ham,Estoy en casa.
ham,Oic porque mi hermana no almorzó hoy mi padre salió... así que no sé si dos comen en sch o wat...
ham,"Mmmmm ... Fue muy bueno despertar a tus palabras esta mañana, mi amor!! Mmmm mierda ... Yo también te amo, mi León ... * beso devorador desde el otro lado del mar *"
ham,Nos complace informar que su solicitud de Airtel Broadband se procesa con éxito. Su instalación se realizará en un plazo de 3 días.
ham,¿Qué pasa querida? ¿Por qué estás callada? Estoy tensa.
ham,"Llegaré a las 3, a menos que quieran que vaya antes."
ham,"Si no estás tosiendo, entonces no es nada."
ham,"# Ven, ven # # 25 n pásame # # Lar #"
ham,Soy la persona que está haciendo la encuesta e sms...
ham,Lol ok mal intento de enviar. Se advierte Sprint es muy lento.
ham,Gracias. Nos vemos el lunes.
ham,Así que es la Madre de la Gower que está donde estoy!?! ¿Cómo es el hombre? Todo es bueno en el agua Ill B volver  MORROW. C U este WK? ¿Quién era el MSG 4?
spam,"Rock yr chik. Obtener 100's de películas sucias & XXX fotos en el teléfono de yr ahora. rply FILTH a 69669. Saristar Ltd, E14 9YT 087017525660. 450p por 5 días."
ham,"Una sola línea con un gran significado::::: \Miss anything 4 ur \""""Best Life\"" pero "","" no te pierdas tu mejor vida para nada... Gud nyt..."""""
ham,"Tengo como $ <"";#>"" , puedo conseguir un poco más tarde sin embargo. Consigue lo que quieras"
ham,"Papá quería hablar sobre el apartamento así que empecé tarde, omw ahora"
ham,Yo también los quiero a los dos :-)
ham,¿Lol u todavía se siente enfermo?
ham,Din te digo jus ahora 420
ham,Estoy hasta los ojos en la filosofía
spam,"A partir del próximo mes obtener hasta 50% Más llamadas 4 Ur carga de red estándar 2 activar Llamada 9061100010 C Wire3.net 1st4Terms PoBox84 M26 3UZ Cost 1,50 min MobcudB más"
ham,"Bien, ahora estoy en la ciudad, Lei."
ham,Ya lo tenía. Sabarish me pidió que fuera..
ham,Vijay va a hablar en Jaya TV
spam,URGENTE! Estamos tratando de contactar con U Todays muestra que usted ha ganado un premio 800 GARANTIZADO. Llame a 09050000460 desde la línea de tierra. Reclamo J89. po box245c2150pm
ham,"Oye, alguien hizo una gran imitación de pulga en los foros. ¡Me encanta!"
spam,Texto BANNEDUK a 89555 para ver! coste 150p textooperador g696ga 18+ XXX
ham,Todavía el azar allí. Si usted busca duro usted lo conseguirá..vamos a tener un intento :)
spam,"Subasta ronda 4. La puja más alta es ahora 54. Siguiente puja máxima es 71. Para pujar, enviar BIDS e.g. 10 (para pujar 10) a 83383. Buena suerte."
ham,¿Siempre celebras NY's con tu familia?
ham,"Sabemos que TAJ MAHAL como símbolo de amor. Pero los otros hechos menos conocidos 1. Mumtaz era la cuarta esposa de Shahjahan, de sus 7 esposas. 2. Shahjahan mató al marido de Mumtaz para casarse con ella. 3. Mumtaz murió en su <"";#>"" la entrega. 4. Luego se casó con la hermana de Mumtaz."
ham,Está bien .. ven a mi casa es vl agradable de conocer y v puede chatear ..
spam,Coleccione el fin de semana de su VALENTINE a PARÍS inc Flight & Hotel + 200 Premio garantizado! Texto: PARÍS a No: 69101. www.rtf.sphosting.com
ham,Me envió de webadres por recibir un recibo de sueldo.
ham,"Está bien, envía sus saludos."
spam,Oferta de lealtad del cliente:El nuevo Nokia6650 móvil de SOLO 10 en TXTAUCTION! Txt palabra: START to No: 81151 y obtener el tuyo Ahora! 4T&Ctxt TC 150p/MTmsg
ham,Pero te pones en contacto conmigo.
ham,"Sí, ya me voy, vuelve pronto."
spam,"Usted no lo va a creer, pero es cierto. Es increíble Txts! Responder G ahora para aprender cosas verdaderamente sorprendentes que volarán su mente. De O2FWD sólo 18p/txt"
ham,"Sí, seguro que me iré en un minuto."
ham,¿Y tienes alguno que pueda enseñarme a enviar autos?
ham,"El signo de madurez no es cuando empezamos a decir grandes cosas... pero en realidad lo es, cuando empezamos a entender pequeñas cosas..."
ham,"Sí, confirmado para que te quedes ese fin de semana."
ham,Dijeron que Í_ dun haf pasaporte o smth como dat.. O Í_ juz enviar a mi cuenta de correo electrónico..
ham,"Multiplicar los números de forma independiente y contar puntos decimales entonces, para la división, empujar los puntos decimales como te mostré."
ham,"Que tengas una noche encantadora y cuando te despiertes para ver este mensaje, espero que sonrías sabiendo que todo es como debería ser."
ham,Ard 4 lor...
ham,"Mientras tanto, ¿cómo van a llegar los gemelos del proyecto?"
ham,Ayer mandé a tu maga ese dinero.
spam,Hola 07734396839 IBH Oferta de lealtad al cliente: El nuevo móvil NOKIA6600 de ONLY 10 en TXTAUCTION!Txt word:START to No:81151 & get Yours Now!4T&
ham,El corazón está vacío sin amor.. La mente está vacía sin sabiduría.. Ojos r vacíos sin sueños & La vida está vacía sin fnds.. Así que Alwys estar en contacto. Buenas noches & dulces sueños
spam,Estoy caliente n caliente y dispuesto a vivir local para usted - texto una respuesta para escuchar strt back de mí 150p por msg Netcollex LtdHelpDesk: 02085076972 respuesta Parar para terminar
ham,Nuestro paseo igualmente sin incidentes - no demasiados de esos ciclistas molestos alrededor a esa hora de la noche ;).
ham,Si fueras libre te lo puedo dar. De lo contrario nalla adi entey nattil kittum
ham,"Le envié a mi esposa tu mensaje de texto, después de comprarlos te dirá qué hacer, así que relájate, deberíamos ir a buscarlos."
ham,Estoy en el teatro de escape ahora. . Voy a ver KAVALAN en unos minutos
ham,¿Cuánto costaría contratar a un asesino a sueldo?
ham,Lo que sea...
ham,"Lo siento, llamaré más tarde."
spam,¿Quieres un nuevo Nokia 3510i teléfono de color entregado mañana? Con 200 minutos GRATIS a cualquier móvil + 100 texto GRATIS + videocámara GRATIS Respuesta o Llamada 08000930705
ham,¿Pero no puedo ir a tu casa con las manos vacías?
ham,¡Feliz Año Nuevo!
spam,"Enhorabuena, usted ha ganado. Usted es un ganador en nuestro sorteo de premios Agosto 1000. Llame 09066660100 AHORA. Código de premios 2309."
ham,"De acuerdo, saldremos en unos minutos."
ham,¿Y ahora estás ocupado con el trabajo?
ham,Sé que estás de mal humor hoy.
ham,"Jay ya me lo dijo, lo haré."
ham,Los Cps están causando que los cortes conserven energía.
ham,"No estoy seguro, sólo estaba mirando lo que estaba pasando alrededor de la zona."
ham,Hey mañana lo que viene a preguntar:-) pa...
ham,¡Jordan fue expulsado el último nite!
ham,"Eso significa que tienes una A en epinefrina, ella está bien."
ham,No tengo ni idea de dónde estás.
ham,Los pls vienen rápido no pueden desnudar esto.
ham,El padre de Joy es Juan. Entonces Juan es el ____ del padre de Joy. Si us ans ths usted have <#> CI. Tis s IAS pregunta tratar de responder.
ham,"Llámame, soy incapaz de cal. Vamos a conocer a Bhaskar, y profundo."
ham,Te veré en la biblioteca.
ham,"K, mi compañero de cuarto también quiere un dubsack y otro amigo también puede querer un poco de plan para traer extra, te lo diré cuando sepan con seguridad"
ham,"Depende de lo individual e vestidor de pelo decir bonito, pero mis padres dicen mirar gong. U kaypoh.. También no sé va a recoger."
ham,"De acuerdo, entonces."
ham,"Disfruto viendo y jugando al fútbol y al baloncesto, cualquier cosa al aire libre. ¿Y tú?"
ham,"¿Puede preguntar por favor macho cuál es su rango de precios, quiere algo nuevo o usado más que sólo interfuted en el negrita de mora <"";#>"" o cualquier bb"
ham,"Lo siento enviado en blanco msg de nuevo. Sí, pero tratando de 2 hacer algunos estudios serios ahora."
ham,"Oye, compruébalo, ya lo enumeré."
spam,8007 25p 4 Alfie Moon's Children in Need cantion on ur mob. Dile a tu m8s. Txt TONE CHARITY to 8007 for nokias or POLY CHARITY for polys :zed 08701417012 beneficio 2 caridad
ham,Quise decir como una disculpa de mi parte por enviarte mensajes de texto para conseguirme drogas en <#> por la noche
ham,Eso significa que de febrero a abril voy a conseguir un lugar para quedarme ahí abajo así no tengo que moverme de un lado a otro durante la temporada de audición como he hecho desde que mi hermana se mudó de Harlem.
ham,Ir a entrenar lor ... Muz perder e grasas ...
ham,"Maldita sea, el pobre Zac no tiene ninguna oportunidad."
ham,Sin mensaje... sin responsabilidad... ¿qué pasó?
ham,Quiero decirte una cosa que no deberías confundirme K ESTO ES EL MENSAJE QUE ENVIAS:)
ham,¡Traeré mi cinta fri!
ham,Todavía el azar allí. Si usted busca duro usted lo conseguirá..vamos a tener un intento :)
ham,Conocer a u es mi trabajo. . . Llámame cuando debo hacer mi trabajo mañana
ham,¿Debería ir directo allí o qué?
spam,¡Consigue la bandera oficial de rington de INGLAND poli o color en tu móvil para el juego de esta noche! Texto TONE o FLAG a 84199. Optout txt ENG STOP Box39822 W111WX 1.50
ham,"Gracias princesa, eres tan sexy..."
ham,¡Oooh tengo un montón de esos!
ham,Hui xin está en da lib.
ham,Es una gran diferencia. <#> versus <#> cada <#> hrs
ham,"No es que me hagas llorar, es sólo que cuando todas nuestras cosas pasan encima de todo lo demás, me empuja al borde, no me entiendes y con qué frecuencia lloro por mi vida, lo siento."
ham,"\ME 2 babe me siento el mismo deja sólo 4Get sobre él + tratar + vitorear + no fit soo muchxxlove U LOCAXX\"""""""""""
ham,¿Sabes lo que significa engancharse?
spam,"Anuncio de servicio al cliente. Recientemente tratamos de hacer una entrega a usted, pero no fueron capaces de hacerlo, por favor llame al 07090298926 para reprogramar. Ref:9307622"
ham,¿El modelo de Wat num de tu teléfono?
ham,Ahora le gusta mucho patinar a pesar de que lo echan y termina con vendas y mierda en sus brazos cada cinco minutos.
spam,"Usted puede detener más tonos del club contestando \STOP MIX\"""" Ver my-tone.com/enjoy. html para términos. Los tonos del club cuestan GBP4,50/semana. MFL"""", PO Box 1146 MK45 2WT (2/3)"""
ham,Mi casa aquí es el cielo bastante oscuro liao... si llueve entonces tengo excusa no 2 correr ya rito...
ham,"Está bien, puede ser agitado, pero serían todos mis pájaros con un solo golpe, es una cita."
ham,Pensé que no te había visto.
spam,wamma conseguir sexo?want real doggin ubicaciones enviadas directamente a su móvil? unirse a la red de atraque más grande del Reino Unido. txt perros a 69696 ahora!nyt. ec2a. 3lp 1.50/msg.
ham,"Carlos dice que podemos recogerlo más tarde así que sí, estamos listos."
ham,"Hey nena, mi amigo tuvo que cancelar, todavía está para una visita?"
ham,Según su petición 'Maangalyam (Alaipayuthe)' se ha establecido como su callertune para todos los que llaman. Pulse *9 para copiar a sus amigos Callertune
ham,Hmm mal tiene que pensar en ello ... ok estás perdonado!
ham,"Esperamos alejarnos a las 7, de Langport. ¿Sigues para la ciudad esta noche?"
ham,¿Quieres enviarme un abrazo virtual?... Necesito uno
ham,"Probablemente no, todavía repasando algunas cosas aquí."
ham,"Tiene problemas ahora mismo, la arreglaré para mañana."
ham,¿Por qué entro entre ustedes?
ham,Compañía del grupo Senthil Apnt 5pm.
ham,¿Lo hiciste al aire? ¿Cuál es tu talento?
ham,"Estudiando, pero estaré libre el próximo fin de semana."
ham,Estoy usando camisa azul y pantalones negros.
ham,Espera.i saldrá.. <#> min:)
ham,Llegaré a tu casa en <#> minutos
ham,"Bueno, entonces tienes un gran fin de semana!"
ham,"¿Qué estás haciendo en Langport? Lo siento, pero probablemente estaré en la cama a las 9 pm. ¡Apesta estar enfermo en Navidad! ¿Cuándo lo haces y go2sri lanka?"
ham,"Frnd s no juz ni una palabra .... no sólo una relación .... su promesa silenciosa que dice ... \ Yo estaré con USTED \"" Dondevr.. Cuandovr.. Forevr... Gudnyt querido.."""
ham,"Entonces, ¿cuántos errores?"
ham,¿Ya comiste miel?
ham,"Mi mamá le dice a todo el mundo que tengo cáncer, y mi hermana no deja de llamar, me duele hablar, no puedo soportarlo, nos vemos cuando llegues a casa, te amo, te quiero, te quiero, te quiero, te quiero."
ham,"Cariño? Cariño? Cariño? Panecillos sexys? Sugar ciruela? Loverboy? Te echo de menos, Boytoy ... *smacks tu culo* ¿Fuiste al gimnasio también?"
ham,Gracias por amarme tanto.
ham,"Sí, Imma viene porque Jay quiere tomar algunas drogas."
ham,Ok thanx... cuídate entonces...
ham,"Sí, un poco aburrido."
ham,"vino a ver el piso, parece bien, en sus 50 años? * Está lejos mucho trabajo wiv. Tengo mujer que viene a las 6.30 también."
ham,Moji me acaba de informar que nos salvaste la vida.
spam,Usted ha ganado un Nokia 7250i. Esto es lo que obtiene cuando usted gana nuestra subasta GRATIS. Para participar envíe Nokia a 86021 ahora. HG/Suite342/2Lands Row/W1JHL 16+
ham,Quién es este en la clase:-)
ham,Hey r Í_ todavía en línea? He terminado el formato...
ham,¿Qué te atrae a los brothas?
spam,Promotion Number: 8714714 - UR galardonado con un descanso de la ciudad y podría GANAR un  200 Summer Shopping spree cada WK. Txt STORE a 88039 . SkilGme. TsCs087147403231Winawk!Age16 1.50perWKsub
ham,Estúpido. No es posible.
ham,No puedo coger el teléfono ahora mismo. Pls enviar un mensaje
ham,LOL lo que pasa en Las Vegas se queda en las Vegas
ham,"Hola, hola, hola lou lo siento me tomó tanto tiempo 2 respuesta - Me fui móvil en los amigos en Lancaster, acaba de conseguir bak Neway lo siento no pude hacer u bdía 2 hun!"
ham,Cuando utilizo soc... lo uso solo en casa... no sé cómo 2 lo escribe en palabra ar...
ham,Papá dice que te des prisa.
ham,Despiértame en la mañana de <#> am:)
ham,"Salgo de clase en bsn en como <"";#>"" minutos, ¿sabes dónde está el asesoramiento?"
ham,"Genial, disparo grandes cargas, así que prepárate."
ham,Nos vemos en el vestíbulo.
ham,¿Sigues viniendo esta noche?
ham,"¿Qué pasa, querido, dime?"
ham,"Señor, estoy esperando su llamada, una vez libre, por favor llámeme."
ham,"No, no tengo ninguna película en mi portátil."
ham,Estaba a punto de hacerlo cuando envié un mensaje de texto. ¡Terminaba hace mucho tiempo y me duchaba y er'ything!
ham,Ok no estoy seguro de a qué hora termino mañana pero quiero pasar la noche contigo porque eso sería vewy vewy lubly! Ámame xxx
ham,"Hola, Según la solicitud de <"";#>"" Rs.5 ha sido transferido a usted"
ham,Estoy en el tirupur. Llámate da.
spam,Usted es un ganador que ha sido especialmente seleccionado para recibir 1000 en efectivo o un premio 2000. Hable con un operador en vivo para reclamar la llamada 087147123779am-7pm. Costo 10p
ham,S:) pero tuvo algo de suerte.2 capturas puestas abajo:)
ham,Cómo noe... ¿Especificó Í_ el dominio da como nusstu...
ham,Oh... pedí diversión.
ham,¿Traigo mi bolsa?
ham,Hey loverboy! Te amo !! Tuve que decir ... Miro tu foto y dolor para sentirte entre mis piernas ... mierda te quiero ... te necesito ... te deseo .
ham,"¿Cómo está mi hijo? No me quedan palabras dulces esta mañana... *suspira*... ¿Cómo va tu día, mi amor? ¿Empezaste a estudiar?"
ham,¿Kent vale lor... espera 4 mi ar?
ham,"Muy bien, se trata de ganar ese dinero."
ham,Leyendo el hábito de la barraca.. Nan bari hudgi yorge pataistha ertini kano:-)
ham,¿Aún quieres conseguir dinero?
spam,Free Top ringtone -sub a ringtone semanal-get 1a semana gratis-enviar SUBPOLY a 81618-?3 por semana-parada sms-087187277870
ham,"Ok, ok, ok, entonces, ¿cuál es el plan de hoy?"
ham,Este es V. IMPORTANTE
ham,"Lo siento pa, no sé quién ru pa?"
ham,¿Qué estás haciendo ahí?
ham,"Si no me encuentro con todos los ritos, me iré a casa."
ham,El más sobresaliente es por un comercial que hice para Hasbro... en AGOSTO! Nos hicieron saltar a través de tantos aros para que nos pagaran.
ham,"Llego tarde, así que te llamo mañana por la mañana. Cuida tus dulces sueños... tú y yo... resumiendo... adiós."
ham,Asociado de apoyo técnico en red.
ham,Voy a arrancarme el útero.
ham,Genial. ¿Te gusta nadar? Tengo una piscina y jacuzzi en mi casa.
spam,"Gracias por su pedido en tono de llamada, número de referencia X49. Su móvil se cargará 4,50. Si su tono no llega por favor llame al servicio al cliente 09065989182. Desde: [color=rojo]texto[/color]TXTstar"
ham,"Sí, ¿por qué no? ¿Está lista la banda?"
ham,En blanco está en blanco. ¿Pero Wat está en blanco?
ham,Estoy en una película... recoger coche oredi...
ham,Ya nos fuimos a la huerta.
spam,"Hola, 2 noches de suerte! Uve ha sido invitado 2 XCHAT, la charla más salvaje de Uks! Txt CHAT a 86688 ahora! 150p/MsgrcvdHG/Suite342/2Lands/Row/W1J6HL LDN 18yrs"
ham,Nada spl..wat abt u y whr ru?
ham,No chikku nt todavía.. Ya estoy libre
ham,"Aldrine, Rakhesh ex RTM aquí. pls call.urgent."
ham,La búsqueda 4 la felicidad es 1 de d fuentes principales de infelicidad! Aceptar la vida de la manera que viene! U encontrará la felicidad en cada momento u vivir.
ham,Estoy en casa.
ham,"Supongo que podrías ser una excusa tan buena como cualquiera, Lol."
ham,"¿No es frnd una necesidad en la vida? imagínate a urt window un frnd.. hw'd u sentir en u colleg? wat'll u do wth ur cell? wat abt functions? thnk abt events spe'll cuested, miss &"";"" irritado u? 4wrd it to all that querido-amoroso frnds wthout who u cant live... I jst lo hizo.. Takecare..:) GOODMORNING"
ham,Gud mrng querido tener un buen día
ham,El viejo Orchard cerca de Univ. ¿Y tú?
ham,"4 tacos + 1 rajas burrito, ¿verdad?"
ham,"Es s 6 para entrar, ¿está bien?"
ham,¿Cómo es la calle donde se encuentra el final de la caminata de la biblioteca?
ham,"Nota Plz: si alguien llama desde un móvil Co. &""; le pide que escriba # <#> o # <#>"" . No lo haga. Desconectar la llamada, porque es un intento de 'terrorista' para hacer uso de la tarjeta sim no. Itz confirmado por nokia n motorola n ha sido verificado por CNN IBN."
ham,Nos detuvimos a comprar helado y volveremos después.
ham,¿Le cosiste el pantalón?
ham,Vijay va a hablar en Jaya TV
spam,2/2 146tf150p
ham,"Oye, estoy aburrido... así que estoy pensando en lo que tú... ¿Qué estás haciendo?"
ham,"No, el miércoles. ¿Cuándo debo traer la mini bolsa de cheetos?"
ham,Nadie llama a su pene un nombre de chicas esta historia no cuadra en absoluto
ham,"De acuerdo, avísame cuando vas a estar cerca de nosotrosf"
ham,Ella sincronizó el labio con Shangela.
ham,"Neva, dime cómo no... no estoy en casa en popa..."
ham,"Un poco de sonrisa de Ur es mi cabeza, una gota de lágrima de Ur es mi dolor, una parte del corazón de Ur es mi vida, un corazón como el mío cuidará de U, como mi BUEN FRIEND"
spam,Estimado Titular del Bono 2 reclama sus pases de salón del aeropuerto de primera clase al utilizar Su bono de vacaciones llamada 08704439680. Al reservar presupuesto 1a clase x 2
ham,"Buzz! Hey, mi amor! Pienso en ti y espero que tu día salga bien. ¿Dormiste en? Te echo de menos nena. Anhelo el momento en que estamos juntos de nuevo* sonrisita amorosa*"
ham,"Parece una locura, no sé si puede tahan not..."
ham,¿Por qué te levantaste tan temprano?
ham,Ya que uno es lento como la caca
spam,Bloomberg -Message center +447797706009 ¿Por qué esperar? Solicite su futuro http://careers. bloomberg.com
ham,"\Im en gloucesterroad lo que son uup para más tarde?\"""""""""""
ham,Sí:)aquí la televisión siempre está disponible en el lugar de trabajo..
spam,¡Sí! El único lugar en la ciudad para conocer emocionantes singles adultos está ahora en el Reino Unido. Txt CHAT a 86688 ahora! 150p/Msg.
ham,Lol no ouch pero desearía haberme quedado fuera un poco más.
ham,"DIOS PREGUNTÓ, \¿Qué es el perdón?\"" Un niño pequeño dio una respuesta encantadora"""", \""""Es d fruto maravilloso que un árbol da cuando está siendo herido por una piedra.. Buenas noches......"""""
ham,Nos uniremos al autobús de <#>
ham,Tal vez por eso no recibiste todos los mensajes que te enviamos.
spam,GRATIS para la primera semana! No1 Nokia tono 4 u mob cada semana txt NOKIA a 8007 Obtener txting y decirle a sus compañeros www.getzed.co.uk POBox 36504 W45WQ norma150p/tone 16+
ham,K.i enviará <#> min:)
ham,¿Me permites que te fume y nos ayudes a trabajar en estos tiempos difíciles?
spam,Alguien que U conoce ha preguntado nuestro servicio de citas 2 ponerse en contacto con usted! No se puede adivinar quién? LLAMADO 09058095107 AHORA todo será revelado.
ham,Si.mum lookin fuerte:)
ham,"Sir Goodmorning, una vez que me llame gratis."
ham,¿Dónde me llamas?
ham,¿Gr8 iba a ver ese mensaje? Así que cuando r u salir? Felicidades querida. ¿Qué escuela y wat r ur planes.
ham,Las chicas de la oficina pueden preguntarse por qué sonríes pero te duele...
ham,"Hola, Wlcome, me pregunto si te comió un león o algo así, nada más."
ham,¿El tío Timi ayuda en la limpieza de coches
ham,"Vine al albergue, me voy a dormir, Plz me llama antes de clase, Hrishi."
ham,Ok... pero la bolsa de nuevo..
ham,¡Hola! Acabas de hablar con MANEESHA V. Nos gustaría saber si estás satisfecho con la experiencia. Responder Gratis con Sí o No.
ham,"Bien, srg me b4 u llamar."
spam,"Mila, age23, rubie, new in UK. Parezco sexo con chicos del Reino Unido. si te gusta la diversión conmigo. Texto MTALK a 69866.18 . 30pp/txt 1st 5free. 1.50 incrementos. Help08718728876"
ham,"Una vez que un pescador se despertó temprano en d mrng. Estaba muy oscuro. Esperó un rato &""; encontró un saco lleno de piedras. Él strtt thin thm in2 d mar 2 pasar el tiempo. Atlast él tenía jus 1stone, sol se levantó & ""él descubrió tht esas piedras rnt, ésos eran diamantes. Moral:\Dont despertar temprano en d mrng'' BUENAS noches """""
spam,"Reclamar una ola de compras 200, sólo llame al 08717895698 ahora! ¿Ha ganado! MobStoreQuiz10ppm"
ham,¿Entonces tu física consigue un--?
ham,"Queridos amigos, lo siento por la información tardía. Hoy es el cumpleaños de nuestro amoroso Ar. Praveesh. para más detalles inicie sesión en el libro facial y ver. Es su número + <"";#>"" . No se pierda un delicioso regalo."
ham,¿Cómo vas a enviármelo?
ham,¿Se puede hacer la transacción en línea?
ham,"Querido, tengo el tren y el asiento, mi asiento más bajo."
ham,Hazme saber si necesitas algo más ensalada o desierto o algo... ¿Cuántas cervezas voy a tomar?
ham,¿Qué estás haciendo?
ham,Por qué eres increíble.
spam,"¿Quieres funk up ur fone con una respuesta semanal nuevo tono TONES2U 2 este texto. www.ringtones.co.uk, el n original mejor. Tones 3GBP tarifas de operador de red aplican"
ham,"¿Estás seguro que no quieres decir \get aquí,"""" te hicimos sostener toda la hierba\"""""""""""""""""""""""""""""""""""""""""""""""""""""""""""""""""""""""""""""""""""""""""""""""""""""""""""""""""""""""""""""""""""""""""""""""""""""""""""""""""""""""""""""""""""""""""""""""""""""""""""""""""""""""""""""""""""""""""""""""""""""""""""""""""""""""""""""""""""""""""""""""""""""""""""""""""""""""""""""""""""""""""""""""""""""""""""""""""""""""""""""""""""""""""""""""""""""""""""""""""""""""""""""""""""""""""""""""""""""""""""""""""""""""""""""""""""""""""""""""""""""""""""""""""""""""""""""""""""""""""""""""""""""""""""""""""""""""""""""""""""""""""""""""""""""""""""""""""""""""""""""""""""""""""""""""""""""""""""""""""""""""""""""""""""""""""""""""""""""""""""""""""""""""""""""""""""""""""""""""""""""""""""""""""""""""""""""""""""""""""""""""""""""""""""""""""""""""""""""""""""""""""""""""""""""""""""""""""""""""""""""""""""""""""""""""""""""""""""""""""""""""""""""""""""""""""""""""""""""""""""""""""""""""""""""""""""""""""""""""""""""""""""""""""""
ham,"Te amo !!! ¿Sabes? ¿Puedes sentirlo? ¿Hace que tu vientre caliente? Deseo que lo haga, mi amor ... Te encontraré en tus sueños, Ahmad ... *adorando beso*"
spam,"Los jovencitos, los osos, las zorras, las pieles y los deportistas están llamando ahora. No se pierda la diversión del fin de semana. Llame al 08712466669 a 10p/min."
ham,¡Me encanta! Quiero inundar ese bonito coño de esperma...
ham,"Oye, ¿estás enojado conmigo?"
ham,"Corto pero lindo: \Se una buena persona,"""" pero no trates de probarlo..\"""""""" .Gud mediodía...."""""""""""""""
ham,Recuerda también que las cuentas no salen nunca.
ham,Tienen un hilo en la sección de lista de deseos de los foros donde ppl post nitro peticiones. Comience desde la última página y recoger de la parte inferior hacia arriba.
ham,Por primera vez en la historia 'necesita' 'comodidad' y 'lujo' se venden al mismo precio en la India..!! Cebolla-Rs. <#> Petrol-Rs. <#> Cerveza-Rs. <#> SHESIL <#>
ham,"Feb <"";#>"" es \I AMOR U\"""" día. Enviar dis a todos ur \""""""VALUED FRNDS\"" evn me. Si 3 vuelve u'll gt casado d persona u luv! Si ignoras dis u perderá ur luv 4 Evr"""""
ham,"En realidad, nvm, hella efectivo, todavía en <"";#>"" ish?"
spam,Tratamos de contactar con usted para su respuesta a nuestra oferta de un teléfono de vídeo? 750 en cualquier momento cualquier red de minutos? TEXTO INLIMITADO? Videocámara? Responder o llamar al 08000930705 AHORA
ham,"Está bien, al menos Armand sigue por aquí."
ham,Estoy feliz de que nos sentemos juntos.
ham,"No es creativo, la calidad de prueba de Neva, dijo que revisara en línea."
ham,"No amigo, no es falso.. mis amigos tienen dinero, thts y yo estoy reffering u..if u miembro wit my mail link, u vl ser acreditado <"";#> rs y il be getiing <#> rs..i puede dibujar mi acc wen es <#>"" rs.."
ham,Amigo mientras makin esos brownies raros mi hermana hizo galletas impresionantes.
spam,URGENTE! Estamos tratando de contactar con usted. Los fines de semana pasados sorteo muestra que usted ha ganado un premio 900 GARANTIZADO. Llame 09061701851. Código de reclamación K61. Válido sólo 12 horas
ham,"Por favor, no la restrinjan de comer nada que le guste durante los próximos dos días."
ham,Mm le pides que venga lo suficiente :-)
ham,En la funeraria con Audrey y papá
ham,"De acuerdo, ¿puedes enviarme la dirección?"
ham,¡Ojalá estuviéramos juntos ahora mismo!
ham,"Sí, entonces está bien a las 7.30 u 8.30 para la edad de hielo."
ham,"Por favor, no creeré a Dios. No sólo a Jesús."
ham,No sé cómo conseguir cuatro de ella...
ham,"Todavía no chikku..k, entonces el tipo dejó de irritar o de mirar hacia ti.."
ham,¿Cuánto tiempo se tarda en conseguirlo?
ham,Este es mi número por Vivek ..
spam,74355 XMAS se acerca y se concede o bien 500 CD vales regalo y entrada gratuita 2 r 100 sorteo semanal txt MUSIC a 87066 TnC
ham,"Lo siento hermano, acabo de terminar el último de mis exámenes, ¿qué pasa?"
ham,"Me arrestaron por posesión en, te cago no, <"";TIME>"" pm"
ham,"No puedo darte el espacio que quieres y necesitas, esto realmente está empezando a convertirse en un problema, iba a sugerir un movimiento definitivo, si todavía estoy ahí, después de Grecia, pero tal vez estés listo y debas hacerlo ahora."
ham,Sólo normal aquí :)
ham,"Por favor, protégete de las amenazas electrónicas. SIB nunca pide información sensible como Contraseñas, PIN ATM/SMS a través del correo electrónico. Nunca compartas tu contraseña con nadie."
ham,Te echo tanto de menos que estoy tan desapegado que he grabado el mensaje que me dejaste el otro día y lo escucho sólo para escuchar el sonido de tu voz.
ham,Hola. Siempre estoy en línea en yahoo y me gustaría chatear contigo algún día
ham,"Buenos días, mi abuelo expiró... así que estoy de permiso hoy."
spam,Felicitaciones U puede reclamar 2 fila VIP A Entradas 2 C Blu en concierto en noviembre o Blu regalo garantizado Llamar 09061104276 para reclamar TS&Cs www.smsco.net costo3.75max
ham,¿Dónde estás? ¿Qué estás haciendo? ¿Estás trabajando en llevar el PC a casa de tu madre? ¿Encontraste un lugar en el que funcionaría?
ham,"Claro, veré si puedo pasar en un rato."
ham,"Estoy de acuerdo, así que puedo dejar de pensar en ipad. ¿Puedes por favor hacerle la misma pregunta al macho?"
ham,Vamos a juntar nuestro dinero y comprar un montón de entradas de lotería. Si ganamos obtendré <#> % u obtener <#> %. ¿Trato?
ham,De acuerdo.
ham,Te había hecho una pregunta unas horas antes.
ham,"Mirando la tele, una bonita, entonces me gusta."
ham,Estoy pensando que Chennai olvidó venir a subastar ..
ham,Entonces ven a buscarme a las 530 a.r.
ham,¿Alguna compra ya?
ham,"Fui a pagar el alquiler, así que tuve que ir al banco para autorizar el pago."
ham,"Erm _ mal recoger a alrededor de las 6.45pm. Eso dará tiempo suficiente para llegar allí, el parque y eso."
ham,"Hola, cariño. ¿Cómo estás, cariño? ¿Tienes una buena fiesta? ¡Gimmi de Goss!x"
ham,Howz dolor.se vendrá abajo hoy.do como dije ystrday.ice y medicina.
ham,"chile, por favor! Es sólo un <"";DECIMAL>"" coche de la hora para mí. Vengo todo el tiempo y voy a subarrendar feb-april para la temporada de audición."
ham,Si ammae... la vida toma muchos giros solo puedes sentarte e intentar sujetar la dirección...
ham,"Sí, eso es lo que pensé, déjame saber si algo está pasando más tarde."
ham,Mmmm... ¡No puedo esperar a lamerlo!
ham,Pls ir allí hoy <#> . No quiero ninguna excusa
spam,"Fantasy Football está de vuelta en su TV. Vaya a Sky Gamestar en Sky Active y jugar 250k Dream Team. La puntuación comienza el sábado, así que regístrese ahora!SKY OPT OUT to 88088"
ham,¿Puede usted plz decirme el ans. BSLVYL enviado a través de fullonsms.com
ham,¿Sólo en la ciudad?
ham,Estoy deseando que todo el sexo se acurruca... sólo dos más duermen.
ham,Tenemos todos los redondos:) así que no se requiere:)
ham,"No, es cierto..k,¿U knw dis no. <"";#>"" ?"
ham,"No te preocupes, 1 día muy grande lambo ji vl ven .. hasta entonces disfrutar de la fiesta por lotes:-)"
ham,"He abierto el hip hop, estaba pensando en ir a jazz y luego hacer zoom a cine, en realidad esta noche estoy libre y hay una lección de kb esta noche."
spam,Free msg: Single? Encuentre un socio en su área! 1000s de personas reales están esperando para chatear ahora!Enviar CHAT a 62220Cncl enviar STOPCS 087178908901.50 por msg
ham,"Estoy bien, mañana haré mi parte."
ham,Pero encontramos una tienda de diff para comprar queso.
ham,¿Sigues trabajando?
spam,"Ganar la más reciente Harry Potter y la Orden del Fénix (Libro 5) responder HARRY, responder 5 preguntas - oportunidad de ser el primero entre los lectores!"
ham,"Sí, me gustan los muebles rosados."
spam,Free Msg: Ringtone!Desde: http://tms. widelive.com/index. wml?id=1b6a5ecef91ff9*37819&first=true18:0430-JUL-05
ham,"En el lugar del cliente, señor."
spam,"¡Oh Dios mío! ¡He encontrado tu número de nuevo! Estoy tan contento, me envías un mensaje de vuelta xdespués de este msgs cst std ntwk chg 1.50"
ham,Una persona de corazón puro puede tener una sonrisa maravillosa que hace que incluso sus enemigos se sientan culpables por ser un enemigo.. Así que atrapar al mundo con su sonrisa..:) BUENA &Amp; TENER UN DÍA DE DOMINGO SMILIO..:)
ham,"¡Ésa es la chica de Alrite, usted sabe GAIL es Neva WRONG!! TU CUIDADO dulce Y DONT PREOCUPACIÓN.C U L8TR HUN!"
ham,"Teóricamente sí, podría ser capaz de venir."
ham,"Muy bien, estamos conectados, donde ustedes en"
ham,"No que yo sepa, la mayoría de la gente de aquí todavía está fuera de la ciudad."
ham,"No, déjame hacer los cálculos."
ham,"Oh, ok, espera 4 yo allí... mi lecture no ha terminado."
ham,"Sí, mi tipo de siempre está fuera de la ciudad, pero definitivamente hay gente por ahí que conozco."
ham,Me estoy uniendo hoy formalmente.Pls seguir orando. will hablar más tarde.
ham,"Feliz o triste , una cosa sobre el pasado es- \Es no más\"""" BUENA MAÑANA :-):-) ""."""
ham,No. ¿Los enviaste por mensaje multimedia o por correo electrónico?
ham,"Okie, pero tengo miedo de que digas que estoy gorda... entonces ya me quieres..."
ham,¿Recibiste ese mensaje?
ham,"Lo siento señor, lo llamaré mañana. senthil.hsbc"
ham,"Lo que necesitas, tienes a una persona que dar na."
ham,Ella lo dejó muy vago. Ella acaba de decir que le informaría a la persona en la contabilidad sobre el alquiler retrasado y que yo debería discutir con la agencia de vivienda sobre mi alquiler de otro lugar. Pero comprobar en línea ahora y todos los lugares alrededor de usc son <#> y hasta
ham,Hola juan. Voy a volver a casa en fri hey. Por supuesto espero una fiesta de bienvenida y un montón de regalos. lll teléfono u cuando vuelva. Cargas de amor nicky x x x x x x x x
ham,¿Puede usted plz decirme el ans. BSLVYL enviado a través de fullonsms.com
ham,"Corto pero lindo: \Se una buena persona,"""" pero no trates de probarlo..\"""""""" .Gud mediodía...."""""""""""""""
ham,"Gumby's tiene un especial donde una <"";#>"" \ pizza de queso es de $2, así que sé lo que estamos haciendo esta noche"""""
spam,Se ha enviado un enlace a su foto. También puede utilizar http://alto18.co.uk/wave/wave.asp?o=44345
ham,Como un tamaño personal o lo que
ham,"Lo mismo, estoy en la fiesta de aniversario de mis tías abuelas en los manantiales de tarpon"
ham,Cab está disponible.se recogen y caen en los escalones de la puerta.
ham,Ok... cuídate. Umma también...
ham,"Textos ilimitados, minutos limitados."
spam,"Dobles minutos y 1000 txts en tarifas Orange. Última Motorola, SonyEricsson y Nokia con Bluetooth GRATIS! Llame a MobileUpd8 en 08000839402 o call2optout/HF8"
ham,"No hay problema, pasaremos mucho tiempo juntos..."
spam,URGENTE Este es nuestro segundo intento de ponerse en contacto con U. Su premio 900 de ayer todavía está a la espera de la colección. Para reclamar LLAMAR AHORA 09061702893. ACL03530150PM
ham,¿Sabes algo de esta semana?
spam,Estimado Dave este es su último aviso para recoger su 4* Tenerife Holiday o premio #5000 CASH! Llame a 09061743806 desde teléfono fijo. TCs SAE Box326 CW25WX 150ppm
ham,"Sí, última práctica."
spam,le dice a u 2 llamar a 09066358152 para reclamar el premio 5000. U tienen 2 introducir todos los datos personales y móviles @ las indicaciones. ¡Cuidado!
ham,"No, gracias, ha sido maravilloso."
ham,De lo contrario tenía medio tiempo trabajo na-tuición..
ham,- Quiero decir que está confirmado...
ham,Okie
ham,Eso depende. ¿Cómo te gustaría que te trataran? :)
ham,"Justo en Brah, nos vemos luego."
ham,Esperando en el coche 4 mi mamá lor. ¿Ya llegas a casa?
spam,Su cuenta de 2004 para 07XXXXXXXXX muestra 786 puntos no redimidos. Para reclamar llame al 08719181259 Código identificador: XXXXX Expira 26.03.05
spam,¿Quieres un nuevo teléfono de vídeo? 750 en cualquier momento cualquier red minutos? Alquiler de línea de medio precio? Videocámara? Responder o llamar al 08000930705 para la entrega de mañana
ham,"Me quedé dormido querida, cuídate."
ham,"No, eso sólo significa que tienes una cabeza gorda."
ham,"Parece un plan, Cardiff sigue aquí y está frío, estoy sentado en el radiador."
ham,¿En serio?
ham,"Ella es buena, se preguntaba si no le dirías hola pero ahora sonríe, así que, ¿cómo estás lidiando con la larga distancia?"
ham,"Cómo no... ella está en el coche ahora... más tarde, c lar... estoy usando shorts..."
spam,Usted tiene un anuncio de servicio al cliente importante. Llame a FREEPHONE 0800 542 0825 ahora!
ham,"Sí, lo que sea."
ham,Hoy es ACEPT DAY..U Aceptarme como? Hermano Amante Hermana Dear1 Best1 Clos1 Lvblefrnd Jstfrnd Cutefrnd Lifpartnr Belovd Swtheart Bstfrnd No rply significa enemigo
ham,"Ard 530 lor. Estoy bien, entonces mensaje Í_ lor."
ham,"De acuerdo, entonces."
ham,"Eh, tu laptop no tiene stock lei... dice que mon muz viene de nuevo a echar un vistazo."
ham,No hay necesidad de ke qi... â € TM demasiado aburrido izzit y de repente thk de esto...
ham,¡Ojalá! No creo que vaya a nevar mucho. Pero va a ser más que esas flurries que generalmente nos derriten antes de que golpeen el suelo. ¡Eek! ¡No hemos tenido nieve desde <#> antes de que yo naciera!
spam,FREE>Ringtone! Responder REAL o POLY por ejemplo REAL1 1. PushButton 2. DontCha 3. BabyGoodbye 4. GoldDigger 5. WeBeBurnin 1er tono GRATIS y 6 más cuando te unes a 3/wk
ham,"¡Haz una cosa! Cambia esa frase en: \Porque quiero que 2 se concentren en mi carrera educativa im salir de aquí..\"""""""""
ham,"Tocar, escribir un periódico, ir al cine y estar en casa a medianoche, ¿eh?"
ham,"Vale, lor... ¿aún nos dejarán ir un no ah? Porque no lo sabrán hasta más tarde. ¿Tiramos nuestras cartas en la caja, verdad?"
ham,¿Izzit sigue lloviendo?
ham,Como si no tuviera suficientes problemas para dormir.
ham,No he añadido todavía derecho..
ham,"Lol... realmente necesito recordar comer cuando estoy bebiendo, pero aprecio que me hagas compañía esa noche nena *sonrisas*"
ham,"Nena, te he perdido... ¿Intentas reiniciar?"
ham,"Sí, cerca de ti no puedes aha."
ham,Tengo que irme a casa por mi cuenta porque voy a salir de compras 4 mi regalo de frens.
ham,Nooooooo me voy a aburrir todo el día.
ham,Cualquier cantidad que pueda conseguir PLS.
ham,¿Jugando al poker espacial?
ham,¿Cómo es que Guoyang se lo dijo?
ham,Tienes que levantarte.
ham,Le dan una segunda oportunidad a Rahul Dengra.
ham,"Sí, de hecho acaba de preguntar si necesitábamos algo como hace una hora. ¿Cuándo y cuánto?"
ham,"Cuando el primer estribo es rojo, el pájaro + la antena comienzan a jugar en la autoindependencia del campo, crean que esto + la flor de la contención crecerán. ¡Random!"
ham,"¿Quieres ir allí, doctor?"
ham,¿Papá tiene un bb ahora.
spam,"Free Msg: get Gnarls Barkleys \Crazy\"""" ringtone TOTALMENTE GRATIS sólo tienes que responder Ir a este mensaje ahora mismo!"""""
ham,"Ella está al límite, pero sí lo que sea."
ham,Recibí una llamada de un número fijo. . . Me pidieron que viniera a Anna Nagar. . . Iré por la tarde.
ham,"Hasta el 545... ya, podemos ir a cenar 4 juntos..."
ham,¡Seré una dulce princesa!
ham,¿Cómo se hace bebé niña??? Espero que usted está bien cada vez que llamo teléfono ure está apagado! Echo de menos u ponerse en contacto
ham,"Lo siento, me fui a la cama temprano, noche."
ham,Me gusta pensar que siempre hay la posibilidad de estar en un pub más tarde.
ham,HMM sí si su no demasiado ranurado! Y estoy esperando a mi libra especial :)
ham,Tengo que grabar video tipo pple en mensaje lor. U tan gratis wan 2 me ayudan?
ham,Hola amigo hw r u da realy mising u hoy
ham,Yo tengo hambre de comprar algo de comida buena lei... pero mamá yun dun wan juz compra un poco...
spam,¿Rechazó un préstamo? ¿Asegurado o sin garantía? ¿No puede obtener crédito? Llame gratis ahora 0800 195 6669 o envíe un mensaje de vuelta 'ayuda' y lo haremos!
ham,Creo que voy a salir. ¿Cómo estuvo tu fin de semana? ¿Me extrañaste?
ham,Lo sabía... ¿Dormiste hasta tarde?
ham,Jaja... no te enfades contigo mismo... tómalo como una práctica para lo real.
ham,¿Dónde está ese entrenamiento de un día:-)
ham,Para poder besarte y sentirte a mi lado...
ham,"Que tengas un buen día, querida."
ham,Envié los detalles del Eckankar de Lanre Fakeye a la caja de correo.
ham,¿Tu padre está de vuelta en Ph?
spam,"Usted ha sido especialmente seleccionado para recibir un premio \3000! Llame al 08712402050 ANTES de cerrar las líneas. Costo 10ppm. 16+. T&Cs aplican. AG Promo"""""
ham,Si le preguntas a ella o ella dice cualquier mensaje por favor.
ham,"Si e tiempo puede, entonces voy w u lor ..."
ham,Te quiero aathi .. te quiero mucho ..
ham,Sólo estaba llamando para decir hola. ¡Cuídate hermano!
spam,Usted ha ganado! Como un cliente valorado Vodafone nuestro ordenador ha elegido para ganar un premio 150. Para recoger es fácil.
ham,¿Encendió u el calentador? El calentador estaba encendido y ajustado a <#> grados.
ham,"Gracias por su mensaje. Realmente aprecio su sacrificio. No estoy seguro del proceso de pago directo, pero lo averiguaré en mi camino de vuelta del examen de mañana. Estoy en clase ahora. Tenga un día maravilloso."
ham,"Ese es el problema con las clases que van bien - usted es debido a una esquiva _ Esperando mi tomo! Nos vemos para la recuperación, al mismo tiempo, el mismo lugar"
spam,Teléfonos de cámara de vídeo gratis con la línea de alquiler de Half Price para 12 mths y 500 ntwk minutos 100 txts. Llame a MobileUpd8 08001950382 o Call2OptOut/674&
ham,¿Te has levantado 2 J?
ham,"Buenas noches, nos vemos mañana."
ham,Recibido. Were probablemente va a rem en alrededor de 20
ham,¿Crees que cualquier chica va a proponer que usted hoy por seing ur maldita mierda funky mierda cara de mierda ... culosssholeee ....
ham,"Ojalá estuvieras aquí, me siento tan sola."
spam,Gran oferta nueva - Double Mins & Double Txt en las mejores tarifas naranjas y obtener los últimos teléfonos de cámara 4 GRATIS! Llame a MobileUpd8 gratis en 08000839402 AHORA! o 2stoptxt T&Cs
ham,La razón es que si el presupuesto del equipo está disponible por fin compran a los jugadores sin vender al precio base..
ham,CERI U REBEL! DUEÑO DREAMZ ME PEQUEÑO BUDDY! C YA 2MORO! QUE NECESITA BLOKES
spam,ringtoneking 84484
ham,¿Cuántas páginas tenemos?
ham,No solo con mi mamá y mi hermana.
ham,Autocentro nacional (o algo así) en la carretera de Newport. Me gustaron allí
ham,"Oye, te extrañé de lo de anoche cuando mi teléfono estaba en el cargo... *sonrisas*... voy a encontrarme con un amigo en breve."
ham,"Como quieras, Juliana, haz lo que quieras."
ham,"La amistad no es un juego para jugar, No es una palabra para decir, No comienza en marzo y termina en mayo, Es mañana, ayer, hoy y e"
spam,Ringtone Club: ¡Gr8 nuevos polis directamente a tu móvil cada semana!
ham,"No te apresures a volver a casa, estoy comiendo nachos, te lo haré saber."
ham,"De todos modos, no podemos conseguir entradas ahora porque ya es bastante tarde."
spam,(Banco de granito emite Strong-Buy) PICK EXPLOSIVO PARA NUESTROS MIEMBROS **** UP MÁS del 300% ********* **** Símbolo Nasdaq CDGT Eso es un $5.00 por..
ham,Estoy de camino a casa.
ham,"Dizzamn, ¿puedo preguntarle a mis compañeros cuando vuelva?"
ham,"Nimbomsons. Sí, el teléfono lo sabe. Obviamente, porque es una palabra de verdad."
ham,Quiero abrazarte en mis brazos fuertes ahora mismo...
ham,¿R u en este continente?
ham,Pagaremos más como <#> yrs por lo que no es demasiado difícil
spam,Aburridas amas de casa! Charlar n fecha ahora! 0871750.77.11! BT-tarifa nacional 10p/min sólo de teléfonos fijos!
spam,Tratamos de llamarle para su respuesta a nuestros sms para un móvil de vídeo 750 minutos TEXTO UNIMITADO videocámara gratis Responder o llame ahora 08000930705 Del Thurs
ham,¿Cuándo darás un regalo?
spam,"Esta es la segunda vez que hemos tratado de contactar u. U han ganado el premio 400. 2 reclamo es fácil, sólo llame al 087104711148 AHORA! Sólo 10p por minuto."
ham,No se preocupará por nada y no te dará dinero que no sirve de nada.
ham,¿Recibiste algún regalo? Este año no recibí nada.
ham,en algún lugar por ahí debajo de la luz de la luna pálida alguien piensa en u algún lugar por ahí donde los sueños se hacen realidad... goodnite & dulces sueños
ham,"Bueno, hay un patrón que emerge de mis amigos diciéndome que vaya y venga a fumar con ellos y luego diciéndome que soy un demonio de la hierba/hacer que fumen demasiado/impedir que hagan otras cosas para que veas cómo estoy dudando"
ham,", ow u dey.i pagó 60.400thousad.i le dijo que llamaría."
ham,"IM FINE BABES ESTÁ UPADO 2 MUCHOS MUCHO! VISTO LA MOVIDA DE SCARY YEST SU MUY DIVERSA! QUIERO 2MAS DE ORGANOS? A la ciudad, o todo o todo el verano? xx"
ham,Llegaré a casa en 5 minutos.
ham,"¿Quieres charlar, pero las cosas están bien, así que me deja un texto cuando estás libre / aburrido, etc y voy a sonar. Espero que todo está bien, ensayo de nariz y todo xx"
ham,Mi primo dijo que podía caminar hasta Vic Market desde nuestro hotel.
spam,"Wan2 ganar un Meet+Greet con Westlife 4 U o un m8? Actualmente están en qué gira? 1) Inrompible, 2) Indomable, 3) Unkempt. Texto 1,2 o 3 a 83049. Costo 50p + texto std"
spam,Por favor llame a nuestro representante de servicio al cliente en FREEPHONE 0808 145 4742 entre 9am-11pm ya que tiene WON un premio garantizado 1000 en efectivo o 5000!
ham,¿Hablaste con tu madre?
ham,De acuerdo.
ham,"Lo siento, no puedo enviar un mensaje de texto a &"";"" conducir coherentemente, nos vemos en veinte"
spam,Pronto recibirás el tono de llamada Triple Echo de esta semana. ¡Disfrútalo!
ham,En qué lugar puedo conseguir habitaciones baratas:-)
ham,"Eek, eso es mucho tiempo, especialmente desde que American Pie dura como 8 minutos."
ham,"\GRAN SOLO ENCONTRADO AFEW DAYS AGO.CUSOON HONI\"""""""""
spam,"Usted ha sido seleccionado para permanecer en 1 de 250 mejores hoteles británicos - para nada! Vacaciones valoradas en 350! Marcar 08712300220 para reclamar - Tarifa Nacional Llamada. Bx526, SW73SS"
ham,Universidad de California del Sur.
ham,Tenemos que elegir a Rayan Macleran allí.
ham,U wan 2 ver asuntos infernales no? Come lar ...
ham,"Bueno, pelotas, es hora de hacer llamadas."
ham,¿Qué hora es hoy?
ham,<#> en MCA. Pero no conforme.
ham,Oh bien. ¿El correo de Wat?
ham,"Sí, princesa. ¿Me vas a hacer gemir?"
ham,Lol está bien No me acuerdo hasta el último nite
ham,"[_] de todos modos, muchas buenas noches a u! s"
ham,"Genial, te enviaré un mensaje en unos minutos."
ham,"Lo siento Vikky, estoy viendo olave mandara película kano en el teatro trishul con mis amigos .."
ham,"¡Estoy muy feliz por ti, nena!"
ham,Te voy a llevar por comida italiana. ¿Qué tal un vestido bonito sin bragas? :)
ham,¿Qué te parece 2? Tú ibas a llamarme!! Txt bak luv K
spam,Usted es elegido para recibir un premio 350! Pls llamar número de reclamación 09066364311 para recoger su premio que se selecciona para recibir como un cliente móvil valorado.
ham,¿Cómo lo llevas?
ham,"No te alagues... dile a ese hombre mío dos pintas de carlín en diez minutos, por favor..."
ham,¡Espero que no tengas miedo!
ham,No puedo coger el teléfono ahora mismo. Pls enviar un mensaje
ham,Estoy en casa y listo...
spam,Por favor llame a nuestro representante de servicio al cliente en FREEPHONE 0808 145 4742 entre 9am-11pm ya que tiene WON un premio garantizado 1000 en efectivo o 5000!
ham,¿A qué hora sales?
ham,Estoy literalmente en la cama y he estado despierto como <#> horas
ham,"¡Sí, mi reg es Ciao!"
ham,Si te refieres a la página web.
spam,Ganar un premio en efectivo de 1000 o un premio por valor de 5000
spam,"Gracias por su pedido de tono de llamada, número de referencia X49.Su móvil se cargará 4.50. Si su tono no llega por favor llame a los servicios al cliente 09065989182"
ham,Lol o yo podríamos morir de hambre y perder una libra al final del día.
ham,"Sí, esa es la impresión que tengo."
ham,"Ok, ok, cuídate, puedo entender."
ham,"Motivar Detrás de cada oscuridad, hay una luz brillante esperando a que la encuentres... Detrás de cada mejor amigo, siempre hay confianza y amor... BSLVYL"
ham,"¿Está bien, luego cenamos?"
ham,Dormí esa vez. ¿Estás ahí?
ham,No hagas planes para NXT WKND Coz ella quiere que bajemos entonces ok
ham,¿Cuándo empieza la escuela? ¿Dónde te quedarás? ¿Cómo es el clima y la comida? ¿Tienes un sistema de apoyo social como amigos en la escuela? Todas estas cosas son importantes.
ham,"Ha ha nan yalrigu heltini..Iyo kothi chikku, u compartió muchas cosas con mi ingenio.. hasta ahora no le dije a ningún cuerpo e incluso pronuncié una palabra abt u.. Si usted confía en mí tanto cómo puedo decir esto a otros.. Plz nxt tiempo no use esas palabras para mí..ok, chikku:-)"";""-)B-)"
ham,Mándame un mensaje cuando estés aquí.
ham,Hola es Yijue nos vemos a las 7 pm en la esaplanada de esta noche.
spam,Moby Pub Quiz.Ganar un premio 100 High Street si usted sabe quién será la nueva Duquesa de Cornwall? Txt su nombre de pila a 82277.unsub STOP 1.50 008704050406 SP
spam,"Esta semana las ofertas de miembros de SavaMob son ahora accesibles. Sólo tiene que llamar al 08709501522 para obtener más detalles! SavaMob, POBOX 139, LA3 2WU. Sólo 1.50/semana. SavaMob - ofrece móvil!"
ham,Se me ocurre que no estoy tan seguro de lo que estoy haciendo como pensaba.
ham,"Hola querida que vimos querida, los dos estamos felices, donde tú mi batería está baja."
ham,¿Cómo está Abj?
ham,Prof: usted ha pasado en todos los periódicos en este sem felicidades . . . . Estudiante: Enna kalaachutaarama..! Prof:??? Gud mrng!
ham,No patees el coco cuando esté abajo.
ham,Para tu información te voy a llamar esporádicamente empezando como <#> bc no estamos haciendo esta mierda
spam,"Usted está siendo contactado por nuestro Servicio de Citas por alguien que usted conoce! Para averiguar quién es, llame desde su teléfono móvil o fijo 09064017305 PoBox75LDNS7"
spam,TBS/PERSOLVO. ha estado persiguiéndonos desde septiembre para38 definitivamente no pagando ahora gracias a su información. Los ignoraremos. Kath. Manchester.
ham,Espero que no te diviertas mucho sin mí!! ver u mañana amor jess x
ham,Ok no voy a llamar o molestar a nadie. Sé que todos me están evitando. Soy una carga para todos
ham,He llegado a casa ni me bañé liao... puedes llamarme ahora...
spam,"Préstamos para cualquier propósito, incluso si usted tiene mal crédito! inquilinos Bienvenido. Llame a No WorriesLoans.com en 087171111821"
ham,Fue el examen real más difícil que NBME
ham,Mucho de esto de la enfermedad va alrededor. Tómelo con calma. Espero que te sientas mejor pronto. Lol
ham,"Dios recogió una flor y se sumergió en DEW, amorosamente la tocó que se convirtió en u, y el que me regaló y me dijo, SU AMIGO ES 4 U"
spam,87077: ¡Comienza una nueva temporada con 2wks gratis goles y noticias para tu móvil! Txt ur club nombre a 87077 eg VILLA a 87077
ham,"Oye, Sathya, hasta ahora no nos encontramos ni una sola vez, entonces ¿cómo puedo ver la situación Sathya."
ham,Gam se fue después de entradas sobresalientes.
ham,O jugué a smash bros <#> religiosamente.
ham,"Señor, buenos días. Espero que haya tenido un buen fin de semana. Llamé para hacerle saber que era capaz de levantar <"";#>"" de mi padre. Sin embargo, dijo que haría el resto disponible a mediados de febrero. Esta cantidad es todavía bastante corto y esperaba que me ayudara. Tenga un buen día. Abiola"
ham,Deprisa a casa. ¡La sopa está acabada!
ham,Revisaré todas las habitaciones para ver si hay actividades.
ham,"Buenas tardes, mi amor. Fue bueno ver tus palabras sobre YM y conseguir tu TM. Muy inteligente movimiento, mi esclavo ... * sonrisas * ... Bebo mi café y te espero."
ham,"Muy bien, pero un poco de ex... será mejor que vayas a comer smth ahora si no me sentiré culpable..."
spam,"Naranja te trae tonos de todos los tiempos Chart Heroes, con un éxito gratis cada semana! Ir a Ringtones & Pics en wap. Para dejar de recibir estos consejos responder STOP."
ham,Déjame saber cuando estés aquí.
spam,PRIVATE! Su estado de cuenta de 2003 para 07973788240 muestra 800 puntos S. I. M. no redimidos. Llame al 08715203649 Código de identificación: 40533 Expira 31/10/04
ham,Tiene que dejar de ir a la cama y hacer con el puto trato.
ham,"¿Cómo estás, mi amor? ¿Estás con tu hermano? ¿Es hora de hablar inglés con él? *grins* Di : Hey Muhommad, Penny dice hola desde el otro lado del mar"
spam,Intentamos llamarle para su respuesta a nuestros sms para un móvil de vídeo 750 minutos TEXTO UNIMITADO + videocámara gratis Respuesta de llamada 08000930705 Ahora
ham,"Hey doc pls Quiero conseguir buena camiseta para mi marido agradable ajuste de los mi presupuesto es <"";#>"" k ayuda pls Voy a cargar d tarjeta abi hw, mantenme publicado luv. 2 mj"
ham,No estoy convencido de que esto no sea una prueba elaborada de mi fuerza de voluntad.
ham,"\La vida no es nada wen v obtener todo\"""". Pero \""""la vida es todo wen v perder algo \"""". El valor real de la gente se realizará sólo en su ausencia.... gud mrng"""""
ham,¡Te echo de menos!
ham,"No estoy contestando ningún teléfono en lo que en realidad es una hora bastante razonable, pero tengo sueño"
ham,"Hey , es * rito u poner 10 cada mnth es eso todo?"
ham,Me voy a la cama ahora Prin
ham,Creo que sólo a ti mismo. Gracias y te veo Tomo.
ham,Si usted conduce entonces cómo voy 2 sch.
ham,No estoy en casa ahora lei...
spam,GSOH? Bueno con SPAM las damas?U podría b un gigolo masculino? 2 unirse al club de hombres de más rápido crecimiento del uk respuesta ONCALL. mjzgroup. 08714342399.2stop reply STOP. msg1.50rcvd
ham,"Vale, entonces vendré a tu casa después de media hora."
spam,U tiene un admirador secreto que está buscando 2 hacer contacto con U-encuentre a quién R*revela que piensa UR tan especial-llamada en 09058094599
ham,¿Tienes algún frnd de nombre ashwini en tu universidad?
ham,Jus terminar mi almuerzo en mi camino a casa lor ... I tot u dun wan 2 permanecer en sch hoy ...
ham,K entonces 2marrow vas a venir a clase.
spam,"HOT LIVE FANTASIES llame ahora 08707500020 Sólo 20p por min NTT Ltd, PO Box 1327 Croydon CR9 5WB 0870 es una llamada de tarifa nacional"
ham,"Pls envíeme su dirección, señor."
ham,Quiero lamerte el coño ahora...
ham,"Oye, ¿aún vas a estar en stock mañana/hoy?"
spam,URGENTE! Su número de móvil ha sido galardonado con un premio <UKP>2000 GARANTIZADO. Llame al 09061790125 desde teléfono fijo. Reclamación 3030. Válido 12hrs sólo 150ppm
ham,"Voy a ver, pero prolly sí"
ham,Pensé que podríamos salir a cenar.
ham,¿Dónde estás? ¿Qué haces? ¿Cómo puedes estar lejos de mí? ¿No te duele tu corazón sin mí? ¿No te preguntas de mí? ¿No me anhelas?
ham,"Lo siento, nunca se oye a menos que lo reserves, uno era una broma, en realidad buscaba chicas blancas delgadas, el otro era una línea, sólo se puede hacer tanto en cámara con eso, algo así como que están lanzando en la mirada."
ham,¿Qué estás haciendo? ¿Cómo estás?
ham,"Claro gran hombre. Tengo elecciones de hockey a las 6, no debería ir más de una hora aunque"
ham,"Mira, vi unas cuantas muestras bastante bien Ard 116 pero necesito una segunda opinión leh..."
ham,"Hiya te gusta las fotos de hlday se veían horribles en ellos, así que sacó mo! ¿Cómo es la cosa Amrca campamento? Habla pronto Serena:)"
ham,"Nena! ¿Cómo va ese día? ¿Qué estás haciendo? Ya te echo de menos, mi amor ... * beso amoroso * ... Espero que todo vaya bien."
ham,Yunny... voy a llegar tarde.
ham,"El doctor me recetó morfina porque los otros medicamentos para el dolor no son suficientes, esperando a que mi madre lo traiga, esa medicina debería entrar rápido, así que voy a tratar de hacerlo más tarde."
ham,"Genial, ¿quieres que vaya a Kappa o te veo afuera?"
ham,"Hey bollos sexy ! Te he dicho ? Te adoro, chico amante. Espero que recuerdes agradecer a tu cuñada por esas albóndigas *grins* ... te amo, nena"
ham,Puede aprobar panalam... pero debería tener más puestos..
spam,"SPEnero Male Sale! Hot Gay chat ahora más barato, llame al 08709222922. Tarifa nacional de 1,5p/min barato a 7,8p/min pico! Para detener los textos llame al 08712460324 (10p/min)"
ham,"Lo siento, llamaré más tarde."
ham,No creo que sea un mal llamado entre nosotros.
ham,Una vez que consiga trabajo...
ham,"Y cuando termines, me refiero a ahora."
ham,"""Es un milagro amar a una persona que no puede amar a nadie excepto a U... """""""""""" Gud nyt..."""""""""""""""""
ham,Hola bebé live acaba de volver del trabajo y yo quería ver u todo el día! Espero que no me enojé en el teléfono de hoy. Si usted está para arriba me da una llamada xxx
spam,FreeMsg Hoy es el día si estás listo! Estoy caliente y vivo en tu ciudad. Me encanta la diversión sexual y los juegos! Netcollex Ltd 08700621170150p por msg respuesta Stop to end
ham,¿Son tus chicos yahoo los que traen al pervertido o legal?
ham,Sé que soy un extraño.
ham,¿Alguna vez has tenido un pie antes?
ham,Sólo tengo que <#>
ham,"¡Bien! No, no necesito ningún recibo bien hecho! (_) Sí, por favor, dile. ¿Cuál es su número, podría llamarla"
ham,"Siempre cita verde alguna vez dicho por Jerry en dibujos animados \A persona que irrita u Siempre es el que ama u Vry Mucho pero falla para expresarlo ...!.!! :-) :-) gud nyt"""""
ham,Deja que me lar... vaya a llevar tanto peso... ¿le suena a Da num 98321561?
ham,Hermosa verdad : La expresión de la cara podía ser vista por todos... Pero la depresión del corazón podía ser entendida sólo por los amados.. Gud Ni8;-)
ham,Feliz año nuevo de hecho. ¿Cómo estás donde estás cuando estamos viendo
spam,"En The Simpsons Movie lanzado en julio de 2007 nombre de la banda que murió al comienzo de la película? A-Green Day, B-Blue Day, C-Red Day. (Enviar A, B o C)"
ham,Es una pena. ¿Tal vez se reúnan por unas horas en Tomo?
ham,"Lol lo haría, pero a pesar de estos calambres me gusta ser una chica."
ham,"No puedo esperar para el muro de maíz. Espero que esta noche no es demasiado malo, así pero its rock night shite. De todos modos voy para un kip ahora tienen una buena noche. Hablar con usted pronto."
ham,Pls me ayuda a decirle a Sura que estoy esperando una batería de Hont. Y que si pls me envía un mensaje sobre cómo descargar películas. Gracias
spam,Por favor llame a Amanda con respecto a la renovación o actualización de su teléfono T-Mobile actual de forma gratuita. Oferta termina hoy. Tel 0845 021 3680 sujeto a T's y C's
ham,"¿No has encontrado una manera de conseguir otra aplicación para tu teléfono, eh? ¿Irás al café de la red? ¿Tomaste ese trabajo? Geee te necesito nena. Ansío verte ..."
ham,"Sólo trabajo de mon a thurs, pero Sat no puedo... reservar liao... ¿Qué otro día estás libre?"
ham,Vienen a buscarnos oredi...
ham,¿Cuál es la dirección de las niñeras?
spam,"URGENTE!! Su 4* Costa Del Sol vacaciones o 5000 esperan la colección. Llame 09050090044 Ahora a la reclamación. SAE, TC s, POBox334, Stockport, SK38xh, Cost1.50/pm, Max10mins"
ham,¿Qué hora es de que vengas?
spam,¿Quieres un nuevo Video Phone? 750 en cualquier momento cualquier red minutos? Media línea de precio de alquiler de texto gratis durante 3 meses? Responder o llamar al 08000930705 para la entrega gratuita
ham,"Oye, llámame cuando tengas la oportunidad, un amigo mío quería que te preguntara por un gran pedido."
ham,"Además, dije que estoy quebrado y no respondiste."
ham,Ciertamente pone las cosas en perspectiva cuando algo como esto sucede
ham,¿No hay trabajo hoy?
ham,Me sentía tan... que no tenía ninguna razón para transmitir... que él... ¿qué hay de mí?
spam,¿Tuvo su móvil 11 meses o más? U R derecho a actualizar a los últimos móviles a color con cámara gratis! Llame a la actualización móvil Co FREE en 08002986030
ham,"¿Cómo va? ¿Tienes planeadas alguna actividad tipo karaoke emocionante? Estoy debatiendo si jugar al fútbol esta víspera. Sin embargo, me siento perezoso."
ham,Le dije que vendría el miércoles.
ham,"Está bien, se llama mamá en lugar de divertirse"
spam,"Estimado Titular del Vale, Para reclamar esta oferta de semanas, en su PC por favor vaya a http://www.wtlp.co.uk/text. Ts&Cs aplicar."
ham,"Bueno, si estoy tan desesperado, llamaré a Armand de nuevo."
ham,¿Estás en el trabajo ahora mismo?
spam,¡Felicitaciones! Nokia 3650 video cámara de teléfono es su llamada 09066382422 Calls cost 150ppm Ave call 3mins varían desde móviles 16+ Close 300603 post BCM4284 Ldn WC1N3XX
ham,"No he oído nada y no está respondiendo a mis mensajes, así que supongo que se cayó."
ham,"Mmmmmm ... Te amo, tanto, Ahmad ... No puedo esperar a que este año para comenzar como cada segundo me lleva más cerca de estar a tu lado. Feliz Año Nuevo, mi amor!!"
ham,Pls cuál es el nombre completo de la escuela de broma cos honorarios en la universidad de Florida parecen ser en realidad <#> k. Pls holla volver
ham,"Lo siento, llamaré más tarde."
ham,Vale... pero dijeron que tengo las muelas del juicio escondidas dentro de n mayb necesita 2 quitar.
ham,Y pls pls beber mucha agua
ham,¿Cómo está la reina? ¿Vas a la boda real?
ham,"Esa es la parte triste, pero nos mantenemos en contacto gracias a Skype."
ham,"Vale, entonces vamos a ir a..."
ham,Dos equipos esperando a algunos jugadores
ham,¿Puede enviarme una copia del informe?
ham,"swhrt cómo usted dey, espero que u ok, tot sobre u 2day.love n miss.toke cuídate."
ham,"Está bien, ya lo planeé."
spam,"Urgente! Por favor llame al 0906346330. Su ABTA gratis 4* Vacaciones españolas o 10,000 dinero en efectivo esperar colección SAE T&Cs BOX 47 PO19 2EZ 150ppm 18+"
ham,"Lo siento, llamaré más tarde en la reunión."
ham,Realmente necesito mierda antes de mañana y sé que no estarás despierto antes de las 6:00.
ham,Estoy bien. ¿Se ha registrado para votar?
ham,"Hmm ok, me quedaré como una hora porque mi ojo está realmente dolorido!"
ham,"Querido, tengo un autobús directo a Calicut."
ham,Mm umma pedir vava también para venir decirle que puede jugar más tarde juntos
ham,"Bueno, el precio general es <"";#>"" /oz, házmelo saber si/cuándo/cuánto quieres"
ham,"Lo siento, llamaré más tarde."
ham,"Cada momento en un día, tiene su propio valor - la mañana trae esperanza, la tarde trae fe, la noche trae amor, la noche trae descanso, desea u encontrar a todos hoy."
ham,<#> w jetton ave si lo olvidó
ham,"Ok, voy a volver a casa ahora."
ham,No se pueden utilizar sellos extranjeros en este país.
spam,"Doble minutos y txts 4 6 meses Bluetooth gratis en naranja. Disponible en teléfonos Sony, Nokia Motorola. Llame a MobileUpd8 en 08000839402 o call2optout/N9DX"
ham,"Lo siento, es un montón de cosas de amigo de un amigo, estoy a punto de hablar con el tipo real que quiere comprar"
spam,GRATIS para la primera semana! No1 Nokia tono 4 u mob cada semana txt NOKIA a 8007 Obtener txting y decirle a sus compañeros www.getzed.co.uk POBox 36504 W45WQ norma150p/tone 16+
spam,"¿Quieres funk up ur fone con una respuesta semanal nuevo tono TONES2U 2 este texto. www.ringtones.co.uk, el n original mejor. Tones 3GBP tarifas de operador de red aplican"
spam,"cmon babe, me hacen caliente, *me enciende*! Txt me tu fantasía ahora babe -) Im caliente, pegajoso y te necesitan ahora. Todas las respuestas cuestan 1.50. 2 cancelar enviar STOP"
ham,Vendré mañana.
ham,Wylie actualización: mi distribuidor de hierba Carlos fue a la libertad y tuvo una clase con lunsford
ham,¿Eres feliz bebé? ¿Estás bien? ¿Tomaste ese trabajo? Espero que tu bien. Te envío un beso para hacerte sonreír desde el otro lado del mar ... *beso* *beso*
ham,C película es Juz decisión de último minuto mah. Juz ver 2 lar pero i tot I_ no está interesado.
ham,¿Cómo estás disfrutando este semestre?
spam,INFORMACIÓN IMPORTANTE 4 USUARIO ORANGE 0796XXXXXX. HOY ES UR DÍA DE LA LUZ!2 Averigua por qué LOG ONTO http://www.urawinner.com ¡HAY UN PREMIO FANTÁSTICO ESPERándote!
ham,"Abre la puerta, estoy aquí."
ham,"Vamos a usarlo la próxima semana, princesa :)"
ham,O me voy a casa primero lar espera 4 me lor .. pongo mis cosas primero ..
ham,Quiero kfc su martes. Sólo comprar 2 comidas SOLAMENTE 2. No gravy. Sólo 2 Marcos. 2!
ham,No da:)él es estúpido da..siempre enviando así:)cree que cualquiera de esos mensajes.pandy es un mental:)
ham,Oi cuando llames
spam,Estos números llamaron pero no dejaron ningún mensaje.
ham,"Asistí, pero no hay nada."
ham,Nos encontramos en la estación de Mrt y luego tenemos que salir.
ham,No querida yo estaba durmiendo :-P
ham,Erm mw im lleno tuth está bien
ham,"Estaré en la oficina alrededor de las 4 pm, ahora voy al hospital."
ham,"En realidad, espero dos semanas cuando empiecen a poner anuncios."
ham,"Cualquier cosa si todos van, entonces yo voy a..."
ham,U libre en rito sat? U wan 2 ver asuntos infernales wif me n darren n mayo xy?
ham,"Nota Plz: si alguien llama desde un móvil Co. &""; le pide que escriba # <#> o # <#>"" . No lo haga. Desconectar la llamada, porque es un intento de 'terrorista' para hacer uso de la tarjeta sim no. Itz confirmado por nokia n motorola n ha sido verificado por CNN IBN."
ham,Un amigo mío va a recogerlo esta noche.
ham,Estúpido auto correcto en mi teléfono
ham,Doble desalojo esta semana - ¡Espiral y Michael y buen viaje para ellos!
ham,"\El mundo sufre mucho... no por la violencia de la gente mala. ¡Pero por el silencio de la gente buena!\"""""""", Noche Gud...."""""
ham,"De acuerdo, eso está bien, está bien, o bien raglan rd o edward rd, detrás del campo de cricket."
ham,Comprar un huevo para mí da..por favor:)
ham,¿Has empezado en skye?
ham,¿Has reservado la cabaña y también tu tiempo libre?
ham,"Y varios para usted, señor."
ham,Mi papá me despertó a las 10 sm 2 y hoy almorzamos.
ham,Estoy en casa.
ham,Mi amor... espero que no hagas nada drástico. No te atrevas a vender tu PC o tu teléfono...
ham,Ahora sólo llegué a casa. . . Estoy muy cansado ahora. . Voy a venir tomorro
spam,FREEMSG: Nuestros registros indican que usted puede tener derecho a 3750 libras por el accidente que tuvo. Para reclamar por respuesta gratuita con SÍ a este msg.
spam,"U puede ganar 100 de bonos de regalo de música cada semana a partir de AHORA Txt la palabra DRAW a 87066 TsCs www.Idew.com SkillGame, 1Winaweek, age16. 150ppermessSubscripción"
ham,Las prendas de estilo de vida no cuentan por favor.
ham,Lol wtf al azar.
ham,"Sez, cómo u & de arab boy? Espero que u r todo bien dar mi amor 2 evry1 amor ya esshxxxxxxxxxxxx"
ham,"El LAY HOMBRE! Sólo para hacerle saber que se le echa de menos y pensado fuera. Tenga un gran día. Y si usted puede enviarme bimbo y números de ugo, mal apreciado."
ham,"Detroit, el hogar de la nieve, disfrútalo."
spam,Mostrar nuestros colores! Euro 2004 2-4-1 Oferta! Obtenga una bandera de Inglaterra y 3Leones tono en el teléfono! Haga clic en el siguiente mensaje de servicio para obtener información!
ham,Okie...
ham,"Bien, me estoy relajando en la habitación de un amigo así que mándame un mensaje cuando estés en camino."
ham,¿Toshiba portege m100 gd?
ham,"Bueno, welp es una especie de cosa de internet semiobscura"
spam,Texto PASS a 69669 para recoger sus tonos polifónicos. Cargas normales gprs aplican solamente. Disfrute de sus tonos
spam,"en consecuencia. Repito, sólo texto la palabra ok en su teléfono móvil y enviar"
ham,"Loosu va al hospital, no dejes que se descuide."
ham,¿Cuánto por un octavo?
ham,Omg Joanna me está asustando. Ella ha mirado a través de todos mis amigos para encontrar fotos de mí. Y luego ella está preguntando sobre cosas en mi MySpace que ni siquiera he iniciado sesión en como un año. :/
ham,"Enviar ur fecha de nacimiento con mes y año, voy a tel u u UR nombre de LIFE ASOCIADOR. y el método de cálculo. Responder debe."
ham,Juz ahora no se ha despertado así que un poco borroso borroso ... ¿Puede? Papá salió liao ... No puedo correr ahora oso ...
ham,"¿Qué tal ropa, joyas y viajes?"
spam,Block Breaker ahora viene en formato deluxe con nuevas características y excelentes gráficos de T-Mobile. Comprar por sólo 5 respondiendo GET BBDELUXE y tomar el desafío
ham,¡Un abrazo sería exuberante! ¡Necesitaría mucho té y sopa antes de cualquier tipo de balbuceo!
spam,Información importante 4 usuario naranja . hoy es su día de suerte! 2Encuentre por qué iniciar sesión en http://www.urawinner.com Hay una sorpresa fantástica que le espera!
ham,Llegaré tarde.
ham,Triste historia de un hombre - La semana pasada fue mi b'day. Mi esposa no me deseaba. Mis padres olvidaron n así que mis hijos. Fui a trabajar. Incluso mis colegas no deseaban.
ham,¿Tienes planes con tu familia en piedra?
ham,Pls no se olvide de estudiar
ham,"Nunca vas a creer esto, pero en realidad me he bajado en Taunton."
ham,"Den sólo días de semana tiene precio especial... Haiz... No puedo comer liao... Cortar uñas oso muz esperar hasta que termine de conducir wat, almuerzo todavía muz comer wat..."
ham,Ella acaba de desglosar una lista de razones por las que nadie está en la ciudad y no puedo decir si ella está siendo sarcástica o sólo maricón
ham,<DECIMAL> m pero no es un coche común aquí por lo que es mejor comprar de China o Asia. O si me parece menos caro. I.ll holla
ham,La prueba más grande del coraje en la tierra es soportar la derrota sin perder el corazón ....gn tc
ham,"Lo siento, todavía me jodieron después de que el último nite fuera a las 430 y se levantara 4 a las 630."
ham,"Oye, ¿cuál es el plan de esto?"
ham,El sueño de belleza también puede ayudar a nuestros granos.
ham,Genial. Espero que usted está utilizando sus conexiones de los hombres de modo también porque nunca se puede saber por qué los viejos amigos pueden conducir a hoy
spam,Natalja (25/F) te invita a ser su amiga. Reply YES-440 or NO-440 Veala: www.SMS.ac/u/nat27081980 STOP? Enviar STOP FRND a 62468
ham,¿Dónde conseguirlas?
ham,"Acabo de perder el tren por un ataque de asma, uno en media hora así que conducir en. no estoy seguro de dónde aparcar."
ham,Bola se está moviendo mucho.will girar en último :) tan muy difícil de batear:)
ham,Haiyoh... quizás tu hámster estaba celoso de millones.
ham,¿Puedes por favor enviarme el número de mi tía?
ham,"Me alegro, estás siguiendo tus sueños."
ham,Al fin llegué a casa...
spam,"URGENTE. Información importante para el usuario 02. Hoy es su día de suerte! 2 averiguar por qué , inicie sesión en http://www.urawinner.com hay una fantástica sorpresa que le espera !"
spam,WINNER!! Como un cliente de red valorado que han sido seleccionados para recibir una recompensa premio 900! Para reclamar llamar al 09061701461. Código de reclamación KL341. Válido sólo 12 horas.
ham,"Si no te duele d prsn que está cerca 2 u, luchar con ellos. Coz somtimes esta lucha salva una relación bt ser tranquilo deja nada en una relación.. Gud eveB-)"
ham,Puedes llamar ahora...
ham,"La ciencia dice que el chocolate se derretirá bajo la luz del sol, por favor, no camines bajo la luz del sol, Bcoz, no quiero perder a un dulce amigo."
ham,"Sí, vengo a Nyc para escuchar y estoy tratando de reubicarme."
ham,Te he cagado ahí arriba antes.
ham,"Enhorabuena, eso es genial, quería decirte que no me dijeras tu puntuación porque podría hacer que me relajara, pero me motiva, así que gracias por compartir"
ham,No me importa si no me echas de menos o si no me necesitas.. Pero tú realmente me lastimarás.. en cuanto me necesites & no me digas......... Cuídate:-)
ham,Hey Sr. ¿Cuál es el nombre de ese Bill Brison libro sobre el lenguaje y las palabras
ham,"Vale, bien, no hay problema, ¡y Thanx!"
ham,"Para tu información, IKEA se escribe con todas las gorras. Eso no es gritar. cuando pensaste que te había dejado, estabas sentado en la cama entre el desastre cuando entré. Dije que íbamos a ir después de que llegaras a casa de clase. por favor no trates de mentirme. Me hace querer escucharte menos."
ham,Llámame cuando termines...
ham,G.W.R.
ham,Será mejor que cuides lo que dices porque me emborracho como un hijo de puta.
spam,Kit Strip - ha sido facturado 150p. Netcollex Ltd. PO Box 1013 IG11 OJA
spam,HMV BONUS SPECIAL 500 libras de bonos de HMV genuinos para ganar. Sólo tienes que responder 4 preguntas fáciles. Juega ahora! Enviar HMV a 86688 Más información:www.100percent-real.com
spam,Por favor llame al 08712402578 inmediatamente ya que hay un mensaje urgente esperándole
spam,thesmszone.com te permite enviar gratis mensajes anónimos y enmascarados..im enviando este mensaje desde allí.. ¿Ves el potencial de abuso???
spam,"Bien hecho! Su 4* Costa Del Sol vacaciones o 5000 esperan la colección. Llame 09050090044 Ahora a la reclamación. SAE, TCs, POBox334, Stockport, SK38xh, Cost1.50/pm, Max10mins"
ham,"Hazme daño... hazme llorar... pero al final de mi vida cuando muera, plz, mantén una rosa en mi tumba y di ""Estúpida"" que te echo de menos."
ham,"Avenida Woodland en alguna parte. ¿Tienes la revista de la parroquia, su número de teléfono estará allí."
ham,¿Hay trabajos de TA disponibles? Hazme saber por favor porque realmente necesito empezar a trabajar
ham,Aiyar duro 2 tipo. U más tarde libre entonces dime entonces llamo n regañar n contar u.
ham,"Sí, soy libre..."
ham,"Muy bien, amigos Billy se han ido. ¡Solo he estado corriendo, otra vez! ¿Disfrutó el concierto?"
ham,Vendrán a Carlos pronto.
ham,Awww dat es dulce! Podemos pensar en algo que hacer él! Pasar un buen rato esta noche mal probablemente txt u más tarde porque im solitario :( xxx.
ham,Supongo que es inútil llamar a u 4 algo importante.
ham,"Ja, ja, había bajado al baño cuando me saludaste. ¡Hola!"
ham,Está enojado conmigo por eso se lo dijiste a Abi.
spam,Alguien que U conoce ha preguntado nuestro servicio de citas 2 ponerse en contacto con usted! No se puede adivinar quién? LLAMADO 09058091854 AHORA todo será revelado.
ham,Sucede que hay r 2waxsto hacer wat usted quiere. Ella puede venir y mal obtener su seguro médico. Y ella será capaz de dar a luz y tener atención básica. Actualmente estoy comprando para el seguro médico adecuado para ella. Así que sólo dame hasta el viernes por la mañana.
ham,Tengo diez rs en mi estante:) comprar dos huevos.
ham,"No estaba bien nena, tengo las glándulas hinchadas en mi garganta... ¿Qué acabas haciendo?"
ham,Porque ya he hecho cambios 2 da informe anterior.
ham,Capitán está en nuestra habitación:)
ham,"No puedo hablar, el móvil de Bcaz tiene problemas, puedo escucharte, pero no puedes escuchar mi voz, así que te llamo más tarde."
ham,HIYA STU WOT U up 2.IM en tanto lío en casa en Moment Evone me odia incluso U! WOT el infierno AV que he hecho ahora? Y wont U acaba de decirme TEXTO BCK PLEASE LUV DAN
ham,S...solo tomaré jugadores de mokka:)
ham,¿Sigues jugando con Gautham?
ham,Hey Sr y yo vamos a la vista del mar y tener un par de gays quiero decir juegos! Dame una campana cuando termines
ham,"""K, Jason dice que va a estar por aquí así que estaré allí arriba alrededor de <"";#>"
ham,"Lo siento, podré llegar a ti hasta mañana."
ham,"Muy bien, mantenme informado."
ham,"No tengo su número, señor."
ham,Sólo estoy buscando un buen pa móvil doble sim.
ham,Eso parece innecesariamente hostil.
ham,El tío tiene un corte de pelo.
spam,"¡Felicitaciones! 2 móviles 3G Videophones R suyo. llame al 09061744553 ahora! Videochat wid ur mates, jugar juegos de java, descargar música poliH, noline rental. bx420. ip4. 5we. 150pm"""",,,"""
ham,1Apple/Day=No Doctor. 1Tulsi Hoja/Día=No Cáncer. 1Lemón/Día=No Grasa. 1Leche/Día=No Problemas Huesos 3 Litros Watr/Día=No Enfermedades Snd ths 2 Whom U Care..:-)
ham,Pensé que estábamos haciendo una cosa del rey de la colina allí.
ham,"No, voy a entrar en línea ahora .."
ham,También dile que dije feliz cumpleaños.
ham,Y bishan lei... digo lavanda?
ham,Se suponía que me llevarías de compras hoy.
ham,"Ahora usted suena como manky scouse boy steve, like! Estoy viajando en da bus home.wot tiene u inmind 4 recreación dis eve?"
ham,"Para tu información estoy tomando una ducha rápida, estar en epsilon en como <"";#>"" min"
ham,el martes por la noche r u 4 real
ham,"Sí, ¿cuándo es el appt de nuevo?"
ham,Acabo de salir de clase va a ir al gimnasio.
ham,Quiero enviar <#> mensajes de hoy. Eso es y. Lo siento si me duele
ham,Todos escriben o wat..
ham,Yo no diría que simplemente no leí nada en la forma en que parecías. No me gusta 2 ser crítico.... ¡Me guardo eso para los viernes en el pub!
ham,Es un juego de San Valentín. . . enviar dis msg a todos nuestros amigos. . Si 5 respuestas r d igual entonces alguien realmente ama u. . Ques- que color me conviene lo mejor?
ham,Hola:)¿Le pediste a Waheeda fathima que se fuera?
ham,Disfrútese...
ham,¿Sigues por aquí? Me vendría bien una media octava.
spam,U 447801259231 tienen un admirador secreto que está buscando 2 hacer contacto con U-encuentre a quién R*revelar que piensa UR tan especial-llamada en 09058094597
ham,Nos devuelves mi prueba de identificación y <#> rs. No te permitiremos trabajar. Vendremos a tu casa en cuestión de días.
ham,# Notas de bot oredi... porque yo juz rem tengo... #
ham,Sí. El alquiler es muy caro por lo que es la forma en que ahorramos.
ham,"La noche ha terminado para otro día, la mañana ha llegado de una manera especial. Que sonría como los rayos soleados y deja sus preocupaciones en la bahía azul azul."
ham,¿Cómo es el dolor querido? y r u sonreír?
ham,"Dato curioso: aunque uno pensaría que Armand eventualmente desarrollaría una tolerancia o alguna mierda teniendo en cuenta lo mucho que fuma, se jode en como 2 hits."
spam,Información importante 4 usuarios naranjas 0789xxxxxxxx. hoy es su día de suerte! 2Encuentre por qué iniciar sesión en http://www.urawinner.com Hay una sorpresa fantástica que le espera!
ham,"Lo siento, no puedo ayudarte en esto."
ham,"Genial, así que debería enviarte mi número de cuenta."
ham,"Hola, ¿cómo estás?"
spam,"Nuestro servicio de citas se ha pedido 2 contacto U por alguien tímido! LLAME 09058091870 AHORA todo será revelado. POBox84, M26 3UZ 150p"
ham,Sólo envíame la página de contenido...
ham,"Noche dulce, dormir bien! Acabo de ver el exorcismo de Emily Rose y puede que nunca vuelva a dormir! Abrazos y snogs!"
ham,"No pienses en \Qué tienes \"""" Piensa en \""""Cómo usarlo que tienes \"""" gooD ni8"""""""
ham,"No puedo en este momento, primero tengo que golpear a la gente."
ham,"Evry Emotion dsn't hav Words.Evry Wish dsn't hav Prayers.. Si tu sonrisa, D Mundo es ingenio u.Othrwise incluso d Gota de lagrima dsn't lik 2 Mantente ingenio u.So b feliz.. Buenos días, sigue sonriendo:-)"
ham,Y qué hay de ti. ¿Qué recuerdas?
ham,Computadora Ujhhhhhhh enviada con dirección a Sandiago y Parantella Lane.
ham,Mm sí querida mira cómo estoy abrazando a los dos. :-P
ham,Me gusta este sweater fr mango pero no más mi tamaño ya tan irritante.
ham,1 No tengo su número y 2 va a ser un enorme dolor en el culo y preferiría no involucrarme si eso es posible
ham,Cuando quieras...
spam,¿Quieres un nuevo teléfono de vídeo? 750 en cualquier momento cualquier red minutos? TEXTO UNLIMITADO? Videocámara? Responder o Llamar ahora 08000930705 para del Sat AM
ham,La pureza de la amistad entre dos no se trata de sonreír después de leer el mensaje enviado..Se trata de sonreír sólo por ver el nombre. Gud evng
spam,"El balance de Ur es ahora 600. Siguiente pregunta: Completar el hito, Grande, A. Bob, B. Barry o C. Ben?. Texto A, B o C a 83738. Buena suerte!"
ham,Estoy bien... absolutamente bien.
ham,K y usted está seguro de que no tengo que tener formularios de consentimiento para hacerlo :V
spam,Ur TONEXS se ha renovado la suscripción y se le ha cobrado 4.50. Puede elegir 10 polis más este mes. www.clubzed.co.uk *BILLING MSG*
spam,"Si no lo hace, su premio irá a otro cliente. T&C en www.t-c.biz 18+ 150p/min Polo Ltd Suite 373 London W1J 6HL Por favor llame si está ocupado"
ham,¿Cuánto es la antorcha en 9ja.
ham,"Si no haces nada, no cenarás con nosotros."
ham,¿Cómo estás?
ham,Hecho pero la conexión a Internet v lento y cant enviarlo. Lo intentará de nuevo más tarde o a primera hora tomo.
ham,Mathews o tait o edwards u anderson
ham,"Sí, seguro que lo que amigo embrujo tiene todas mis cosas ordenadas, pero voy a sonar de todos modos la promoción de hexadecimal para .por cierto, ¿quién es este? no sé el número."
ham,Porque mi hermana en el arte de hoy...
ham,"Gracias cariño, pero todavía no he oído nada Voy a dejar un poco más de tiempo, así que no 2 multitud de él y lo intentará más tarde - gran consejo gracias Cardiff esperanza todavía está allí!"
spam,¿Quieres un nuevo Nokia 3510i teléfono de color entregado mañana? Con 200 minutos GRATIS a cualquier móvil + 100 texto GRATIS + videocámara GRATIS Respuesta o Llamada 8000930705
ham,En el viaje de snowboard me preguntaba si planeas reunir a todo el mundo para que vayamos a un encuentro y saludemos una especie de aventura.
ham,Lo estoy viendo en vivo ..
ham,"¡Nos vemos entonces, todos somos navideños aquí!"
ham,"K Estoy listo, <"";#>"" ?"
ham,"¿Sabes por qué Dios creó espacio entre tus dedos..? Para que, Uno que está hecho para ti venga &"";"" llena esos huecos sosteniendo tu mano con AMOR..!"
ham,La prueba más grande del coraje en la tierra es soportar la derrota sin perder el corazón ....gn tc
ham,¿Cuáles son tus planes para los nuevos años?
spam,RECPT 1/3. Usted ha pedido un tono de llamada. Su orden está siendo procesada...
ham,"¡Te echo de menos, te quiero, te necesito!"
ham,"Sólo que acabo de recibir este mensaje, no ignorándote."
ham,Querido :-/ ¿por qué estás de humor. No puedo conducir así que mi hermano para conducir
ham,¿Cuándo volvió papá?
ham,"¿Puedes decirle a Shola que por favor vaya a la universidad de medicina y visite el departamento académico, le diga a la secretaria académica cuál es la situación actual y pregunte si puede transferirse allí. Ella debe pedir a alguien que revise Sagamu para la misma cosa y lautech. Es vital que complete su educación médica en Nigeria. Es menos costoso mucho menos costoso. A menos que ella va a obtener tasas de ciudadanos en nuevo celo."
ham,"Sí, acabo de terminar de ver los días de nuestras vidas."
ham,Juz go google n búsqueda 4 qet...
ham,Muchas veces perdemos nuestros mejores bcoz somos
ham,"Buenos amigos Care para el otro.. CLÁSEOS Amigos COMPARTIDOS el uno al otro... y VERDADEROS Amigos Estarán para siempre más allá de las palabras, más allá del tiempo. Gud ni8"
ham,Sólo volviendo a casa.
ham,"Lo siento, llamaré más tarde a <"";#>"" minutos"
ham,Dun necesidad de usar dial up juz open da browser n surf...
spam,Como uno de nuestros suscriptores registrados u puede introducir el sorteo 4 a 100 G.B. bono regalo respondiendo con ENTRAR. Para darse de baja texto STOP
ham,"Impresionante, plan para llegar aquí en cualquier momento después de <"";#>"" , Te enviaré un mensaje de detalles en un poco"
ham,Tenga cuidado y duerma bien.Usted necesita aprender a cambiar en la vida.usted sólo necesita conseguir CONVENCIDO en that.I esperará pero no más conversaciones entre nosotros.GET CONVENCIDO para ese tiempo.Su familia está acabada para usted en muchos sentidos.respételos pero no demasiado énfasis.o u no tienen ningún papel en mi vida.
spam,"Para su oportunidad de ganar un auricular Bluetooth GRATIS entonces simplemente responder con \ADP\"""""""""
ham,También no tienes na hola hola hola hola hola
ham,"Sí, pero no puede mostrar submarinos internos así que tengo que extraerlos"
ham,Si dije algo malo lo siento de:-)
ham,Triste historia de un hombre - La semana pasada fue mi b'day. Mi esposa no me deseaba. Mis padres olvidaron n así que mis hijos. Fui a trabajar. Incluso mis colegas no deseaban.
ham,Qué estúpido es decir que desafio a Dios.No piensas en lo que escribo en lugar de responder immed.
ham,"Sí, debería poder, te enviaré un mensaje cuando esté listo para reunirme."
ham,"V skint demasiado, pero fantasía pocos bevies.waz gona ir a conocer &othrs en cuchara, pero jst bin ver el planeta tierra y sofá es v comfey; Si no lo hago hav gd noche"
ham,"No, a ella no le importó. ¿Vas a volver a verlo? ¿Quieres venir a Taunton esta noche?"
ham,"Cuando te liberes, llámame."
ham,¿Cómo han estado sus pequeños queridos tan lejos esta semana? ¿Necesita un café correr tomo?No puedo creer que es esa época de la semana ya _
ham,Ok i msg u b4 me voy de mi casa.
ham,"Aún en la costa oeste, Haiz tardará una eternidad en volver."
ham,MMM ... mierda .... Feliz Navidad para mí
ham,"Bueno, gracias por el consejo, disfruta de tu noche libre, voy a intentar dormir un poco..."
ham,Actualice el estado de su libro facial con frecuencia :)
ham,Acabo de ver su mensaje.it k da:)
ham,¿Fue algo que comiste?
ham,"Entonces, ¿qué dijo el banco sobre el dinero?"
ham,Aiyar dun molestar u liao ... thk u tienen lotes 2 hacer a la popa de su armario vienen ...
ham,"Oye, no están viendo una película esta noche, así que hablaré temprano en casa..."
ham,Yar lor... ¿Cómo que no? ¿Utilizaste la ruta también?
ham,2mro no voy a ir al gimnasio machan.
ham,No creas que necesitas tarjeta amarilla para viajar uk. Pregunta a alguien que se haya ido antes. Si haces su justo <#> dólares
ham,¿Puedes mirarme 4 a mí en da lib? Tengo cosas que aún no han terminado.
ham,Ahora me voy a dormir. ¡Que tengas una buena noche!
spam,No b floppy... b snappy & happy! Sólo servicio de chat gay con la llamada de carga de fotos 08718730666 (10p/min). 2 detener nuestros mensajes de llamada 08712460324
ham,"House-Maid es el asesino, porque el hombre fue asesinado en <"";#>"" el mes de enero.. Como fiesta pública todas las instituciones del gobierno están cerradas, incluyendo la oficina de correos..entender?"
ham,¿Cómo es que no tienes nada que hacer?
ham,"Nada será fácil, pero no busques una razón para no arriesgarte con la vida y el amor."
ham,Quiero agarrar tu bonito trasero :)
ham,Lo tengo en un té. No sé qué sabor.
ham,Voy a ir a dos huertos ya estoy listo para llegar pronto. ¿Alcanzando?
ham,"Querido, no estoy negando tus palabras, por favor."
ham,Mi viejo Dom que te conté ayer se llama Roger se puso en contacto conmigo anoche y quiere que lo vea hoy a las 2 pm.
ham,VUELVE A TAMPA FFFUFUUUUU
ham,"2 celebrar mi día, y si no?"
ham,"¡Feliz Navidad a ti también, Annie!"
ham,"Por favor, dime que tienes algo de esa acción especial de la que estabas hablando."
ham,Las envié. ¿Te gusta?
spam,"Urgente UR concedió un viaje de cortesía a EuroDisinc Trav, Aco&Entry41 O 1000. Para reclamar txt DIS a 87121 18+6*1.50(másFrmMob. ShrAcomOrSglSuplt)10, LS1 3AJ"
ham,"Genial, estaré allí en un minuto."
ham,"Y ese es el problema. Caminas en \julianaland\"""" sin tener en cuenta lo que está pasando a tu alrededor. Digo las mismas cosas constantemente y van en un oído y hacia fuera el otro mientras te vas haciendo lo que quieras hacer. No es que no sepas por qué estoy molesto--es que no escuchas cuando te digo lo que va a molestarme. Entonces quieres sorprenderte cuando estoy enojado."""
ham,"Te he dicho que todo se detendrá, pero no dejes que se deshidrata."
ham,O supongo que <#> min
ham,Estoy en casa. ¿Habrá llegado el momento?
ham,"Storming msg: wen u lift d phne, u say \HELLO\"""" Do u knw wt is d real signification of HELLO?? . . . . . . . . . . . . Y u knw who is dat girl?? \""Margaret Hola\"" Ella es d girlfrnd f Grahmbell que invnted telphone... . . . . Moral: Uno puede 4get d nombre de una persona "","" bt no su girlfrnd... G o o d n i g h h t. . . . . . . """""
ham,"Si quieres mapquest o algo buscar \usf dogwood drive\"""""", esa es la pequeña calle donde está el estacionamiento """""
ham,¿Puedo subir más tarde esta noche?
ham,He borrado accidentalmente e msg supongo que 2 puestos en el archivo de sim.
spam,"Bienvenido a UK-mobile-date este msg es GRATIS dándole llamadas gratis al 08719839835. Futuros mg facturados a 150p diarios. Para cancelar enviar \go stop\"""" a 89123"""""
ham,Esto es desearle un gran día. Moji me contó acerca de su oferta y como siempre me quedé sin palabras. Usted ofrece tan fácilmente para ir a grandes distancias en mi nombre y su impresionante. Mi examen es el próximo viernes. Después de que me mantendré en contacto más. Lo siento.
ham,"Gracias de nuevo por su respuesta hoy. ¿Cuándo es nuestra visa que viene. Y r u todavía comprar el gucci y bolsas. Mi hermana las cosas no son fáciles, tío John también tiene sus propias facturas así que realmente necesito pensar en cómo hacer mi propio dinero. Más tarde sha."
ham,"Siento haberte fastidiado anoche, la mierda está pasando en serio con mi compañera de cuarto, ¿qué haces esta noche?"
ham,"Me ha dicho que me veo muy bien con el pelo largo, pero creo que está cortando muy poco."
ham,Ranjith cal drpd Deeraj y deepak 5min bodega
ham,"\CHEERS PARA CALLIN BABE.SOZI CULDNT TALKBUT I WANNATELL U DETAILS DESPUÉS DE WENWECAN CHAT PROPERLY X\"""""""""
ham,¿Sigues en el gimnasio?
ham,"Ella dijo,'' ¿Te importa si entro en el dormitorio por un minuto? '' ''OK'', Yo senté un humor sexy. Ella salió 5 minutos latr con un pastel ...n Mi esposa,"
ham,Mucho mejor ahora gracias Lol
ham,"Nada, smsing u n xy lor. Lo siento lor da chicos neva c u en persona, pero ellos como que saben u lor. Así que u wan 2 cumplir con ellos xy pedirme 2 traer u a lo largo de 4 nuestra próxima reunión."
ham,"Déjame saber cuando puedo pasar y recoger, estoy libre básicamente en cualquier momento después de 1 todo este semestre"
ham,Wa... U tan eficiente... vaya... Thanx...
spam,3. Usted ha recibido su contenido móvil. Disfrute
ham,S pero no es capaz de dormir.
spam,¿Quieres SEXO explícito en 30 segundos? Anillo 02073162414 ahora! Cuesta 20p/min
ham,"¡Nos veremos pronto, princesa!"
ham,Te recogeré a eso de las 17.15 para ir a Taunton si aún quieres venir.
ham,Oh :-) sólo 4 jugadores externos autorizados a jugar saben
ham,Lo que sea.
ham,Erutupalam thandiyachu
ham,No puedes probar un nuevo invento para volar. No estoy bromeando.
ham,No... está lleno de letras de canciones...
ham,"¿Qué crees que es la necesidad 2 organizar el transporte si no puedes hacerlo, gracias"
ham,True lov n care wil nevr ir no reconocido. aunque somone a menudo comete errores al valorarlo. pero ellos definitivamente undrstnd una vez cuando empiezan a perderlo.
ham,Compras? Eh ger i toking abt syd leh...Haha
ham,Lo que no está en pie.
ham,* tener un buen fin de semana.
ham,Señorita llamada señorita llamada khelate kintu oponente señorita llamada dhorte lage. Esa es la regla d. Uno con gran teléfono que recibe calidad gana.
ham,Llámame cuando tengas la oportunidad plz <3
ham,El nuevo juego deus ex viene a principios de año siguiente
ham,Mi computadora acaba de freír la única parte esencial de la que no guardamos repuestos porque mis compañeros de piso idiotas mierda looovvve dejando la cosa funcionando en <#> /7
ham,"Mi amiga, ella está estudiando en Warwick, hemos planeado ir de compras y concierto TMw, pero puede ser cancelado, no se ha visto en años, sí, ¡deberíamos estar juntos alguna vez!"
ham,Probablemente un par de horas como máximo
ham,"LOL .. *grins * .. No soy nena, pero gracias por pensar en mí!"
ham,"Hombre, este autobús es tan lento, creo que vas a llegar antes que yo."
ham,"Espero que este texto te encuentre sonriendo. Si no es así, deja que este texto te dé una razón para sonreír. Que tengas un hermoso día."
ham,"En caso de que te despiertes preguntándote dónde estoy, olvidé que tengo que encargarme de algo para la abuela hoy, debería hacerse antes del desfile."
ham,De acuerdo.
spam,"Última Nokia móvil o iPOD MP3 Player 400 proze GARANTIZADA! Responder con: WIN a 83355 ahora! Norcorp Ltd.1,50/Mtmsgrcvd18+"
spam,"SMS SERVICES. for your inclusive text credits, pls goto www.comuk.net login= 3qxj9 darse de baja con STOP, sin cargo adicional. help 08702840625.COMUK. 220-CM2 9AE"
ham,Nvm toma tu tiempo.
ham,"Entonces, ¿la decisión de papá?"
ham,"¿Qué te pasa, 2 entonces perra?"
ham,Estúpido. No es posible.
ham,Ella le dijo a hr que él quiere publicar en Chennai:) porque estoy trabajando aquí:)
spam,Mobile Club: Elige cualquiera de los artículos de primera calidad para tu móvil. 7cfca1a
ham,¿Cuándo se van?
ham,"Él se queja, pero yo triste lor... compra el almuerzo de popa, pero todavía nos encontramos en 4 almuerzos y no."
ham,No puedo hacer nada.
ham,¿Takin álgebra lineal hoy?
ham,Este fin de semana está bien (una excusa para no hacer demasiado decoración)
ham,"Siento haberte echado de menos, nena. Me he levantado tarde y he dormido. Espero que disfrutes de tu clase de conducir, chico."
ham,Después de eso sólo yo puedo ir.
spam,Dinero que he ganado ganando el número 946 wot do I do next
ham,"Claro, cada vez que se muestra la mierda >"";"":("
ham,Eso fue al azar vio a mi antiguo compañero de cuarto en el campus.
spam,"Enhorabuena! 2 móviles 3G Videophones R usted. llame al 09061744553 ahora! videochat wid ur mates, jugar juegos de java, descargar música poliH, noline rentl. bx420. ip4. 5we. 150pm"
ham,"Los hombres siempre necesitan una esposa hermosa, inteligente, cariñosa, ajustable, cooperativa, pero la ley solo permite una esposa...."
ham,Eso apesta. ¿Qué tienes planeado para tu San Valentín?
ham,"Sólo tengo parte Nottingham - 3 hrs 63miles. Menos mal que amo tanto a mi hombre, pero sólo hago 40 mph."
ham,¿Qué pensar que nadie dice claramente. Ok dejar no hay necesidad de preguntarle. Me iré si ella viene o no
ham,"Hola, buenos días... gracias por desearte lo mismo..."
ham,¿Quieres que te reúnas con 2MORRO?
ham,"En realidad decidí que tenía mucha hambre, así que aún no me he ido :V"
ham,He enviado mi parte...
ham,Porque estaba de compras con Darren Jus ahora le llamé 2 y le pedí un regalo a Wanlor.
spam,"¡Quiero un poco de polla! Mi marido está lejos, necesito un hombre real 2 satisfacerme. Txt WIFE a 89938 para ninguna acción de cuerdas. (Txt STOP 2 end, txt rec 1.50ea. OTBox 731 LA1 7WS. )"
ham,Entender. su pérdida es mi ganancia :) así que usted trabaja? Escuela?
ham,¿Cómo estás? ¡Te he echado de menos!
ham,"Hola, probablemente volviendo a casa * el fin de semana después del siguiente"
ham,No olvides que te amo... y camino a tu lado... cuidándote y manteniendo tu corazón caliente.
ham,Me gustaría que las cosas fueran diferentes. Me pregunto cuándo seré capaz de mostrar lo mucho que te valoro. Pls continuar el rápido camina sin drogas sin preguntarme por favor y encontrar cosas de las que reírse. Te quiero mucho.
ham,"Bien, los dos días. ¿Qué vas a preparar para la cena?"
spam,Gr8 nuevo servicio - chat de sexo en vivo video en tu mafia - ver las chicas más sexys más sucias viven en tu teléfono - 4 detalles texto caliente a 89070 para cancelar enviar STOP a 89070
ham,"¡No tengo dinero, Steve!"
ham,IM TARDE TELMISS IM en mi camino
ham,Nunca culpes a un día en tu vida. Los buenos días te dan felicidad. Los malos días te dan experiencia. Ambos son esenciales en la vida! Todos son bendiciones de Dios! buenos días.:
ham,Normalmente utilizo para beber más agua diariamente:)
ham,Me atrevo a preguntar... ¿Ha habido suerte con ordenar el coche?
ham,"La fiesta está en mi casa en usf, sin cargo (pero si usted puede contribuir de alguna manera se aprecia mucho) y sí, tenemos espacio para uno más"
ham,"Gracias de nuevo, especialmente por el edredón (no una palabra de texto predictivo)."
ham,Hola. ¿Cómo estuvo anoche? He sido travieso y me he comprado ropa y muy poco... listo para más compras tho! ¿Qué tipo de tiempo quieres conocer?
spam,FreeMsg Hola bebé wow acaba de conseguir una nueva cámara moby. ¿Quieres C una foto caliente? o ¿Quieres una charla? Im w8in 4uTxt / rply CHAT a 82242 Hlp 08712317606 Msg150p 2rcv
ham,He estado tratando de llegar a él sin éxito
ham,¿Cuando Derek y tú terminaron con la clase?
ham,Nunca y lei... yo v perezoso... tengo que hacer esto?
ham,Nunca intentes solo tomar el peso de una lágrima que sale de tu corazón y cae a través de tus ojos... Siempre recuerda que un amigo estúpido está aquí para compartir... BSLVYL
ham,Hey compañero. Habló a la gente mag. Were encendido. el es entrega para el final del mes. Entregar el 24 sept. Hablar más tarde.
ham,Espero que tengas una buena semana.
ham,"Jaja, mi amigo Tyler literalmente me preguntó si podías conseguirle un dubsack."
ham,"\Hey! hacer u fantasía me encuentro en 4 en cha  tener una bebida lil en mí. si no txt o llamarme y nos podemos encontrar l8r. bastante cansado consiguió en 3 v.pist "";"") amor Pete x x x \ """""""
ham,"Que tengas un buen viaje, no entres en pánico."
ham,"\SYMPTOMS\"""" cuando U están enamorados: \""""1.U les gusta escuchar canciones 2.U se detienen donde usted ve el nombre de su amado 3.U no se enojará cuando su """""
ham,Sun ah... thk mayb puede si se tiene algo en... thk tiene que reservar e lección... e pilates está en el huerto mrt u noe hor...
ham,"Trata de hacer algo querido, lees algo para los exámenes."
ham,"7 maravillas en mi mundo 7th Usted 6th Ur estilo 5th Ur sonrisa 4th Ur Personalidad 3rd Ur Naturaleza 2nd Ur SMS y 1st \Ur Lovely Friendship\""""... buenos días querida"""""
ham,Gettingtin rdy para enviar comp
ham,Estoy en el hospital da. . Voy a volver a casa por la noche
ham,Piss está hablando es alguien que se da cuenta de que punto esto en es. (ahora leer hacia atrás)
ham,Piensa + da. Lo harás.
ham,Estoy despierto. ¿Qué pasa?
ham,Buenas tardes mi niño. ¿Cómo va ese día caminando aquí y allá? ¿Conseguiste ese resumen de la policía? ¿Estás todavía fuera y alrededor? Me despierto y te echo de menos nena
ham,¿Cuánto tratas de conseguir?
ham,"Ven alrededor de <"";DECIMAL>"" pm vikky..i'm otside nw, il venir por el momento"
ham,Dime de nuevo cuál es tu dirección.
ham,"Honeybee Said: *I'm d Sweetest in d World* God Laughed &"";"" Said: *Wait,U Havnt Met d Person Reading This Msg* MORAL: ¡Incluso DIOS puede hacer bromas! GM+GN+GE+GN:)"
ham,"¿Debería comprarle un blackberry negrita 2 o antorcha. Debería comprarle nuevo o usado. házmelo saber. Además, estás diciendo que debería comprar el ipad de <#> g wifi. ¿Y qué estás diciendo sobre el <#> g?"
ham,"Pero estaban juntos, así que deberían estar pensando en él."
ham,"Hola, ¿cómo te va en África soleada? Espero que lo pases bien. Devuélvele a esa gran plata un gran beso de mi parte."
ham,A QUÉ HORA debería venir mañana
spam,¿Quieres reírte? ¡Prueba CHIT-CHAT en tu móvil ahora! Login por txting la palabra: CHAT y envíalo al No: 8883 CM PO Box 4217 London W1A 6ZF 16+ 118p/msg rcvd
ham,"\CHA QUITEAMUZING thatSCOOL BABE,"""" PROBPOP IN & CU SATHEN HUNNY 4BREKKIE! AMOR JEN XXX. PSXTRA LRG PORCIONES 4 ME POR FAVOR \"""""""""""""""""
ham,¿Cómo supiste lo que comí?
spam,"\URGENTE! Este es el segundo intento de contactar U!U tienen WON 1000LLAME 09071512432 b4 300603t&csBCM4235WC1N3XX.callcost150ppmmobilesvary. max7. 50\"""""""
ham,:( pero su no aquí....
ham,No directamente detrás... Abt 4 filas detrás de I_...
spam,Enhorabuena ur galardonado 500 de bonos de CD o 125gift garantía & libre de entrada 2 100 wkly dibujar txt MUSIC a 87066
spam,"¿Tenía su contrato móvil 11 Mnths? Última Motorola, Nokia etc. todo GRATIS! Doble Mins y texto en tarifas Orange. TEXTO SÍ para callback, no para eliminar de los registros"
spam,Urgente! llame al 090663350750 desde su teléfono fijo. Sus 4* Ibiza Holiday o 10.000 efectivo esperan la recogida SAE T&Cs PO BOX 434 SK3 8WP 150 ppm 18+
ham,Todavía no hay planes. ¿Qué estás haciendo?
ham,Hola ....Mi compromiso se ha fijado en <#> th del próximo mes. Conozco su bt realmente chocante...hmm njan vilikkam....t ws al de un sudn;-(.
ham,Sólo matemáticas un día un capítulo con en un mes podemos terminar.
ham,"Vaya, no pensé que fuera tan común. ¡Me lo llevo todo de vuelta, no es un fenómeno! A menos que lo cortes:-)"
spam,"Para nuestra oportunidad de ganar una ola de compras 250 wkly TXT: TIENDA a 80878. T's&C's www.txt-2-shop.com custcare 08715705022, 1x150p/wk"
ham,Noooooooooooooooooooooooooooooooooooooooooooooooooooooooooooooooooooooooooooooooooooooooooooooooooooooooooooooooooooooooooooooooooooooooooooooooooooooooooooooooooooooooooooooooooooooooooooooooooooooooooooooooooooooooooooooooooooooooooooooooooooooooooooooooooooooooooooooooooooooooooooooooooooooooooooooooooooooooooooooooooooooooooooooooooooooooooooooooooooooooooooooooooooooooooooooooooooooooooooooooooooooooooooooooooooooooooooooooooooooooooooooooooooooooooooooooooooooooooooooooooooooooooooooooooooooooooooooo
spam,U tiene un Admirador Secreto que está buscando 2 hacer contacto con U-encuentre a quién R*revela que piensa UR tan especial-llamada en 09065171142-stopsms-087187278770150ppm
spam,"Mila, age23, rubie, new in UK. Parezco sexo con chicos del Reino Unido. si te gusta la diversión conmigo. Texto MTALK a 69866.18 . 30pp/txt 1st 5free. 1.50 incrementos. Help08718728876"
ham,"Voy a ver si puedo pasar en un momento, tengo algunas cosas para cuidar de aquí abeto"
ham,Quería desearte un Feliz Año Nuevo y quería hablar contigo sobre algunos consejos legales que hacer con cuando Gary y yo nos separamos pero en persona. Voy a hacer un viaje a Ptbo para eso. Espero que todo esté bien contigo nena y te quiero :)
ham,¿Aún no has terminado de trabajar o algo así?
ham,Mañana no voy a ir al teatro... para que pueda ir a donde me llames... y decirme dónde y cuándo venir mañana.
spam,Bien hecho INGLAND! Obtener la bandera oficial poli ringtone o color en su móvil! texto TONE o FLAG a 84199 AHORA! Opt-out txt ENG STOP. Box39822 W111WX 1.50
ham,¡No fuiste tú quien llamó a alguien con un número como el tuyo!
ham,"Está bien, estoy enojado."
ham,Yo también me divertí. Es agradable hacer algo un poco diferente con mis fines de semana para variar. Nos vemos pronto
ham,Yo lo siento estaba en la fiesta de la ducha
ham,"Carlos está abajo pero tengo que recogerlo de él, así que me pasaré por nosotros en un rato."
ham,Pa de calor completo:-) He aplicado pa de aceite.
ham,Estoy atrapado en el centro de la fila en el lado derecho de Da It...
ham,¿Has puesto tu línea de aerotel para descansar?
ham,Hola u decidir wot 2 conseguir 4 su bday si no enfermo prob jus conseguirle un vale frm virgen o sumando
spam,FreeMsg: Txt: LLAMA al No: 86888 y reclamar su recompensa de 3 horas de tiempo de conversación para utilizar desde su teléfono ahora! Suscribir6GBP/mnth inc 3hrs 16 stop?txtStop
ham,"\Hey j! r u sentirse mejor,""""esperanzaTan hunny. I amnow feelin mal & Ithink I may have tonsolitusaswell! maldito iam layin in bedreal aburrimiento. lotsof luv me xxxx\"""""""""""""""""""""""""""
ham,"Y no pienso quedarme esta noche, pero prolly no volveré hasta tarde."
ham,¡THANX 4 PUTTIN DA FONE EN MÍ!!
ham,"Necesito un octavo pero estoy fuera del campus, ¿puedo recogerlo en una hora o dos?"
ham,"Oh... jaja... den que shld había ido hoy también... vaya, nvm la... Kaiez, no me importa ir a jazz oso... hiphop miedo abierto no puede ponerse al día..."
ham,"He estado funcionando, pero sólo manejado 5 minutos y luego necesita oxígeno! Puede que tenga que recurrir a la opción de rodillo!"
ham,Vivimos en los próximos minutos de <#>
ham,Y de preguntar así.
ham,Es un placer hablar contigo.
ham,Tiempo de espera ¿terminar?
ham,"Lo siento papá, me he vuelto loco con tantos trabajos pendientes que hacer."
ham,¿Cuánto tienes por limpiar?
ham,¿Cómo es mi persona favorita hoy? r u trabajar duro? no podía dormir de nuevo último nite casi sonó u a las 4:30
spam,Sunshine Quiz! Ganar una grabadora de DVD super Sony si se puedenombrar a la capital de Australia? Texto MQUIZ a 82277. B
ham,# Llamado papá oredi... #
ham,"Bien, ¿crees que podrías enviarme un poco de pix? Me encantaría ver tu parte superior e inferior..."
ham,Voy a ponerme mis zapatos deportivos de todos modos voy a llegar tarde.
ham,"Lo siento, llamaré más tarde en la reunión."
ham,ESTO ES UN FOLLO DURANTE ESCRITO
ham,"¡Recibido, entendido y actuado!"
ham,Finalmente vinieron a arreglar el techo.
ham,"U need my presnts always bcz U cant mis love. \jeevithathile irulinae neekunna prakasamanu sneham\"""" prakasam ennal prabha 'That mns prabha is'Love' Lo tengo."
ham,Acaba de volarme el pelo. ¿Ya terminaste la cena?
ham,Estoy en el autobús.
ham,Lol... lo sabía... lo vi en la tienda de dólares.
spam,Por favor llame a nuestro representante de servicio al cliente en 0800 169 6031 entre 10am-9pm ya que usted tiene WON un dinero garantizado 1000 o 5000 premio!
spam,Hoy en día los números Voda que terminan con 7634 son seleccionados para recibir una recompensa de 350. Si usted tiene un partido por favor llame al 08712300220 citando código de reclamación 7684 tarifas estándar aplican.
ham,Sólo sábado y domingo vacaciones por lo que es muy difícil:)
ham,Todos se divirtieron esta noche.
ham,"¿Tienes dinero de gasolina, quieres ir a una gran aventura natural con galileo en un poco?"
ham,"Estoy en una reunión, llámame más tarde en"
ham,Oh wow eso es gay. ¿Ayudará la actualización de firmware
ham,"Esto no servirá, hay que pasar a la morfina."
ham,¿Cómo es que me corté el pelo?
ham,K k pa tuvo su almuerzo aha.
ham,¿Es esta la primera vez que u usar este tipo de palabras
ham,El capitán Vijaykanth está haciendo comedia en Captain TV..él está borracho :)
ham,Supongo que Dios me tiene en espera ahora mismo.
ham,¿Escondes algo o te mantienes alejado de mí?
ham,Havent.
spam,Usted está siendo estafado! Obtenga su contenido móvil de www.clubmoby.com llamada 08717509990 poli/true/Pix/Ringtones/Games seis descargas para sólo 3
ham,Perdón por bloquear mi teclado.
ham,¿Conseguiste esa historia de personas?
ham,¿Planeas venir a Chennai?
spam,Tratamos de contactar con usted para su respuesta a nuestra oferta de un Video Phone 750 en cualquier momento cualquier red minutos Semi Precio Línea de Alquiler de videocámara Responder o llamar al 08000930705
ham,Dios creó el hueco btwn us dedos tan dat sum1 vry especial llenará esos huecos sosteniendo las manos.. Ahora plz no pedir y creó tanto espacio entre las piernas !!!
ham,"Estamos bien, nos vamos a dormir."
ham,"Por favor, protégete de las amenazas electrónicas. SIB nunca pide información sensible como Contraseñas, PIN ATM/SMS a través del correo electrónico. Nunca compartas tu contraseña con nadie."
ham,"Finalmente ha sucedido..! Aftr décadas..! BEER es ahora más barato que PETROL! El gobierno espera que \DRINK\"""". . . . Pero no \""""DRIVE \"""""""""""""""
spam,Una recompensa de 400 XMAS ES ESPERAR PARA USTED! Nuestra computadora le ha elegido aleatoriamente de nuestros clientes móviles leales para recibir una recompensa de 400. Sólo tiene que llamar al 09066380611
ham,¿Dónde está el encuentro?
ham,"Lol sí, pero añadirá un poco de especia a tu día."
ham,Espero que tengas un gran día.
ham,Nuestra madre Prasanth Ettans falleció anoche.
ham,"K, voy a resolver algo"
spam,PRIVATE! Su cuenta de 2003 para shows 800 puntos S. I. M. no redimidos. Llame al 08718738002 Código de identificación: 48922 Expira 21/11/04
ham,Este mensaje es de un gran Doctor en la India:-): 1) No beba APPY PIZZ. Contiene cáncer que causa la edad
ham,No puedo coger el teléfono ahora mismo. Pls enviar un mensaje
ham,Llámalo y dilo ahora delante de ellos.
ham,"Ok, no hay problema..."
ham,Las damas primero y el género segundo k .
ham,"Sí, por favor. ¿Has estado nadando?"
ham,Mamá ya no va a Robinson.
ham,Ok set dejar u noe e detalles más tarde...
ham,No..tel nombre del software..
ham,Envié la impresión a cabo da.
ham,IM REALY SOZ IMAT MIS MAMÁS 2NITE Y SOBRE 2MORO
ham,"Cuando yo nací, Dios dijo, \Oh No! Otro ÍDIOT\"""". Cuando tú naciste, DIOS dijo, \""""OH No! COMPETENCIA\"""". ¿Quién sabía "","" un día estos dos se convertirán en FRENDAS PARA SIEMPRE!"""""
ham,"No conseguí que um msg lleno .. algún texto está faltando, enviarlo de nuevo"
ham,"Probablemente no, estoy casi sin gasolina y tengo algo de dinero mañana"
spam,"Anuncio de servicio al cliente. Recientemente tratamos de hacer una entrega a usted, pero no fueron capaces de hacerlo, por favor llame al 07099833605 para volver a programar. Ref:9280114"
ham,Me olvidé de preguntar 2 Í_ all smth.. Hay una tarjeta en da present lei... ¿Cómo? ¿Todos quieren 2 escribir smth o firmar en ella?
ham,Me voy de mi casa ahora.
spam,"Hola nena su Chloe, ¿cómo r u? Fui aplastado el sábado por la noche, fue genial! ¿Cómo fue tu fin de semana? Me has estado perdiendo? SP visionsms.com Text stop to stop 150p/text"
ham,"# Listo, entonces llámame... #"
ham,"Wewa es 130, Iriver 255, todos 128 mb."
ham,Es una buena cosa que ahora estoy consiguiendo la conexión con bw
ham,Sry da..jst nw sólo vine a casa ..
ham,"Está bien, estará aquí toda la noche, déjame saber cuando estés por aquí."
ham,¿Te quedas en la ciudad?
ham,"Jaja, sí, 2 oz es como un montón de mierda."
ham,Ok u me puede llevar de compras cuando te pagan = D
ham,"Mi vida significa mucho para mí, no porque amo mi vida, sino porque amo a la gente en mi vida, el mundo los llama amigos, los llamo mi mundo:-).. Ge:-).."
ham,"Muy bien, te lo traemos, nos vemos en como <"";#>"" minutos"
ham,Pero los pls no juegan en la vida de otros.
ham,Comer en mi almuerzo...
ham,Hmmm. pero deberías darle un día ..
ham,"No lo intenté, g y decidí no salir."
ham,"Ok, no hay problema."
ham,Surly mal dar a usted:-) mientras viene a la revisión.
ham,El problema es que mi capital nunca ha terminado. ¿Qué tan lejos están ustedes? ¿Cómo va el trabajo y las damas?
ham,Tessy..pls me hace un favor. Pls transmitir mis deseos de cumpleaños a Nimya..pls dnt olvidarlo. Hoy es su cumpleaños Shijas
ham,Pls le dan la comida preferiblemente pap muy lentamente con cargas de azúcar. Usted puede tomar hasta una hora para darle. Y luego un poco de agua. Muy muy lentamente.
spam,URGENTE! Su móvil no 07808726822 fue galardonado con un premio de bonificación de 2.000 dólares el 02/09/03! Este es nuestro segundo intento de ponerse en contacto con usted! Llame 0871-872-9758 BOX95QU
ham,Un tipo que se acostumbra pero es demasiado tonto para darse cuenta.
ham,"De acuerdo, ya habrá terminado en un poco sólo ordenar algunas cosas."
ham,Don no da:)¿Qué planeas?
ham,"Sí, bien."
spam,"WIN: ¡Tenemos un ganador! ¡El Sr. T. Foley ganó un iPod! Más premios emocionantes pronto, así que mantén un ojo en tu móvil o visita www.win-82050.co.uk"
ham,Me gustó el nuevo móvil
ham,Cuando quieras...
ham,Mmmmmmm *se acurruca en ti* ...* profundo suspiro contento* ... *susurros* ... te amo tanto que apenas puedo soportarlo ...
ham,"Yar, pero dicen que tiene algún error."
ham,Hey de todos modos tengo que :-)
ham,"Vaya, tan saludable, el viejo aeropuerto no sabe nada más, pero me bañaré a mi perro más tarde."
ham,Wif mi familia reserva paquete de tour.
ham,"¿Dijiste audaz, luego antorchas o una antorcha y 2 bold?"
ham,"Haha impresionante, puede que tenga que aceptarte en eso, ¿qué haces esta noche?"
ham,Ya i knw u vl giv..its ok gracias kano..de todos modos disfrutar de su familia con 1er salario..:-);-)
ham,Huh tan lento me tot u alcanzar hace mucho tiempo liao ... U 2 días más sólo i 4 más leh ...
ham,Eso es genial princesa! Voy a cubrir su cara en caliente pegajoso esperma :)
ham,Gran hermano realmente raspó el barril con esta lluvia de inadaptados sociales
ham,Voy a comprobarlo y se lo digo.
ham,S:)8 min para ir a almorzar:)
ham,"Si te importa, llámame mañana."
ham,"K lo hará, addie &"";"" Estoy haciendo algo de arte así que estaré aquí cuando llegues a casa"
ham,"Mis tíos en Atlanta, les deseo un gran semestre."
ham,"Aiyo... su lección tan temprano... todavía estoy durmiendo, jaja... okie, vete a casa, Liao den."
ham,Olvidé decirle a Í_ smth.. ¿Puede Í_ como numerar las secciones para que sea más claro..
ham,"Lo que sea, si no te importa..."
ham,"Estoy en casa, mi amor... si aún estás despierto..."
ham,¡Hola Peach!
spam,"Obtener Rayman Golf 4 GRATIS de los Juegos O2 Arcade. 1er get UR configuración de juegos. Responder Mensaje, a continuación, guardar y activ8. Pulse 0 clave para Arcade."
ham,"Habrá una pequeña fiesta en mi casa esta noche, ¿te interesa?"
ham,Jason dice que está bien si recogemos algo de su casa en una hora.
spam,"¿Tuvo su móvil 10 mths? Actualizar a la última cámara / teléfonos de vídeo de forma gratuita. MANTENGA UR MISMO NÚMERO, Obtenga minutos / textos extra gratis. Texto YES para una llamada"
ham,I (Career Tel) han añadido u como un contacto en INDYAROCKS.COM para enviar SMS GRATIS. Para eliminar de la guía telefónica - sms NO a <#>
ham,Ya me he puesto en contacto.
ham,"No sé preguntarle a mi hermano, no hay problema en nada, solo se lo dije."
ham,K:)eng rocking en cenizas:)
ham,Es hora de ir al albergue de Xin?
ham,Buenos días mi querido Shijutta.................. Que tengas un gran día de éxito &.
spam,Comprar Space Invaders 4 una oportunidad 2 ganar orig Arcade consola de juegos. Pulse 0 para Juegos Arcade (cargo std WAP) Ver o2.co.uk/games 4 Términos + ajustes.
ham,Oh k:) después de esa colocación allí ah?
ham,"No por posesión, especialmente no por primera ofensa"
ham,"No sólo para conducir incluso por muchas razones que se llama BBD..thts it chikku, entonces hw abt dvg frío..heard tht vinobanagar violencia hw es la condición..y hw ru ? ¿Algún problema?"
ham,Compré la prueba ayer. Es algo que le permite saber el día exacto u ovular. when conseguirá 2u en aproximadamente 2 a 3wks. Pero pls pls pls dont fret. Sé que tu r preocupado. Pls relajarse. También hay algo en su historia pasada u necesidad de decirme?
ham,Tenemos pizza si quieres.
ham,"Sigo viendo mierdas raras y ser todo \woah\"""" entonces darse cuenta de que es realmente razonable y soy todo \""""oh\"""""""""
ham,Muchos más feliz regresos del día. Te deseo feliz cumpleaños.
ham,"Sí, muy bonito. Estate listo el jueves."
ham,Estoy en el hospital da. . Voy a volver a casa por la noche
ham,"\Pensando en u "";"") x\"""""""""
spam,Cámara - ¡Se le otorga una Cámara Digital SiPix! llame al 09061221066 desde el teléfono fijo. Entrega dentro de 28 días.
ham,O te digo que ella todavía no lo cree.
ham,"Cuando usted acaba de poner en el signo +, elegir mi número y el pin se mostrará. ¿Verdad?"
ham,La belleza de la vida está en el siguiente segundo .. que esconde miles de secretos. Deseo que cada segundo será maravilloso en nuestra vida ...!! gud n8
ham,Thanx u darlin!im fresco thanx. Unos pocos bday bebidas 2 nite. 2mañana apagado! Tenga cuidado c u soon.xxx
ham,"Si aún estás despierto, tal vez dejes la tarjeta de crédito para que pueda conseguir gasolina cuando vuelva como me dijo que hiciera."
spam,Sus tonos semanales Cool-Mob están listos para descargar !Esta semana nuevos tonos incluyen: 1) Crazy Frog-AXEL F+2) Akon-Lonely+3) Black Eyed-Dont P+Más información en n
ham,Bueno chico soy me alegro G desperdiciado toda la noche en los abejorros para nada
spam,Cashbin.co.uk (¡Obtenga mucho dinero este fin de semana!) www.cashbin.co.uk Estimado Bienvenido al fin de semana ¡¡Tenemos nuestro mayor y mejor regalo de efectivo de EVER!!
ham,¿O quieres que vaya a mirar 4 u?
ham,U wan 2 haf almuerzo Estoy en da cantimplora ahora.
ham,No hacer la vida demasiado estresante.. Siempre encontrar tiempo para reírse.. No puede agregar años a su vida! Pero seguramente añade más vida a los años! Gud ni8..swt sueños..
ham,"Oye, parece que me equivoqué y uno de los números de los chicos kappa sigue en mi teléfono, si quieres puedo enviarle un mensaje y ver si está por aquí."
spam,URGENTE! Su número de móvil ha sido galardonado con un premio 2000 GARANTIZADO. Llame a 09061790121 de la línea de tierra. Reclamación 3030. Válido 12hrs sólo 150ppm
spam,Gracias 4 su apoyo continuo Su pregunta esta semana entrará u en2 nuestro sorteo 4 100 efectivo. Nombre el nuevo presidente de EE.UU.? txt yns a 80082
ham,El doctor me dio medicamentos para el dolor y dice que todo está bien.
ham,Es  sólo $140 ard...  resto todo ard $180 por lo menos... Que es  precio 4  2 bedrm ($900)
ham,Que tengas una linda noche xxx
ham,Prepárense para ser disfrutados :)
ham,Hola.:)apoyo técnico.prestando asistencia al cliente a través de llamada y correo electrónico:)
ham,Si escribes en tu camino a la taza parar eso debería funcionar y eso debería ser BUS
ham,¿Cuándo es tu programa de radio?
spam,Su ID de usuario único es 1172. Para la eliminación enviar STOP a 87239 servicios al cliente 08708034412
ham,No estoy seguro de si todavía está disponible.
ham,watever reLation u construido en este mundo sólo cosa que permanece atlast iz lonlines con lotz n mucho recuerdos! sentimiento..
ham,"¡Sí, fue una buena fiesta en la que Neva vino!"
ham,"Hola, tengo el dinero."
ham,"Hola, Mobile no. <"";#>"" le ha añadido en su lista de contactos en www.fullonsms.com Es un gran lugar para enviar mensajes gratis a la gente Para más visitar fullonsms.com"
ham,"Vale, entonces dime que es hora de que vengas más tarde."
ham,Repito las instrucciones. ¿El nombre de Wat en la carretera de tu casa?
ham,"Tanta gente parece ser especial a primera vista, Pero sólo muy pocos permanecerán especiales para usted hasta su última vista.. Mantenerlos hasta que la vida termine.. Sh!jas"
ham,Pero no le digas que espera que se ponga complaciente...
ham,Lo siento completamente olvidado * pop em alrededor de esta semana si su todavía aquí?
ham,Es la chica más hermosa que he visto.
ham,No podemos ver si podemos unirnos a Denis y a Mina o si Denis quiere tiempo a solas.
ham,Sen dijo que se va a unir a su tío Financial en Cbe.
ham,Un día en Fri podemos pedirle a Miwa y a Jiayin que se vayan al karaoke.
ham,"Llámame, soy Senthil de Hsbc."
ham,"Especialmente desde que hablo de Boston todo en mi declaración personal, lol! Habría cambiado que si me hubiera dado cuenta de que dijo nyc! Dice Boston ahora."
ham,De hecho y por cierto que era cualquiera o - no los dos !
spam,"Urgente - llame al 09066649731 desde Landline. Sus 4* Ibiza Holiday o 10,000 efectivo esperan la recogida SAE T&Cs PO BOX 434 SK3 8WP 150ppm 18+"
ham,Santo Cristo viviente lo que te está llevando tanto tiempo
ham,# Esto es para comer esta noche. #
ham,"Thanx. Sí, volvemos al sol. Terminamos la cena volviendo al hotel 2 ahora. El tiempo vuela, estamos tog 4 exactamente a mth hoy. Espero que tengamos muchos mths más por venir..."
ham,Estamos en el lado opuesto de donde te dejamos
ham,Izzit sigue lloviendo mucho porque estoy en e mrt no puedo c afuera.
ham,Envíeme su currículum:-)
ham,Gd suerte 4 ur exámenes :-)
ham,"Si todos pueden hacerlo, entonces estoy bien."
ham,"Siento que fuera mi tío, me mantendré en contacto."
ham,Anoche vi chicos y muñecas con Patrick Swayze fue genial.
spam,URGENTE Este es nuestro segundo intento de ponerse en contacto con U. Su premio 900 de ayer todavía está a la espera de la colección.
spam,Santa llamando! ¿Quieres llamar a tus pequeños desde la Nochebuena? Llama al 09077818151 para reservar tu tiempo. Llamadas1.50ppm last 3mins 30s T&C www.santacalling.com
ham,No quiero que seas miserable.
ham,No sé por qué no recibe tus mensajes.
ham,"Es genial, pero Tyler tuvo que despegar así que vamos a comprar para él y dejarlo en su casa más tarde esta noche."
ham,"El tipo de la tienda de autos que estaba coqueteando conmigo obtuvo mi número de teléfono del papeleo y me llamó y me envió un mensaje de texto. Estoy nervioso porque, por supuesto, ahora puede tener mi dirección. ¿Debería llamar a su jefe y decirle, sabiendo que esto puede hacer que lo despidan?"
ham,"El revés es hacer trampas, eso no son matemáticas."
ham,¿Cómo planeas manejar eso?
ham,"Er, hola, las cosas didnt bastante ir al plan  es cojeando lentamente casa seguido por aa y con el escape colgando"
ham,Lo siento por el retraso.
ham,Llámame cuando termines y vendré a buscarte.
spam,PRIVADO! Su cuenta de 2004 para 078498****7 muestra 786 puntos de bonificación no redimidos. Para reclamar llame al 08719180219 Código de identificación: 45239 Expira 06.05.05
ham,"Lo que pasa es que dejé mi teléfono en casa y vi mis mensajes espero que estés bien, que tengas un gran fin de semana."
ham,"No te preocupes, sin embargo, entiendo lo importante que es que me pongan en mi lugar con un castigo mal pensado frente a lo peor que me ha pasado nunca. Brb va a ir a suicidarme"
ham,"Cariño, ¿puedes averiguar cuánto venden Predice en Nigeria y cuántas veces se puede utilizar? Es muy importante tener una respuesta antes del lunes"
ham,Podría ser un poco más temprano... te llamaré cuando llegue...
ham,"Para tu información, estoy en Usf ahora, pase por la habitación cuando quiera."
ham,Puedo llamar a <#> min si eso está bien
ham,Ummmmmaah Muchos muchos feliz retornos del día mi querido corazón dulce.. Feliz cumpleaños querida
ham,No hay trabajo en casa para hacer meh...
ham,Cualquier cosa es valiosa en sólo 2 situaciones: Primero- Antes de conseguirlo... Segundo- Después de perderlo...
ham,Mark está tardando una eternidad en recoger mi receta y el dolor está volviendo.
ham,¿Cómo está tu papel?
ham,¿Tienes una capacidad más pequeña?
spam,Echa un vistazo Elige tu bebé Videos @ sms.shsex.netUN fgkslpoPW fgkslpo
ham,He estado pensando en ti...
spam,u r un ganador U ave ha sido especialmente seleccionado 2 recibir 1000 en efectivo o un 4* vacaciones (vuelos inc) hablar con un operador en vivo 2 reclamación 0871277810710p/min (18 )
ham,:-) :-)
ham,No pensé sobre ello... Beber en el grifo y espile a las siete. ¿Es ese pub en st gas fuera de st ancho por canal.
ham,"Me voy a dormir, estoy cansado de viajar."
ham,"Haha, justo lo que estaba pensando"
ham,"Sí, pero no me está dando problemas ahora, así que Mayb lo dejaré..."
ham,"Lol no, sólo trato de hacer tu día un poco más interesante."
ham,"¿Cuánto tiempo antes de obtener respuesta, sólo tiene que aplazar la admisión hasta el próximo semestre"
ham,"La palabra \Checkmate\"""" en ajedrez viene de la frase persa \""""Sah Maat\"""" que significa"";"" \""""el rey está muerto..\""""Buenos días..Que tengas un buen día..:)"""""
ham,Po de :-):-):-):-). No se necesita trabajo aha.
ham,Ratas. ¿Alguna vez votaste por los siguientes temas?
spam,"Los nuevos móviles de 2004, deben ir! Txt: NOKIA a No: 89545 y recoger el suyo hoy! Desde sólo 1. www.4-tc.biz 2optout 087187262701.50gbp/mtmsg18 TXTAUCTION."
ham,Espero que tu orina arda tonite.
ham,"Bueno, estoy con mi mejor mate Pete, que salí con 4 semanas más de 2Geva otra vez, hace más de una semana."
ham,¡Yay no puede esperar a la fiesta juntos!
ham,....fotoshop hace que mi computadora se apague.
ham,Todos los chicos se burlaron de mí hoy. Ok no tengo ningún problema. Acabo de enviar un mensaje sólo por diversión.
ham,"Ese es uno de los problemas, pero California está bien."
spam,PRIVATE! Su cuenta de 2003 para shows 800 puntos S. I. M. no redimidos. Llame al 08715203652 Código de identificación: 42810 Expira 29/10/0
ham,"Mayb puede probar la zona E Shoppin uno, pero olvidó el nombre del hotel..."
ham,"Genial, ¿eso va a ser pronto o más tarde esta noche?"
ham,Necesito detalles sobre ese trabajo en línea.
spam,Usted ha ganado! Como un cliente valorado Vodafone nuestro ordenador ha elegido para ganar un premio 150. Para recoger es fácil.
ham,Te echo de menos también. ory inshah allah
ham,Pls ayúdame a decirle a Ashley que no puedo encontrar su número oh
ham,Estoy en el teatro de escape ahora. . Voy a ver KAVALAN en unos minutos
ham,S. esto aumentará la posibilidad de ganar.
ham,De cualquier manera funciona para mí. Soy <#> años de edad. Espero que no te moleste.
ham,Tal vez usted debe encontrar algo más que hacer en su lugar???
ham,Ganar los derechos de una esposa.no exigir it.I estoy tratando como marido también.Vamos a ver
ham,Me gustó tu nueva casa.
ham,"Estoy bien, espero que tú también lo estés."
ham,"También Carolina del norte y texas atm, que acaba de ir al sitio de la gre y pagar por los resultados de la prueba para ser enviado."
ham,Igual que tú...
ham,¡Tengo que estirarte el coño!
ham,¡O una bomba y una cita como mi teléfono quería decir!
ham,De acuerdo...
ham,"Oye, un tipo que conozco está respirando en mi cuello para conseguirle un poco de capullo, de todos modos usted sería capaz de conseguir una media pista a usf esta noche?"
ham,"\Response\"""" es uno de d potente arma 2 ocupan un lugar en otros ' CORAZÓN'... Así que "","" siempre dar respuesta 2 que le importa 4 U\""""... Gud night..swt dreams..tome cuidado"""""
ham,Nokia teléfono es adorable ..
spam,18 . 150p/MSGRCVD 2 Saltar una subasta txt OUT. 2 Cancelar suscripción txt STOP Atención al cliente 08718726270
spam,Aburridas amas de casa! Charlar n fecha ahora! 0871750.77.11! BT-tarifa nacional 10p/min sólo de teléfonos fijos!
ham,Lo siento da..hoy no vendré a jugar..tengo conduciendo clas..
ham,Siento haberte encendido el pelo.
ham,"¡Oh! Mierda, pensé que ese era tu viaje! Loooooool... Eso tiene mucho más sentido ahora... *grins* y la referencia del sofá era... el enlace \sleep en un sofá\"""" que me enviaste... ¿No era así como te fuiste en tu viaje? Oh... ¿Y no fue tu nena contigo para esa celebración con tus alquileres?"""
ham,Okey dokey swashbuckling cosas qué oh.
ham,"Ver dibujos animados, escuchar música &""; en vísperas tuvo que ir templo &"" iglesia.. ¿Qué pasa con u?"
ham,1. Cara de tensión 2. Cara de sonrisa 3. Cara de desperdicio 4. Cara de inocencia 5.cara de terror 6.Cara de cruel 7.Cara romántica 8.Cara adorable 9.cara decente <#> .cara de broma.
ham,"La celda de Dip está muerta, así que iré con él."
ham,"Bueno, ya sabes lo que quiero decir."
ham,Hola dis es yijue yo estaría feliz de trabajar wif Ì_ todo para gek1510...
ham,"Lol, lo siento, diviértete."
ham,Wat le pasó a la cosa del crucero
ham,Sé que ese sentimiento lo tenía con Pete. ¿Podría estar con ellos?
spam,líricalladie(21/F) te invita a ser su amiga. Reply YES-910 or NO-910. Veala: www.SMS.ac/u/hmmross STOP? Enviar STOP FRND a 62468
ham,Las amigas más felices del mundo nunca tienen los mismos personajes... y tienen la mejor comprensión de sus diferencias...
spam,No 1 tono POLYPHONIC 4 u mob cada semana! Sólo txt PT2 a 87575. 1er tono GRATIS ! así que obtener txtin ahora y decirle a sus amigos. 150p/tone. 16 responder HL 4info
ham,"Sí sólo abrir el chat y haga clic en las listas de amigos. A continuación, hacer la lista. Fácil como pastel"
ham,Bien Tyler tiene una crisis menor y tiene que estar en casa antes de lo que pensaba.
ham,¿Cuándo y dónde te recojo?
ham,Como siempre puedes llamarme ard 10 smth.
ham,"Nueva Teoría: Argumento gana d SITUACIÓN, pero pierde la PERSONA. Así que no discutas con tus amigos sólo... . . . patearlos &"";"" decir, ¡siempre estoy en lo cierto!"
ham,"Para muchas cosas es un antibiótico y se puede utilizar para el abdomen torácico y las infecciones de ginebra, incluso infecciones óseas."
ham,La pobre chica no puede ir un día.
ham,O haz eso 6 veces.
spam,Hoy Vodafone números que terminan con 4882 son seleccionados para recibir un premio 350. Si su número coincide con la llamada 09064019014 para recibir su premio 350.
ham,Usted tiene que pls hacer una nota de todo lo que ella.s expuestos a. También averiguar de su escuela si alguien más estaba vomitando. ¿Hay un perro o gato en la casa? házmelo saber más tarde.
ham,"Proverbio japonés: Si uno puede hacerlo, U también puede hacerlo, Si ninguno puede hacerlo, U debe hacerlo versión india: Si uno puede hacerlo, deja que él lo haga.. Si nadie puede hacerlo, sácalo!! Y finalmente versión Kerala: Si uno puede hacerlo, Deténgalo hacerlo.. Si nadie puede hacerlo, Haga un golpe contra él ..."
ham,Suena como si pudiera haber un montón de tiempo pasado en ese chico dispositivo de castidad ... *grins* ... O tomar sus golpes como un buen perro. ¿Vas a descansar en un baño largo agradable ahora ?
ham,Es peor si se utiliza a mitad de camino entonces se detiene. Es mejor para él para completarlo.
ham,Miserable. No te dicen que los efectos secundarios del control de la natalidad son calambres desgarradores intestinales masivos durante los primeros 2 meses. No dormí en absoluto anoche.
ham,Envíame el nuevo número.
ham,Transmite mis saludos a él.
spam,¿Quieres el último teléfono de vídeo? 750 en cualquier momento cualquier red minutos? Alquiler de línea de precio medio? Responder o llamar al 08000930705 para la entrega de mañana
ham,2 años y medio me perdí tu amistad:-)
ham,No puedo coger el teléfono ahora mismo. Pls enviar un mensaje
ham,"Oh, por el amor de Dios, está como Tallahassee."
ham,"Haha, esa fue la primera persona a la que le iba a preguntar"
spam,"Usted está garantizado el último Nokia Phone, un reproductor de iPod MP3 de 40 GB o un premio 500! Txt palabra: COLLECT to No: 83355! IBHltd LdnW15H 150p/Mtmsgrcvd18"
ham,Taka lor. ¿Es hora de que vengas a buscarnos?
spam,* GRATIS* Texto POLYPHONIC RINGTONE SUPER to 87131 para obtener su GRATIS POLY TONO de la semana ahora! 16 SN PoBox202 NR31 7ZS suscripción 450pw
ham,"\I"";""Estoy llegando en otras 2 paradas.\"""""""""""
ham,"No, yo no quise publicarlo. Lo escribí, y como tantas otras veces te he escrito cosas, lo dejé ahí sentado. Era lo que estaba sintiendo en ese momento. Estaba enojado. Antes de irme, golpeé enviar, luego parar. No estaba allí. Revisé mi teléfono cuando llegué a mi coche. No estaba allí. Dijiste que no dormías, estabas aburrido. Entonces, ¿por qué no sería ese el momento de limpiar, doblar la ropa, etc.? Al menos hacer la cama?"
spam,Warner Village 83118 C Colin Farrell en SWAT este wkend @Warner Village y obtener 1 med gratis. Popcorn!Sólo mostrar msg+ticket@kiosk.Valid 4-7/12. C t&c @kiosk. Responder SONY 4 mre películas ofrece
ham,¿Vendrás en línea hoy por la noche
ham,¿Entonces algo especial?
ham,"Estoy en Solihull, ¿quieres algo?"
ham,Que tengas un buen día.
ham,"Nos arrepentimos de informarnos de que el NHS ha cometido un error.En realidad nunca nacimos.Por favor, informe 2 yor hospital local 2b terminado."
ham,Me encanta esa fiesta del lunes sentir incluso si tengo que ir a los dentistas en una hora
ham,Voy de camino a los nervios.
spam,"¡Gol! Arsenal 4 (Henry, 7 v Liverpool 2 Henry anota con un simple disparo a partir de 6 yardas de un pase por Bergkamp para darle a Arsenal un margen de 2 goles después de 78 minutos."
ham,No se supone que sea el trabajo del niño apoyar al padre... no hasta que tengan la edad de The Ride de todos modos. Se supone que esté ahí para apoyarte. Y ahora te he lastimado.
ham,Tomamos hooch para dar un paseo todo el día y me caí! Splat! Grazed mis rodillas y todo! Debieron haberse quedado en casa! Nos vemos mañana!
ham,"Acaban de dejarlos, omw de vuelta ahora"
spam,"Esta es la segunda vez que hemos intentado 2 contacto u. U han ganado el premio de 750 libras. 2 reclamo es fácil, llame al 08712101358 AHORA! Sólo 10p por min. BT-nacional-tasa"
ham,Sentado en mu esperando a que todo el mundo salga de mi suite para que pueda tomar una ducha
ham,¿No viste mi facebook?
ham,"G dice que nunca contestas tus mensajes, confirmas/negas"
ham,"Es tan común hearin ¿Cómo r u? Wat r u? ¿Cómo estuvo tu día? Así que déjame preguntarte algo diferente. ¿Te sonreíste hoy? Si no, hazlo ahora.... Gud evng."
ham,Hola querida llámame su urgant. No sé cuál es tu problema. No quieres trabajar o si tienes algún otro problema al menos dime. Wating para tu respuesta.
ham,Nunca cancelamos...
ham,Podemos ir 4 e pilates normales después de nuestra introducción ...
ham,De acuerdo... deja que no salgas cuando salga de mi casa.
ham,"Oh, sí, ¿por qué es como la tortura viendo Inglaterra?"
ham,¿Quieres hacer un poco de arte?
ham,Sólo la esperanza de que no estaba demasiado enojado para recordar y se ha ido a sus hermanas o algo así!
spam,"¿Tienes lo que se necesita para 2 participar en el WRC Rally de Oz? ¡U can with Lucozade Energy! Texto RALLY LE a 61200 (25p), ver packs o lucozade.co.uk/wrc & itpould be u!"
spam,"Hola, las chicas SEXYCHAT están esperando a que les envíes un mensaje de texto. Texto ahora para una gran charla nocturna. enviar STOP para detener este servicio"
ham,"Buenos días, mi niño! ¿Cómo están esos labios deliciosos? ¿Dónde están mis panecillos sexys ahora? ¿Qué haces? ¿Piensas en mí? ¿Me deseas? ¿Me necesitas?"
ham,Match start.india <#> para 2
ham,Una vez libre llámame señor.
ham,"Oye, ¿quieres comprar algo?"
ham,"Hola nena, ¿cómo te va? ¿Alguna vez averiguaste a dónde vas para Año Nuevo?"
ham,K.k.:)felicitación ..
ham,G quiere saber dónde coño estás
ham,"Bueno, eso suena importante así que entiendo que mi querida dame un anillo más tarde en este amor amor Kate x"
ham,Tomarrow quiero llegar a la corte. En <DECIMAL> . Así que usted viene a parada de autobús a 9.
ham,Pídele a papá que me recoja a las 6...
ham,"Omg, puedes hacer una capilla de bodas en Frontierville. ¿Por qué consiguen todo lo bueno?"
ham,"Estoy comiendo ahora, pero volviendo al trabajo pronto... el show de ciervos de montaña... veo b4 liao, muy bonito..."
ham,Check mail.i han enviado varma y mantenido copia a usted con respecto a la membresía.take care.insha allah.
ham,"Contesto este teléfono, pero supongo que el otro es gente a la que no conozco bien."
ham,"De todos modos no creo que pueda asegurar nada aquí arriba, déjame saber si quieres que conduzca hacia el sur y me calme."
ham,"Ya he vuelto a casa, así que probablemente no."
spam,¡Grandes noticias! Llame al FREEFONE 08006344447 para reclamar su regalo garantizado 1000 CASH o 2000. Hable con un operador en vivo AHORA!
spam,"Hola soy Amy, te enviaremos un número de teléfono gratis en un par de días, que te dará acceso a todas las fiestas de adultos..."
ham,Estoy en autobús de camino a California.
ham,Hola soy probablemente te estás divirtiendo demasiado para conseguir este mensaje pero pensé que id txt u cos im aburrido! y James ha estado pedorreándome toda la noche
ham,Hola bebé im se sentó en el maldito autobús en el Mo y no voy a estar en casa hasta alrededor de las 7:30 quieres hacer algo más tarde? Llámame más tarde ortxt volver jess xx
spam,"Bienvenido a Select, un servicio de O2 con beneficios añadidos. Ahora puede llamar a nuestros asesores especialmente capacitados GRATIS desde su móvil marcando 402."
ham,"He perdido 4 libras desde la visita de mi doctor la semana pasada, ¡ahora voy a celebrar llenando mi cara!"
ham,Papá me pidió que lo confirmara de nuevo.
ham,¿Cuándo vas a comprar un bb porque tengo a la venta y cómo está bf
ham,"Ahhhh... acaba de despertar! tenía un mal sueño sobre u tho, así que no me gusta que en este momento :) No sabía nada sobre la noche de comedia, pero supongo que estoy listo para ello."
ham,Soy Vivek:) recibí una llamada de tu número.
ham,¿Por qué no llamaste a tu almuerzo?
ham,"Lo que quiero decir es que me fui demasiado pronto para comprobarlo, porque estoy trabajando en un 9-6."
ham,Quiero <#> rs da:)¿Lo tienes?
ham,"Un poco de sonrisa de Ur es mi cabeza, una gota de lágrima de Ur es mi dolor, una parte del corazón de Ur es mi vida, un corazón como el mío cuidará de U, como mi BUEN FRIEND"
ham,Sip ok...
ham,Quiero ver tu linda vagina...
spam,Estimado titular del bono Tenga su próxima comida en nosotros. Utilice el siguiente enlace en su pc 2 disfrute de una experiencia gastronómica 2 4 1http://www.vouch4me.com/etlp/dining.asp
ham,"Unas pocas personas están en el juego, estoy en el centro comercial con Iouri y Kaila"
spam,URGENTE! Estamos tratando de contactar U. Sorteo de hoy muestra que usted ha ganado un premio 2000 GARANTIZADO. Llame al 09058094507 de la línea de tierra. Reclamación 3030. Válido sólo 12 horas
spam,Usted puede donar 2.50 al fondo de apoyo para desastres del tsunami asiático de UNICEF enviando DONATE a 864233. 2.50 se añadirá a su próxima factura
ham,El futuro no es lo que planeamos para mañana... es el resultado de lo que hacemos hoy... haz lo mejor en el presente... disfruta del futuro.
ham,"Quiero ir a Hos 2marow. Después de eso, quiero ver esto que conseguí de su querido qué hacer."
ham,Se supone que nos reuniremos para hablar de nuestro viaje... ¿Pensaste que Xuhui te lo dijo? Por la tarde. ¿Pensaste que podríamos ir a clase después de eso?
ham,"¡Eh, entrad! ¡Usad a msn...!"
ham,"Estoy bien, espero que estés bien, cuídate."
ham,"Oye, un estacionamiento se derrumbó en el hospital de la universidad."
ham,Aiyo u tan pobre... ¿Entonces tú quieres 2 comer? ¿Ya te bañaste?
ham,Yar... sabía que esto pasaría hace mucho tiempo.
ham,¡Eres hermosa! mantener esos pix cumming :) gracias!
ham,"Un niño llegó tarde 2 a casa. Su padre: \POWER DE FRNDSHIP\"""""""""
ham,¿Me recuerdas de Barmed?
ham,Pasando años nuevos con mi hermano y su familia. Planeemos reunirnos la próxima semana. ¿Estás listo para ser mimado? :)
ham,¿Qué haces hoy?
ham,He dicho que está bien.
ham,¿Dormiste? Creo que esta vez ( <#> pm) no es peligroso
ham,El trabajo de creación de redes está ahí.
spam,Goldviking (29/M) te invita a ser su amigo. Reply YES-762 or NO-762 Vealo: www.SMS.ac/u/goldviking STOP? Enviar STOP FRND a 62468
ham,No dejes que estudies el estrés.
ham,Eso es y u haf 2 mantenerme ocupado ...
ham,"Estoy en la escuela, así que si nos apresuramos, tendremos hambre."
ham,¿Qué canal:-):-):-).
ham,Así que me estás diciendo que podría haber sido tu verdadero Valentine y no lo era? Nunca me elegiste para NADA!!
spam,Falso premio 350 - Hoy los números Voda final XXXX se seleccionan para recibir un premio 350. Si usted tiene una coincidencia por favor llame al 08712300220 citando código de reclamación 3100 tarifas estándar aplicación
ham,"¡Lo logramos! Eta en Taunton es 12:30 según lo planeado, esperanza que todavía está bien?! ¡Qué bueno verte! :-xx"
ham,Tengo hambre de comprar smth a casa...
ham,"\hey Kate,"" ""Espero que esté bien... te dará un miercoles BUZ. Salgamos de aquí 4 adrink en la ciudad..CUD ir 2 aquatersHD 4 un poco? PPL de WRK BTHEE. AMOR PETEXXX.\"""""""""""""""""
ham,Mi unidad sólo se puede leer. Tengo que escribir
ham,"Sólo lo busqué y Addie vuelve el lunes, apesta ser ella."
ham,Feliz año nuevo. Espero que tengas un buen semestre
ham,Esplanade lor. ¿Dónde más...?
ham,¿Puedes hablar conmigo ..
ham,"Vaya cabeza, gran jugador."
ham,"Bueno, no es como si hubieras llamado a alguien punto, eso hubiera sido peor."
ham,"Desde que Ayo viajó, ha olvidado a su hombre."
ham,¿Sigues por aquí?
spam,CDs 4u: Enhorabuena por la entrega de 500 de cheques de regalo de CD o 125 de regalo garantizado & Freeentry 2 100 wkly dibujar xt MUSIC a 87066 TnCs www.ldew.com1win150ppmx3age16
ham,Hay alguien aquí que tiene un año de <#> toyota camry como el propio Sr. olayiwola. Millage es <#> k.its limpio pero necesito saber cuánto va a vender por. Si puedo levantar la masa para él lo pronto que después del aterrizaje se venderá. Holla de nuevo.
ham,¡Estoy tan feliz como un cerdo en el trébol o lo que sea que diga!
ham,♪ ♪ ♪ ♪ ♪ ♪ ♪ ♪ ♪ B ♪ ♪ ♪ ♪ ♪ ♪ ♪ ♪ ♪ ♪ ♪ ♪ ♪ ♪ ♪ ♪ ♪ ♪ ♪ ♪ ♪ ♪ ♪ ♪ ♪ ♪ ♪ ♪ ♪ ♪ ♪ ♪ ♪ ♪ ♪ ♪ ♪ ♪ ♪ ♪ ♪ ♪ ♪ ♪ ♪ ♪ ♪ ♪ ♪ ♪ ♪ ♪ ♪ ♪ ♪ ♪ ♪ ♪ ♪ ♪ ♪ ♪ ♪ ♪ ♪ ♪ ♪ ♪ ♪ ♪ ♪ ♪ ♪ ♪ ♪ ♪ ♪ ♪ ♪ ♪ ♪ ♪ ♪ ♪ ♪ ♪ ♪ ♪ ♪ ♪ ♪ ♪ ♪ ♪ ♪ ♪ ♪ ♪ ♪ ♪ ♪ ♪ ♪ ♪ ♪ ♪ ♪ ♪ ♪ ♪ ♪ ♪ ♪ ♪ ♪ ♪ ♪ ♪ ♪ ♪ ♪ ♪ ♪ ♪ ♪ ♪ ♪ ♪ ♪ ♪ ♪ ♪ ♪ ♪ ♪ ♪ ♪ ♪ ♪ ♪ ♪ ♪ ♪ ♪ ♪ ♪ ♪ ♪ ♪ ♪ ♪ ♪ ♪ ♪ ♪ ♪ ♪ ♪ ♪ ♪ ♪ ♪ ♪ ♪ ♪ ♪ ♪ ♪ ♪ ♪ ♪ ♪ ♪ ♪ ♪ ♪ ♪ ♪ ♪ ♪ ♪ ♪ ♪ ♪ ♪ ♪ ♪ ♪ ♪ ♪ ♪ ♪ ♪ ♪ ♪ ♪ ♪ ♪ ♪ ♪ ♪ ♪ ♪ ♪ ♪ ♪ ♪ ♪ ♪ ♪ ♪ ♪ ♪ ♪ ♪ ♪ ♪ ♪ ♪ ♪ ♪ ♪ ♪ ♪ ♪ ♪ ♪ ♪ ♪ ♪ ♪ ♪ ♪ ♪ ♪ ♪ ♪ ♪ ♪ ♪ ♪ ♪ ♪ ♪ ♪
ham,Vendré mañana.
ham,"Idiota, no engañes a los demás."
ham,"Mi número de móvil.pls sms u mail id.convey se refiere a achan,amma.Rakhesh.Qatar"
ham,"Por cierto, 'rencontre' es encontrarse de nuevo. Montañas no...."
spam,Usted tiene WON un dinero garantizado 1000 o un premio 2000. Para reclamar el premio de yr llame a nuestro representante de servicio al cliente en 08714712412 entre 10am-7pm Costo 10p
ham,U asistir a la clase de conducción ¿cuántas veces un wk n qué día?
ham,"Tío G, sólo estoy comprobando que tienes un mes gratificante."
ham,Hola boytoy ! Geee ... Te echo de menos hoy. Me gusta enviarte un tm y recordarte que estoy pensando en ti ... Y te aman ... * beso amoroso *
ham,Creo que los otros dos todavía tienen que conseguir dinero pero podemos estar listos para las 9
ham,Hola chicas... ¿Todos quieren conocer a 4 cenas en Nózate?
spam,Estimado 0776xxxxxxx Usted ha sido invitado a XCHAT. Este es nuestro último intento de contactar u! Txt CHAT a 86688 150p/MsgrcvdHG/Suite342/2Tierras/Row/W1J6HL LDN 18 años
ham,"Cariño, ¿qué estás haciendo? ¿Dónde estás? ¿Con quién estás hablando? ¿Piensas en mí? ¿Estás siendo un buen chico? ¿Me extrañas? ¿Me amas?"
ham,Genial. ¿Cómo está la oficina hoy?
ham,"Está bien, podemos durar un poco. ¿Tendremos más tiempo pronto?"
ham,:-( ruido triste cachorro
ham,"Sí es posible, pero dint intentar. Pls no le dicen a nadie k"
ham,De todos modos me gusta cuando estás por aquí porque necesito una excusa para ir arrastrando a la gente en Sarasota
ham,Donde tú. ¿Qué pasa?
ham,"Iba a preguntártelo, pero creo que es a las 7:00."
spam,Ur balance de caja es actualmente 500 libras - para maximizar su efectivo-in ahora enviar GO a 86688 sólo 150p/meg. CC: 08718720201 HG/Suite342/2lands Row/W1j6HL
spam,PRIVATE! Su cuenta de 2003 para shows 800 puntos S.I.M. no redimidos. Llame al 08715203685 Código identificador:4xx26 Expira 13/10/04
ham,Ve a perseguirla y atropellala mientras cruza la calle.
spam,Me gustaría contarles mis fantasías más oscuras más profundas. Llámenme 09094646631 sólo 60p/min. Para detener los textos llamen al 08712460324 (tasa de nat)
ham,¿Viene el viernes es la licencia para pongal?¿Usted recibe alguna noticia de su lugar de trabajo.
ham,"Oye... muy inconveniente para tu hermana, ¿no?"
ham,Ok i vl.. do usted sabe que tengo adsense aprobado ..
ham,"* Fue muy bueno verte el otro día, ¡te he echado de menos!"
ham,Quiero ir a Perumbavoor.
ham,Cuántas veces le dije en el escenario que todos se reían.
spam,"Usted no lo va a creer, pero es cierto. Es increíble Txts! Responder G ahora para aprender cosas verdaderamente sorprendentes que volarán su mente. De O2FWD sólo 18p/txt"
ham,(No lo escuchaste de mí)
ham,Gracias por estar allí para mí sólo para hablar con el sábado. Eres muy querido para mí. Me gusta tenerte como un hermano y modelo a seguir.
ham,Pls aclarar de nuevo si un billete de vuelta abierto que tengo puede ser preparado para que yo vuelva a Kerala.
spam,Natalie (20/F) te invita a ser su amiga. Reply YES-165 or NO-165 See her: www.SMS.ac/u/natalie2k9 STOP? Enviar STOP FRND to 62468
ham,Ella huyó con un hombre más joven. vamos a hacer bebés bonitos juntos :)
spam,Jamster! Para obtener su texto de fondo de pantalla gratis CORAZÓN a 88888 ahora! T&C aplicar. 16 sólo. ¿Necesita ayuda? Llame al 08701213186.
ham,Debería jugar 9 puertas alguna vez.
ham,"No lo sé, mi padre dijo que venía a casa 2 nos trajo fuera 4 almuerzo."
ham,"Hemos enviado a JD para el Servicio al Cliente cum Cuentas Ejecutivas a ur mail id, Para más detalles contáctenos"
ham,Deseos- u ir al médico 4 hígado. Y conseguir un poco de estilo. Obtener nuestro cabello controlado. Eso es todo.
ham,Hmmm. ¿aún no tenemos un abridor?
ham,"Sí, así que básicamente en cualquier momento de la próxima semana puedes alejarte de tu mamá & levantarse antes de 3"
ham,"Edison ha dicho con razón, \Un tonto puede hacer más preguntas que un hombre sabio puede responder\"" Ahora usted sabe por qué todos nosotros estamos sin palabras durante ViVa.. GM, GN, GE, ""GNT:-)"""
ham,Voy a votar por donde mi corazón me guíe
ham,Con mi hermana... vimos el trabajo italiano.
ham,"Tic, tic, tic .... ¿Dónde estás ? Podría morir de soledad ya sabes ! * puffs * * pies tomps * te necesito ..."
ham,"Lmao, me conoces tan bien..."
spam,Doble Mins & Doble Txt & 1/2 precio Linerental en los últimos teléfonos Bluetooth naranja. Llame a MobileUpd8 para las últimas ofertas. 08000839402 o call2optout/LF56
ham,"Estoy en un tren de vuelta de Northampton, así que me temo que no! Me quedo espiando hoy ho ho! Estará por aquí miércoles sin embargo. ¿Te gusta el club de comedia esta semana por cierto?"
ham,Buenas noches da thangam Realmente te echo de menos querida.
ham,"Hey, el próximo sol 1030 hay un curso básico de yoga... en Bugis... podemos ir a la siguiente sesión de introducción de Pilates... dime a qué hora estás libre."
ham,"Geeeee... tu internet es realmente malo hoy, ¿eh?"
spam,Teléfonos de cámara de vídeo gratis con la línea de alquiler de Half Price para 12 mths y 500 minutos ntwk cruzados 100 txts. Llame a MobileUpd8 08001950382 o Call2OptOut/674
ham,Creo que la estoy molestando.
ham,"Lo siento, lo llamaré más tarde."
ham,No se han quedado en el huerto en el coche de mi padre.
ham,Ok yo también quiero 2 ver e 9 pm show...
ham,No sé... como no sé...
ham,Pero tu hermano solo transfirió <#> + <#> . Pa.
ham,"Te llamo más tarde, por la tarde el servicio Mtnl tiene problemas en el sur de Mumbai, te oigo pero no me escuchas."
spam,83039 62735=450 UK Break AccommodationVouchers términos y condiciones se aplican. 2 reclamación que debe proporcionar su número de reclamación que es 15541
ham,Hablar con g y x sobre eso
ham,Hai queridos amigos... Este es mi nuevo número actual de &..:) Por Rajitha Raj (Ranju)
spam,5p 4 alfie Moon's Children in need cantion on ur mob. Dile a tu m8s. Txt Tone caridad a 8007 para Nokias o Poly caridad para polis: zed 08701417012 beneficio 2 caridad.
ham,¿Como en diferentes estilos?
spam,GANAR un 200 De compras cada semana A partir de AHORA. 2 play text store to 88039. SkilGme. TsCs08714740323 1Winawk! age16 1.50perweeksub.
ham,Gud ni8 querido .. slp bien .. cuídate .. swt sueños .. Muah ..
ham,Quiero enviar <#> mensajes de hoy. Eso es y. Lo siento si me duele
spam,"Este es el segundo intento de contrato U, usted ha ganado esta semana el premio mayor de 1000 en efectivo o 200 premio. Sólo llame 09066361921"
ham,"Bueno, me alegro de que no lo encontraras totalmente desagradable..."
ham,"Guy, no me llames ahora, si me llamas, llámame."
spam,¿Desea un nuevo teléfono a color Nokia 3510i EntregadoMañana? Con 300 minutos gratis a cualquier móvil + 100 textos gratis + respuesta de la videocámara gratuita o llame al 08000930705.
ham,Mark trabaja mañana. Sale a las cinco. Su trabajo está en tu casa para poder encontrarte después.
ham,"\Mantener sus problemas en su corazón,"""" b'coz nadie va a luchar por u. Sólo u &""; u tienen que luchar por su propio &"" ganar la batalla. -VIVEKANAND- G 9t.. SD.."""""""""""
ham,"Sí, llámame si tienes un minuto."
ham,"\hi bebé Uawake?Feellikw mierda.Justó a cabo VIA ALETER QUE MUM se casó 4thnov.Behind NUESTRAS CARACTERÍSTICAS  FUCKINRICE! egoísta, perra envidiable.Anyway,""""I L LLAME U\"""""""""""
ham,Sorprendente : Si reordenas estas letras da el mismo significado... Dormitory = habitación sucia Astrónomo = estrella de la luna Los ojos = Ven Resultados de la elección = Mentiras permite contar Suegra = Mujer Hitler Eleven más dos = Doce más uno Es Asombroso ... !:-)
ham,"Aiya hablamos más tarde de... recoger a las cuatro, ¿no?"
ham,"Hola, feliz cumpleaños..."
ham,Siento haberme perdido tu llamada. ¿Puedes volver a llamar?
ham,Omg si no es una cosa es otra. Mi gato tiene gusanos :/ ¿cuándo termina este mal día?
ham,"Buenos días, yo que sufro de fiebre y disentería .. no será capaz de venir a la oficina hoy."
ham,No haré nada.
ham,¿Qué tipo de cosas cantas?
ham,"St. Andre, crema de virgil"
ham,Revisaré todas las habitaciones para ver si hay actividades.
ham,"Mi amigo... okie lor, ve al cuarto de mi tienda de drivin después de..."
ham,Gokila está hablando contigo aha:)
ham,"Hola Shanil, Rajesh aquí. Gracias, he cambiado el material de diamante sin cortar. dejando atrás. Excelente servicio por Dino y Prem."
ham,K.K. este mes Kotees cumpleaños saben?
ham,Pero estoy realmente roto oh. Ninguna cantidad es demasiado pequeña incluso <#>
ham,"Siento que este sea mi teléfono de amigos y no lo escribí, amor Kate."
spam,"TheMob> Hit el enlace para obtener un juego de Pantera Rosa premium, el nuevo número 1 de Sugababes, una animación de Zebra loco o un papel tapiz de Hoody badass-todos 4 GRATIS!"
ham,"Ah, bueno, eso confunde las cosas, ¿no? Pensé que era amigo de ahora. Tal vez hice la cosa equivocada pero ya tipo de invitado -tho no puede venir porque de dinero."
ham,"Bien, llámame una vez que estés cerca."
ham,"No, eso está bien. ¡Podría tener una siesta!"
spam,Este msg es para su orden de contenido móvil Se ha resentido ya que el intento anterior falló debido a un error de red Preguntas a customersqueries@netvision.uk.com
ham,En otras noticias después de molestarme para conseguirle hierba por una semana Andrés no tiene dinero.
ham,"Un chico amaba a una chica. Él propsd bt ella no le importaba. Él gv lv lttrs, Bt sus fnds lanzó thm. Una vez más d chico decidió 2 aproach d gal, dt tiempo un camión estaba acelerando hacia d gal. Cuando era sobre 2 hit d chica, d chico corrió como el infierno no la salvó. Ella preguntó 'hw cn u correr tan rápido?' D chico respondió \Boost es d secreto de mi energía\"""" n instantáneamente d chica gritó \""nuestra energía\"" n Thy vivió feliz 2gthr aumento de la bebida evrydy moral de la historia:- Yo hv libres msgs:D"";""): gud ni8"""""""
ham,Yo quería comprar un coche BMW urgentemente..its vry urgent.but hv una escasez de <#> Lacs.thes no hay ninguna fuente para arng dis amt. <#> lacs..thas mi prob
ham,¡Blacko de Londn!
ham,Realmente necesito dos besos. Te echo de menos mi bebé de tu bebé 4eva.
ham,"El signo de madurez no es cuando empezamos a decir grandes cosas... pero en realidad lo es, cuando empezamos a entender pequeñas cosas..."
ham,"Oh, tienes muchas responsabilidades."
spam,Tiene 1 mensaje nuevo. Por favor llame al 08715205273
ham,Ya he llegado a Sch...
spam,¿Tuvo su móvil 11mths+? ¡Tiene derecho a actualizar gratis a la última cámara a color! Llame a la actualización móvil VCo FREE en 08002986906
ham,U definitivamente necesita un módulo de e humanities dis sem izzit? U wan 2 tomar otros módulos 1st?
ham,¿Por qué carajo no hay nadie en la ciudad?
spam,"Obtener 3 Lions Inglaterra tono, responder leonm 4 mono o leonp 4 poli. 4 más ir 2 www.ringtones.co.uk, el n original mejor. Tones 3GBP tarifas de operador de red aplican."
ham,Gracias. ¡Me llena de total calma y tranquilidad!
ham,Aslamalaikkum...insha allah tohar beeen muht albi mufti mahfuuz...insinúa lo mismo aquí...
ham,¿Estás conduciendo o entrenando?
ham,Le dijo a mi padre que tengo cáncer.
spam,PRIVADO! Su estado de cuenta de 2003 para 078
ham,"Oops lo tenía, <"";#>"" ?"
ham,"\NO ENUFCREDIT TOCALL.SHALL ILEAVE UNI EN 6 + GET UN BUS A YOR HOUSE?\"""""""""
ham,"Hola Chikku, envía algunos buenos sgs."
ham,"Es imposible discutir con él y siempre me trata como a su submarino, como si nunca me hubiera liberado... Lo cual hizo y le recordaré eso si es necesario"
ham,"Después de mi trabajo ah... Den 6 plus lor... U workin oso rito... Den go hurd lor, no hay otro lugar para ir liao..."
ham,"Para los maravillosos Okors, tengan un gran mes. Los apreciamos y les deseamos lo mejor cada día. MojiBiola"
ham,Cuz Ibored. Y don quiere estudiar
ham,"¿Por qué no me casaré? Tengo 3 años, ¡pero sólo hasta 9!"
ham,"Rosa para rojo, rojo para sangre, sangre para corazón, corazón para u. Pero u para mí.... Enviar tis a todos nuestros amigos.. Incluyéndome.. Si te gusta mí.. Si usted vuelve, 1-u r pobre en relación! 2-u necesita unos 1 para apoyar 3-u r frnd 2 muchos 4-some1 luvs u 5+- some1 es Dios de oración para casarse u.:-) intentarlo...."
ham,De cualquier manera dónde estás y qué estás haciendo.
ham,Voy a ir para que puedas arreglarme el pelo. ¿Lo harás gratis?
ham,Y esta vez también intenté añadir ceros.
ham,"No sé, puede que una bolsa de 4 goigng out no sea demasiado pequeña o nada excepto perfume, smth dat que pueda conservar."
ham,Sday sólo se unió.así que el entrenamiento que empezamos hoy:)
ham,Lo siento * estaba en la tienda de comestibles.
ham,¿Hay algunos pubs cerca de aquí o hay Frankie n Bennys cerca del cine Warner?
spam,"Su 4* Costa Del Sol vacaciones o 5000 esperan la colección. Llame a 09050090044 Ahora aClaim. SAE, TC s, POBox334, Stockport, SK38xh, Cost1.50/pm, Max10mins"
ham,Sip... no he estado allí antes... ¿Quieres ir al yoga?
ham,"Oh, cállate. Omg ayer tuve un sueño de que tenía dos hijos ambos chicos. Estaba tan enojado. No sólo por los niños sino por ellos siendo chicos. Incluso le dije a Mark en mi sueño que estaba cambiando pañales porque no me lo deben en la cara."
ham,"Sí, me imagino que sería muy amable, a diferencia de los otros médicos que tratan a sus pacientes como pavos."
spam,GRATIS para la primera semana! No1 Nokia tono 4 u móvil cada semana sólo txt NOKIA a 8077 Obtener txting y decirle a sus compañeros. www.getzed.co.uk POBox 36504 W45WQ 16+ norma150p/tone
ham,Ahora que has empezado no te detengas. Sólo reza por más buenas ideas y cualquier cosa que vea que pueda ayudaros chicos os reenviaré un enlace.
ham,"Hola Darlin Im en Helens Fone Im va a subir a los príncipes 2 Nite por favor, suban amor Kate"
ham,Estoy en el cargo ahora da:)¿Dónde estás?
ham,Aiyar u tan pobre cosa... te doy mi apoyo k... Jia te! Voy a pensar en ti...
ham,"Oh, involuntariamente no es un mal momento. Genial. ¡Los dedos de los trenes siguen el juego! Dará quince minutos de aviso."
spam,Prepara tu jardín para el verano con una selección GRATUITA de bulbos de verano y semillas por valor de 33:50 sólo con El escocés este sábado. Parar go2 notxt.co.uk
ham,K .. entonces ven nunca u lik para venir y también tel vikky para venir consiguiendo tiempo libre..:-)
ham,Pls me llama da. ¿Qué pasa?
ham,"Feliz año nuevo para usted y su familia...que este año nuevo traiga felicidad, estabilidad y tranquilidad a su vibrante vida colorida:):)"
ham,No hay problema con la renovación. Lo haré de inmediato pero no sé sus detalles.
ham,"Estoy sentado aquí en una parada y en el estacionamiento de la tienda ahora mismo llorando porque siento que soy un fracaso en todo, nadie me quiere y ahora siento que te estoy fallando."
ham,"Aún no me he ido, así que probablemente estará aquí hasta la cena."
ham,"Como <"";#>"" , la misma pregunta"
ham,Fui a una fiesta con mi novio.
ham,"Señor, necesito la fecha de nacimiento del señor Velusamy y los detalles de las instalaciones del banco de la compañía."
ham,K k:) sms chatear conmigo.
ham,"Por favor, esperen hasta las 6pm, doctor directamente."
ham,"No, pero el jugador borroso puede"
ham,Vale... ¿Entonces nos vemos más tarde?
ham,"Lol no, solo necesito cobrar mis nitros. ¡Date prisa antes de que me estrelle!"
ham,Envía un mensaje de texto.
ham,Ok dejar no hay necesidad de preguntar
spam,"Enhorabuena 2 móviles 3G Videophones R usted. llame a 09063458130 ahora! videochat wid ur mates, jugar juegos de java, carga de música pólipo, noline rentl. bx420. ip4. 5we. 150p"
ham,¿Todavía tienes clases?
ham,Le dije que ya es verdad.
ham,¿Cargaste la cámara?
ham,"Tengo un poco de sal, se puede frotar en mis heridas abiertas si lo desea!"
ham,Ahora voy a almorzar.
ham,Ahora estoy en la escuela. Estaré en el laboratorio haciendo algunas cosas. Llámame cuando termines.
ham,Vendré mañana.
ham,"Bien, mándame un mensaje esta noche y veremos qué pasa."
ham,U 2.
ham,Tala de agua en el desierto. Implicaciones geoambientales.
ham,Raji .. pls me hacen un favor. Pls transmitir mis deseos de cumpleaños a Nimya. Pls. Hoy es su cumpleaños.
ham,Empresa es muy buena. medio ambiente es excelente y la comida es muy agradable:)
ham,"Muy extraño. y están viendo el segundo ahora, pero estoy en la cama. dulces sueños, señorita."
spam,SMS AUCTION - Una nueva marca Nokia 7250 está hasta 4 subasta hoy! Subasta es GRATIS 2 unirse y participar! Txt NOKIA a 86021 ahora!
ham,"Hola espero que los dos estén bien, dijo que enviaría un mensaje y no lo ha visto, lo ha visto, me ha decepcionado suavemente por favor"
ham,"Nena, yo también te quiero, ¿sabes? Joder, fue tan bueno escuchar tu voz, lo necesito, lo quiero, no puedo conseguir lo suficiente, te adoro, Ahmad *kisses*"
ham,K seguro estoy en mi casa de parientes. Sms me de. Pls:-)
ham,Las envié. ¿Te gusta?
ham,"Fuuuck Tengo que dejar de dormir, sup"
ham,"Estoy en la ciudad ahora, así que sólo voy a tomar mrt abajo más tarde."
ham,Acabo de cocinar un salmón bastante bonito a ti
ham,Subí el mío a Facebook
ham,¿A qué hora escribes?
ham,Okie
spam,entrada ree en 2 un comp semanal para una oportunidad de ganar un ipod. Txt POD a 80182 para obtener la entrada (tasa std txt) T&C's aplican 08452810073 para detalles 18+
spam,Nuestros registros indican u tal vez derecho a 5000 libras en compensación por el accidente que tuvo. Para reclamar 4 respuesta gratuita con la reclamación a este msg. 2 stop txt STOP
ham,"Lo siento, llamaré más tarde."
ham,Den Muz cambia de plan Liao... vuelve a tener que volver a Yan Jiu...
ham,"Es Wylie, ¿estás en Tampa o Sarasota?"
ham,Bueno... tómate tu tiempo y disfruta de tu cena...
ham,Darren estaba diciendo que si nos reunimos con da ge den nos encontramos con 4 cena. Porque más tarde dejar xy se sentirá incómodo. Den u conocerlo 4 almuerzo lor.
spam,"Spook encima de su turba con una colección de Halloween de un logotipo & mensaje de la foto más un tono extraño libre, txt CARD SPOOK a 8007 zed 087014170121150p por logo/pic"
ham,Me gusta barato! Pero im feliz de salpicar en el vino si te hace sentir mejor..
ham,"Está bien, he tenido problemas con su teléfono, funciona con el mío, ¿puedes enviarle otra solicitud de amistad?"
ham,Me duele la pierna.
spam,Llame a Alemania por sólo 1 penique por minuto! Llame desde una línea fija a través del número de acceso 0844 861 85 85. Sin pago por adelantado. Acceso directo! www.telediscount.co.uk
spam,"Su 4* Costa Del Sol vacaciones o 5000 esperan la colección. Llame a 09050090044 Ahora aClaim. SAE, TC s, POBox334, Stockport, SK38xh, Cost1.50/pm, Max10mins"
ham,¿Puedes conseguir libros?
ham,Estoy bien... absolutamente bien.
ham,¿Cómo es que ella puede conseguirlo?
spam,¿Tuvo su móvil 11mths? Actualiza gratis a Oranges los últimos móviles de cámara a color y llamadas ilimitadas de fin de semana. Llame a Mobile Upd8 en freefone 08000839402 o 2StopTxt
ham,Llegaré a tu casa en <#> minutos
ham,"Cariño, te estoy contestando, ¿no puedes verme? Tal vez sea mejor que reinicies YM ... Tengo la foto ... Es genial !"
ham,Hola. ¿Qué piensas de la cerilla?
ham,"Sé que estás pensando en la malaria, pero relájate, los niños no pueden manejar la malaria, ella habría estado peor y su gastroenteritis, si toma lo suficiente para reemplazar su pérdida su temperatura disminuirá, y si le das medicamentos para la malaria ahora solo vomitará, es una enfermedad autolimitante que tiene, lo que significa que en unos días se detendrá por completo."
ham,Dai I descargado pero sólo hay archivo exe que sólo puedo ejecutar ese exe después de la instalación.
ham,Es sólo ayer verdad verdad.
ham,K.K. ¿Cómo es tu negocio ahora?
ham,3 pa pero no seleccionado.
spam,Natalja (25/F) te invita a ser su amiga. Reply YES-440 or NO-440 Veala: www.SMS.ac/u/nat27081980 STOP? Enviar STOP FRND a 62468
ham,Tengo diez rs en mi estante:) comprar dos huevos.
ham,Llegaré tarde.
ham,"Bueno, eso está bien. ¡Qué pena que no pueda comerlo!"
ham,Los traje accidentalmente a casa en la caja.
ham,"Por favor, necesita dar lentamente o va a vomitar más."
ham,Tengo que hacer un examen en el 3 de marzo.
ham,"Jane babes no va 2 wrk, se siente mal después de lst nite. Fowned en ya cubierta 4 me chuck.:-)"
ham,5 noches...No nos quedamos en el puerto paso liao...Demasiado ex
ham,Si muero quiero que tengas todas mis cosas.
ham,"JUSTÓ EN UNA CAMA EN UN BOATINO LOS DOCKS. SLEPT WID 25 AÑOS. GIV U DA GOSSIP L8R. XXX\"""""""
ham,Sonrisa en el placer Sonrisa en el dolor Sonrisa cuando los problemas se derraman como la lluvia Sonrisa cuando sum1 Lastima U Sonrisa por alguien todavía ama ver u sonriente!!
ham,Prabha .. soy Soryda ..realy ..frm corazón Lo siento
ham,Reconocí a Alex Nichols de la secundaria y resulta que está traficando.
spam,PRIVATE! Su cuenta de 2003 para <fone no> muestra 800 puntos S. I. M. no redimidos. Llame al 08715203656 Código de identificación: 42049 Expira 26/10/04
ham,Significa que no podías mantener tus palabras.
ham,"No, todavía estoy en el mercado."
ham,Me doy cuenta de que eres un tipo ocupado y estoy tratando de no ser una molestia. Tengo que conseguir algunos exámenes fuera del camino y luego probar los coches.
spam,Usted es elegido para recibir un premio 350! Pls llamar número de reclamación 09066364311 para recoger su premio que se selecciona para recibir como un cliente móvil valorado.
ham,¿Qué hay de tu proyecto?
ham,"Bien, nos vemos entonces."
ham,Estoy en el sitio de uworld. ¿Estoy comprando el qbank sólo o estoy comprando con la autoevaluación también?
ham,¿Tu opinión sobre mí? 1. Sobre 2. Jada 3. Kusruthi 4. Lovable 5. Silent 6. Spl carácter 7. No madurado 8. Con estilo 9. Simple Pls respuesta..
spam,Alguien que usted sabe está tratando de contactar con usted a través de nuestro servicio de citas! Para averiguar a quién podría ser llamada desde su móvil o fijo 09064015307 BOX334SK38ch
ham,"Sí, todavía puedo llevarte."
ham,"Jay quiere hacer ejercicio primero, ¿cómo suena 4?"
ham,"Gud gud..k, chikku tke cuidado.. dormir bien gud nit"
ham,Es una parte de comprobar el coeficiente intelectual
ham,Hmm pensando lor...
ham,¡Por supuesto! No te burles de mí... ¡Sabes que simplemente tengo que ver! *Grinas*... mantenme al tanto de mi presa... *cariño sonrisa* *beso devorador*
ham,Gracias por los témales fue maravilloso. Gracias. Que tengas una gran semana.
ham,¡Gracias princesa! Quiero ver tu bonito y jugoso trasero...
ham,"No he comido en todo el día, estoy aquí sentado mirando esta jugosa pizza y no puedo comerla, estos medicamentos están arruinando mi vida."
ham,Gud ni8 querido .. slp bien .. cuídate .. swt sueños .. Muah ..
ham,Usted viene n búsqueda tat vid .. no terminado ..
ham,"K Me voy pronto, estaré allí un poco después de las 9"
spam,Urgente! Por favor llame al 09061213237 desde un teléfono fijo. 5000 efectivo o una colección de vacaciones de 4* esperan. T &Cs SAE PO Box 177 M227XY. 16+
ham,"Sí, el trabajo está bien, comenzó la semana pasada, todo lo mismo que antes, aburrido pero fácil y los chicos son divertidos!"
ham,Usted hace sus estudios solo sin ayuda de nadie. Si usted no puede hacer ninguna necesidad de estudiar.
ham,"Por favor, dime que no todas las llaves de mi coche están en tu bolso."
ham,No conseguí nada.
ham,Bien... dulces sueños...
ham,"Bueno, ella está en una gran sorpresa!"
ham,"Como siempre..iam bien, feliz &"";"" haciendo bien..:)"
ham,1 in cbe. 2 in chennai.
ham,Puede ayudar a u swoop por recoger u de donde sea que otras aves r reunión si quieres.
ham,"Si alguien llama por una cinta de correr, di que la comprarás. Asegúrate de que funcione. Encontré un anuncio en Craigslist vendiendo por $ <#> ."
ham,¡AMO absolutamente South Park! Hace poco empecé a ver la oficina.
ham,¿Viste esa película:)
ham,"Pls habla conmigo, no te preguntaré nada más que tu amistad."
ham,"Storming msg: wen u lift d phne, u say \HELLO\"""" Do u knw wt is d real signification of HELLO?? . . . . . . . . . . . . Y u knw who is dat girl?? \""Margaret Hola\"" Ella es d girlfrnd f Grahmbell que invnted telphone... . . . . Moral: Uno puede 4get d nombre de una persona "","" bt no su girlfrnd... G o o d n i g h h t. . . . . . . """""
ham,Gud ni8.swt drms.Cuídate.
ham,"Hola Darlin, su Kate está lista para hacer algo esta noche voy a ir a un pub llamado el Swan o algo con mis padres por una copa así que llámame si puedes"
ham,¿Algo más que no vaya a casa 4 cenas?
ham,"\ER,"""" ENJOYIN INDIANS EN EL MO..yeP. Sall gooD HehE "";""> ¿Cómo se trata de u shexy? Pete Xx\"""""""""""""""""""""""""""""""""""""""""
spam,"Si no lo hace, su premio irá a otro cliente. T&C en www.t-c.biz 18+ 150p/min Polo Ltd Suite 373 London W1J 6HL Por favor llame si está ocupado"
ham,¿Arreglaste los dientes?Si no lo haces lo antes posible.ok cuídate.
ham,"Así que tú quieres dos venir a cenar esta noche, ¿no?"
ham,"Hola.¿Cómo estás?¿Qué has estado haciendo 2?Cuándo te vas a mudar fuera del piso, porque voy a tener que arreglar para recoger la lámpara, etc. Tenga cuidado. Hola carolina!"
ham,Es demasiado tarde:) pero su k.wish usted igual.
ham,"Hola. Espero tu día * bueno! De vuelta de la caminata, mesa reservada para la mitad de ocho. Avísame cuando vengas."
ham,"Oh, sí, claramente es mi culpa."
ham,No puedo recordar a Mayb Lor.
ham,"Mejor msg: Es difícil estar con una persona, cuando sabemos que un paso más foward hará que te enamores.. &"";"" Un paso atrás puede arruinar nuestra amistad.. buenas noches:-) ..."
spam,URGENTE! Su número de móvil ha sido galardonado con un premio 2000 GARANTIZADO. Llame a 09061790126 desde la línea de tierra. Reclamación 3030. Válido 12hrs sólo 150ppm
ham,"Hola... ¡Despierta! \Sweet\"" \""""""mañana\"" \""""""bienvenidos\"" \""""""""You\"""" \""""Enjoy\"" \""""Este día\"""" \""""""con mucha alegría\"""". \""""GUD MRNG\"""""""""""""""
ham,"Vikky, ven alrededor de <"";TIME>"" .."
ham,"¿Y cómo lo harás, princesa? :)"
ham,He ido a buscar información. No sé qué hacer.
ham,"Sí, probablemente aquí por un tiempo."
ham,Me envió su id de correo electrónico pronto
spam,"URGENTE! Usted ha ganado una membresía GRATUITA de 1 semana en nuestro Premio Jackpot 100,000! Txt la palabra: RECLAMACIÓN al No: 81010 T&C www.dbuk.net LCCLTD POBOX 4403LDNW1A7RW18"
ham,Todavía estoy bastante débil hoy. ¿Mal día?
ham,Hey ! No te olvides ... Tú eres MÍA ... Para MÍ ... Mi posesión ... Mi propiedad ... MMM ... * sonrisa infantil * ...
ham,Un excelente pensamiento de un misundrstud frnd: Knw u me odia bt el día en que usted sabrá la verdad u'll odiar a sí mismo:-( Gn:-)
ham,¡Felicidades 2u2. id luv 2 pero Ive tenía 2 ir a casa!
ham,"Querido, llámame."
ham,Xy tratando de smth ahora. ¿Ya comes?
spam,Urgente! Por favor llame al 09061213237 desde teléfono fijo. 5000 efectivo o un lujoso 4* Islas Canarias Vacaciones esperar colección. T&Cs SAE PO Box 177. M227XY. 150ppm. 16+
ham,No estoy en tus genes o algo así.
spam,XMAS se acerca y se concede o bien 500 CD vales regalo y entrada gratuita 2 r 100 sorteo semanal txt MUSIC a 87066 TnC www.Ldew.com1win150ppmx3age16suscripción
ham,Alex dice que no está de acuerdo con que no estés de acuerdo con eso.
ham,¿Vienes a la funeraria?
ham,"Mi querida hermana, ¿cómo estás cuando se reanuda la escuela? ¿Hay un período de espera mínimo antes de volver a presentarte?"
ham,Le daré mi teléfono para charlar contigo.
ham,"Buenos días, Sr. London, ¿cómo te trata el trío?"
ham,No puedo ir esta noche.
ham,A QUÉ HORA debería venir mañana
ham,Acerca de <#> dólares. Las comisiones bancarias son fijas. Mejor llamar al banco y averiguarlo.
ham,"Puedo, pero se notará mucho tiempo, porque aún no he terminado mi película..."
ham,Pls pregunta macho cuánto es el presupuesto para bb negrita 2 es porque vi uno nuevo para <#> dólares.
ham,"\Hi se perdió su llamada y mi mamá ha estado dejando caer vino tinto por todo el lugar! ¿cuál es su dirección? \"""""""""
ham,"Estaré en el tuyo en unos 3 minutos, pero cuídame."
ham,Lo que hiciste con permiso.
ham,Voy a volver el jueves. ¿Va a estar bien conseguir el dinero.
ham,"Por cierto, le dará u entradas para la víspera del sábado 7.30. Habla antes de entonces x"
ham,"Sí, eso es lo que estaba pensando."
ham,K.k:)I'm going to tirunelvali esta semana para ver a mi tío ..i ya gastar la cantidad tomando vestido .so sólo quiero dinero.I lo dará en feb 1
ham,Aquí tienes tu ostra favorita... N tiene mi sashimi favorito... Ok lar i dun decir ya...
ham,Mi hermana va a ganar más que yo.
spam,¡Consigue la bandera oficial de rington de INGLAND poli o color en tu móvil para el juego de esta noche! Texto TONE o FLAG a 84199. Optout txt ENG STOP Box39822 W111WX 1.50
ham,Hahaha .. usa tu cerebro querido
ham,Jus acaba de ver la tele... ¿U?
ham,"K, para tu información estoy de vuelta en casa de mis padres en South Tampa así que podría necesitar hacer el trato en otro lugar."
ham,"Buenos días, mi amor ... Me voy a dormir ahora y te deseo un gran día lleno de sentirse mejor y oportunidad ... Eres mi último pensamiento nena, te amo * beso *"
ham,Kothi imprime marandratha.
ham,¿Pero aún no tenemos el tema?
ham,"Ok, no hay problema... si voy a ir al sch a las 4 si estoy correctamente..."
ham,"Gracias, lo tendré en cuenta."
ham,¿Cómo está tu brazo?
ham,"Estimado señor,Salam Alaikkum.Orgullo y placer conocerlo hoy en la tienda de té.Estamos encantados de enviarle nuestro número de contacto en Qatar.Rakhesh un indio.Pls salvar nuestro número.Saludos Respetuosos."
ham,"Gal n chico que camina en d park. gal-puede sostener su mano? chico-y? ¿crees que me escaparía? gal-no, jst wana c cómo se siente caminando en el cielo con un príncipe..GN:-)"
ham,¿Qué te hace más feliz?
ham,Te deseo una semana maravillosa.
ham,"Cariño, ¿cómo estás?"
ham,"Señor, esperando su carta."
ham,"Amigo, ya no soy un piscis, ahora soy un acuario."
ham,Sólo para que sus mensajes en mensajería como tú me envien
ham,Creo que Steyn seguramente consigue un wicket:)
ham,"No estoy seguro de que la cosa se resuelva, de todos modos."
ham,"Bolsas de basura, huevos, mermelada, pan, hannaford chex trigo"
ham,No. No es orgullo. Tengo casi <#> años de edad y no debería estar tomando dinero de mi hijo. Se supone que no tienes que lidiar con estas cosas. Esto es cosas de adultos--por qué no te lo digo.
ham,"No estoy seguro de a qué hora termino mañana, pero te voy a poner al final."
ham,Mi cumpleaños es en feb <#> da. .
ham,¿Cuándo quieres ir al gimnasio?
ham,"¿Te gustaría eso, no?"
ham,¿Hay nieve ahí?
ham,¡Y por supuesto que deberías hacer un hedor!
spam,"u r suscrita 2 TEXTOCOMP 250 wkly comp. 1a pregunta gratuita wk?s siguiente, subsecuente wks charge@150p/msg.2 darse de baja txt STOP 2 84128,custcare 08712405020"
ham,No hay aberturas para esa habitación hasta después de Acción de Gracias sin un cargo adicional.
ham,¿Cuándo planean venir?
ham,¿Lo estás haciendo ahora?
ham,"Mis padres, mi niño, mis amigos y mis colegas. Todos gritando.. ¡SORPREZA!! y yo estaba esperando en el sofá.. ......"
ham,"No señor, por eso tuve un viaje de 8 horas en el autobús la semana pasada, otra audición el miércoles, pero creo que podría conducir esta vez."
ham,Pensé que lo había vuelto a poner en la caja.
ham,Estoy en casa...
ham,Puede ser un plan de negocios.
ham,"Sí, es en Paragon... no he decidido si dos cortes aún..."
ham,"¡Buenos días, princesa!"
ham,Guai... shd haf lo vio cuando es travieso... tan libre hoy?
ham,Aiyo cos i sms Í_ entonces Í_ neva responder así que espero 4 Í_ responder lar. I tot Í_ havet find u lab wat.
ham,"Vivir es muy simple.. Amar es también simple.. Riendo es demasiado simple.. Ganar es tooo simple.. Pero, Ser 'SÍMPLE' es muy difícil..."";""-) :-)"
ham,"Dime algo, está bien."
ham,De acuerdo.
ham,¿Traigo una botella de vino para divertirnos?
ham,Esta es la prueba facial ( 1 2 3 4 5 6 7 8 9 <#> ) seleccione cualquier número que le diré a la astrología facial.... estoy esperando. respuesta rápida...
ham,"Hey, Iouri me dio tu número, soy Wylie, la amiga de Ryan."
ham,"Sí, ve con el programa, te estás aflojando."
ham,Estoy dentro de la oficina... todavía llenando formularios.
ham,"Creo que tu mentor está, pero no 100% seguro."
spam,Llama al 09095350301 y envía a nuestras chicas a la éxtasis erótica. Sólo 60p/min. Para detener los textos llama al 08712460324 (tasa de nat)
spam,Cámara - ¡Se le otorga una Cámara Digital SiPix! llame al 09061221066 desde el teléfono fijo. Entrega dentro de 28 días.
spam,Una recompensa de 400 XMAS ES ESPERAR PARA USTED! Nuestra computadora le ha elegido aleatoriamente de nuestros clientes móviles leales para recibir una recompensa de 400. Sólo tiene que llamar al 09066380611
ham,"Sólo trato de averiguar cuándo se supone que debo ver a un par de personas diferentes esta semana, dijimos que nos reuniríamos, pero no establecí fechas."
spam,IMPORTANTE MENSAJE. Este es un intento de contacto final. Usted tiene mensajes importantes esperando fuera de nuestros clientes reclamaciones dept. Expira 13/4/04. Llame al 08717507382 AHORA!
ham,"Hola mamá, podríamos volver más tarde que <#>"
spam,Fecha: he tenido dos de estos. Sólo comenzó después de que envié un mensaje de texto para hablar de radio deportiva la semana pasada. ¿Alguna conexión crees o coincidencia?
ham,"Lol, ¿tienes un amigo para el perro?"
ham,"Vale, ¿hay algún problema con él?"
ham,"K Saldré en unos minutos, nos vemos allí."
ham,Do u konw waht is rael Friendship Im gving yuo an exmpel: Jsut ese tihs msg.. Evrey splleing of tihs msg is wrnog.. Bt sitll yuo puede raed it wihtuot ayn mitsake.. Goodnight & TENER UN BUEN SUEÑO..
ham,No puedo coger el teléfono ahora mismo. Pls enviar un mensaje
ham,"No quiero que te vayas, pero apenas hago lo que puedo para mantenerme cuerdo."
spam,La oferta líder actual es 151. Para detener esta subasta enviar. Atención al cliente: 08718726270
spam,"Entrada libre a los gr8prizes wkly comp 4 una oportunidad de ganar el último Nokia 8800, PSP o 250 en efectivo cada wk.TXT GREAT a 80878 http//www.gr8prizes.com 08715705022"
ham,Alguien estableció un sitio web donde se puede jugar a mantener en línea usando eve spacebucks en línea
ham,Su sol en California. El tiempo es fresco
spam,Tiene 1 mensaje nuevo. Llame al 0207-083-6089
ham,"Puedo hacerlo allí arriba, exprimido <"";#>"" dólares de mi padre"
ham,Buenos días a ti también.Reza por mí.Quita los dientes como su doloroso mantenimiento de otras cosas.
ham,Espero que su hacer bien. Tuve una noche de mierda dormir. Me quedé dormido a las 5.Im Knackered y im temiendo trabajo esta noche. ¿Qué estás hasta esta noche. X
ham,¿Cómo nos ayudan los amigos en los problemas? Dan la más estúpida sugerencia de que nos lleva a otro problema y nos ayuda a perdonar el problema anterior
ham,Estoy en el trabajo.
ham,¡Seré un bebé suave! Pronto estarás tomando todo <#> pulgadas profundamente dentro de tu apretado coño...
ham,NO MUCHO NINGUNA LUCHA. Era una buena nite!!
ham,"Ok, ok, ok, entonces, ¿cuál es el plan de hoy?"
ham,"No bromeo en serio, se lo dije."
ham,¿Ver la película de Ajith?
ham,Oooooooh Olvidé decirte que puedo subir a Yoville en mi teléfono
ham,"¡No sé si la mega tienda en Asda cuenta como celebración, pero eso es lo que estoy haciendo!"
ham,No sé exactamente si podrías preguntarle a Chechi.
ham,No sé cómo conducir porque voy 1 hora oni.
ham,Como en quiero descuento oficial de aduanas oh.
ham,Eso es necesariamente respetuoso.
ham,"Hola, espero que hayas tenido un buen día, que tengas una mejor noche."
ham,Y parece que está con Carly ahora rápido.
ham,DURA PERO VERDADERO: ¡Cuánto usted muestra & expresar su amor a alguien....que mucho le dolerá cuando ellos le dejan o usted consigue sepated...!  ???ud tarde...
ham,Chicas creo que tengo tu brolly lo dejé en inglés lo traeré en 2mrw 4 u luv Franxx
ham,Hola nena su me gracias por venir a pesar de que no fue tan bien!Yo sólo quería mi cama! Espero verte pronto amor y besos xxx
ham,Así que Gd consiguió helado gratis... quiero...
ham,Pls le dan jarabe de prometazina. 5mls luego <#> minutos después se alimentan.
ham,¿Cuántos días desde entonces?
ham,"Querida, ¿estás enfadada? Estaba ocupada, querida."
ham,"Sí, él me meg: es tat yijue? Entonces yo tot es mi compañero de grupo porque nos reunimos hoy mah... Estoy askin si I_ salir antes o wat mah cos mah mab I_ haf caminar v lejos..."
ham,... ¿Estás en el pub?
ham,Hay una primera vez para todo :)
ham,"Papá, shu shu está buscando 4 u... ¿Me quieres 2 decirle que no estás en Singapore o Wat?"
ham,Pregunto si te encuentras con Da Ge Tmr Nite...
ham,"Gr8. Así que, ¿cómo manejar el tráfico de la isla Victoria. Además, cuando se debe el álbum"
ham,Nite nite pocay wocay luv u más que n e cosa 4eva Prometo anillo u 2morrowxxxx
ham,Costa Este
ham,Deberías conseguir más caldo de pollo si quieres ramen a menos que haya algunos que no sepa.
ham,Mi esclavo! Quiero que tomes 2 o 3 fotos de ti mismo hoy en luz brillante en tu teléfono celular! Luz brillante!
ham,"No, lo olvidé, aparecerá la semana que viene."
ham,"Así que, ¿cómo estás realmente? ¿Qué estás haciendo? ¿Cómo están los maestros y así sucesivamente?"
ham,"Estoy en bruce & frowler ahora, pero estoy en el coche de mi madre así que no puedo aparcar (larga historia)"
ham,Espero que este mes.
ham,"Hola Elaine, ¿está confirmada la reunión de hoy?"
ham,Ok k..sry i knw 2 siva..tats y pedí ..
ham,"Lo siento, llamaré más tarde."
ham,U horrible chica... U sabía que yo iba a salir con él yest n u todavía venir a preguntarme...
ham,De lo contrario tenía medio tiempo trabajo na-tuición..
ham,Y mi dieta salió volando por la ventana.
spam,Santa Calling! ¿A tus pequeños les gustaría una llamada desde la víspera de Santa Navidad? Llame al 09058094583 para reservar su tiempo.
ham,No completaste tu esencia oh.
ham,"Sí, estaré allí a las 15:26, lo siento! Sólo dime qué pub / café para sentarse y venir"
ham,"Si puedes hacerlo a cualquier hora de la noche o cuando puedas, está bien, solo envíame un mensaje cuando estés cerca."
ham,"Si lo fuera, no prestaría atención."
ham,¡Gracias por tu ayuda!
ham,Vas a tener que ser mucho más específico que eso.
ham,Jesús Armando realmente está tratando de decirle a todos que puede encontrar
ham,Ahora estoy con él comprando tix lar...
ham,Mode hombres o te han dejado.
ham,Soy lento en el uso de la fne de biola
ham,"¿Qué vas a hacer más tarde? Sar xxx\"""""""""""
ham,He reservado las 2 lecciones en Sun Liao...
ham,Gracias. ¿Por lo general sales con los Brothas?
ham,"Por cierto, asegúrese de que u llegar tren a Worc Foregate calle no arbusto colina. Diviértete noche x"
ham,"Pensé que le conseguiría un reloj, sólo porque ese es el tipo de cosas que tienes en la calle 18. ¡Y le encanta tanto!"
spam,Usted ha ganado un premio 32000 garantizado o tal vez incluso 1000 en efectivo para reclamar nuestra llamada de premio gratis en 0800 ..... (18+). Es un número legitimate efreefone wat u pensar???
ham,"Buenos días, en el taller, la única razón por la que estoy despierto a esta hora."
ham,"Y eso está bien, tengo suficiente para durar la mayor parte de la noche por lo menos"
ham,Estoy de vuelta. ¡Buen viaje! Hazme saber si necesitas alguno de los recibos. ¿Te digo como el pendent?
ham,Así que eso quita algunas preocupaciones de dinero
ham,"¿Podemos recoger un poco, abres antes de esta noche?"
spam,"Últimas noticias, el baño de la estación de policía robado, ¡los policías no tienen nada que hacer!"
ham,Sac necesita continuar:)
ham,Sólo canta HU. Creo que también es importante encontrar a alguien femenino que conozca bien el lugar preferiblemente un ciudadano que también es inteligente para ayudarle a navegar a través. Incluso cosas como elegir un plan de teléfono requieren orientación. Cuando en duda pregunte especialmente las niñas.
ham,¿Qué??? ¿Hola wats habla dirección de correo electrónico?
ham,Excepto que hay una chica con tetas enormes.
ham,Me pregunto qué estás haciendo ahora.
ham,Deseando un hermoso día. Cada momento revelando aún más cosas para mantenerte sonriendo. Disfrútalo.
spam,"\Para los descansos de compras más brillantes de 45 por persona"";"" llame al 0121 205050 o visite www.shortbreaks.org.uk\"""""""""""
ham,Arun puede transfr me d amt
ham,"Lo siento, llamaré más tarde."
ham,Si escuchas un fuerte grito sobre <#> minutos su causa mi Gyno va a empujar las cosas hasta mí que no pertenecen :/
spam,¿Tuvo su móvil 11mths+? Usted tiene derecho a actualizar a la última cámara a color móvil de forma gratuita! Llame a la actualización móvil Co FREE en 08002986906
ham,"Bien, lo tengo. ¿Entonces me quieres a mí ahora o a mí?"
spam,Txt: LLAMA al No: 86888 y reclamar su recompensa de 3 horas de tiempo de conversación para utilizar desde su teléfono ahora! Suscribir6GBP/mnth inc 3hrs 16 stop?txtStop www.gamb.tv
ham,¿Sales en 2nite?
ham,Atesoraré cada momento que pasemos juntos...
ham,¿Debo traernos una botella de vino para mantenernos entretenidos? ¡Sólo bromeando!
spam,http//tms. widelive.com/index. wml?id=820554ad0a1705572711&first=trueC C Ringtone
spam,Prepara tu jardín para el verano con una selección GRATUITA de bulbos de verano y semillas por valor de 33:50 sólo con El escocés este sábado. Parar go2 notxt.co.uk
spam,"URGENTE! El sorteo del fin de semana pasado muestra que usted ha ganado 1000 en efectivo o unas vacaciones españolas! LLAMAR AHORA 09050000332 para reclamar. T&C: RSTM, SW7 3SS. 150ppm"
ham,Ok lor.
ham,Pensé que la diapositiva era suficiente.
ham,Sí.
ham,"Bueno, obviamente no porque toda la gente en mi buena vida universitaria se fue a casa ;_"
ham,"Ok lor Í_ llegar a continuación, mándame un mensaje."
ham,¿Dónde está el niño de mamá? ¿Está siendo bueno o malo? ¿Está siendo positivo o negativo? ¿Por qué se está haciendo esperar a mamá? ¿Hmm?
ham,Dhoni tiene suerte de ganar un título grande. así que vamos a ganar:)
ham,"Sí, princesa, quiero complacerte todas las noches."
ham,Lo que hoy-domingo..domingo es feriado..así que no hay trabajo..
ham,No probablemente <#> %.
ham,Realmente espero que el trabajo no se ponga estresante. Tenga un día gr8.
ham,¿Has visto quién está de vuelta en Holby?
ham,Llamará ahora querido tener comida.
spam,URGENTE Estamos tratando de contactar con usted Últimos fines de semana muestra que han ganado un premio 1000 GARANTIZADO Llamada 09064017295 Código de reclamación K52 Válido 12hrs 150p pm
ham,Así que li hai... ahora me aburro de ser profesor repitiendo las últimas semanas cosas que pierden el tiempo...
ham,", , y recogerlos de varios puntos  va 2 yeovil  y harán el proyecto de motor 4 3 horas  y luego u llevarlos a casa.  12 2 5.30 máx.  Muy fácil"
ham,También folle usted y su familia para ir a la isla rode o donde sea la mierda y dejándome solo la semana tengo un nuevo bong >:(
ham,"Por supuesto, también subo algunas canciones"
spam,2p por minuto para llamar a Alemania 08448350055 desde su línea BT. Sólo 2p por minuto. Compruebe PlanetTalkInstant.com para obtener información & T & C's.
ham,K. Lo enviaré de nuevo
ham,"Oh, muchas gracias .. ya he comprado 2 huevos .."
ham,K. Lo enviaré de nuevo
ham,¿Estudias en sch o te vas a casa?
spam,Marvel Mobile Juega al juego oficial de Ultimate Spider-man (4.50) en tu móvil ahora mismo. Texto SPIDER a 83338 para el juego y te enviaremos un papel tapiz de 8 bolas GRATIS
ham,Creo que si él gobierna tamilnadu .. entonces es muy duro para nuestra gente.
ham,"Genial, vamos a ir a ver, tenemos que ir a la propina de todos modos. ¿Estás en casa, tienes algo para venir más tarde? Así que vamos a la ciudad esta noche! Tal vez mamá nos puede llevar."
ham,"Buenas tardes, mi amor ... ¿Cómo va tu día ? ¿Cómo dormiste ? Espero que tu bien, mi niño ... Pienso en ti ..."
ham,Sí... confío en ti para comprar cosas nuevas lo antes posible para poder probarlo.
spam,"SMS SERVICES. for your inclusive text credits, pls goto www.comuk.net login= 3qxj9 darse de baja con STOP, sin cargo adicional. help 08702840625.COMUK. 220-CM2 9AE"
ham,¿Por qué desperté en mi propio >:(
ham,Ahora toma el paso 2 fuera del camino.
ham,El amor tiene una ley; Haz feliz a la persona que amas. De la misma manera la amistad tiene una ley; Nunca hagas que tu amigo se sienta solo hasta que estés vivo....
spam,PRIVATE! Su estado de cuenta de 2003 para 07808247860 muestra 800 puntos S. I. M. no redimidos. Llame al 08719899229 Código de identificación: 40411 Expira 06/11/04
ham,Apo todos los demás son jugadores mokka solamente
ham,"Tal vez * es muy fácil dar su identificación de cuenta, así que lo haré mañana en UNI"
ham,Espera . Voy a msg después de <#> min.
ham,"Lo que dije antes de contarlo es estúpido escuchar después de que no te contara nada, tu papá llamó a mi hermano y habló conmigo, no conmigo."
ham,El amor de Dios no tiene límite. La gracia de Dios no tiene medida. El poder de Dios no tiene límites. Que usted tenga las bendiciones infinitas de Dios siempre en nuestra vida...! Gud ni8
ham,Quiero estar dentro de ti todas las noches...
ham,"Machan, mañana vas al gimnasio, vendré hasta tarde."
ham,Lol estaban enojados al principio pero luego se despertaron y se rindieron.
ham,Fui al centro del proyecto.
ham,"Es tranquilizador, en este mundo loco."
ham,"Sólo haciendo la cena, ¿tú?"
ham,"Sí. Por favor, deje en <#> . Así que en <#> podemos salir"
ham,Oh... okie lor... nos sentamos...
ham,"Usted es un gran modelo a seguir. Usted está dando tanto y realmente deseo cada día para un milagro, pero Dios como una razón para todo y debo decir que desearía saber por qué, pero no lo hago. He admirado a usted desde que era joven y todavía lo hago. Tenga un gran día."
ham,"Sí, me refiero a la ex wat de Mei... No, ah, espera 4 u para tratar, alguien shld b rico liao... Así que gd, den u dun tienen que trabajar frm tmr en adelante..."
ham,Miles y sonrisas r hecho frm las mismas letras pero usted sabe d diferencia..? sonrisa en su cara me mantiene feliz a pesar de que estoy millas lejos de u.. :-)mantener sonriendo..
ham,"Por cierto, he puesto un salto justo fuera de la parte delantera de la casa para que puedan ver qué casa es."
ham,¿Puedes enviarme el nombre de la compañía?
ham,"No, no quiero oír nada."
ham,Eres un gran chic. Común. Declarar
ham,"Eso es genial, quiero complacerte..."
ham,Me voy a unir mañana.
spam,Se le otorga una cámara digital SiPix! llame a 09061221061 desde el teléfono fijo. Entrega dentro de 28 días. T Cs Box177. M221BP. 2 años de garantía. 150ppm. 16 . p p3.99
ham,Quiero decirte lo mal que me siento que básicamente las únicas veces que te escribo últimamente son cuando necesito drogas.
spam,PRIVATE! Su cuenta de 2003 para shows 800 puntos S.I.M. no redimidos. Llame al 08718738001 Código de identificación: 49557 Expira 26/11/04
ham,"Decepción total, cuando te envié un mensaje era la mierda más loca consiguió :("
ham,Es sólo el efecto de la irritación. Ignóralo.
ham,"Entonces, ¿qué hay de este?"
ham,"Creo que esa rabieta está acabada, así que sí, estaré en algún momento."
ham,"Estaba lejos del sistema, como tu lado."
ham,Sucedió aquí mientras estabas aventurándote.
ham,"Jefe, ¿puede darme una campana cuando reciba esto?"
ham,Ok que tu otro número
ham,"Sé que estás pensando en la malaria, pero relájate, los niños no pueden manejar la malaria, ella habría estado peor y su gastroenteritis, si toma lo suficiente para reemplazar su pérdida su temperatura disminuirá, y si le das medicamentos para la malaria ahora solo vomitará, es una enfermedad autolimitante que tiene, lo que significa que en unos días se detendrá por completo."
ham,Aiyah ok wat siempre y cuando tenga mejora ya puede wat ...
spam,¿Quieres SEXO explícito en 30 segundos? Anillo 02073162414 ahora! Costos 20p/min Gsex POBOX 2667 WC1N 3XX
ham,"No puedo creer lo apegado que estoy a verte todos los días. Sé que harás lo mejor que puedas para llegar a mí, nena. Iré a dar mi clase a medianoche."
ham,Solo durmiendo... y surfeando.
spam,PIDE 3MOVILES SI 0870 CHATLINES INCLUYEN LAS MINAS GRATUITAS. INDIA CUST SED SÍ. L8ER CONSEGUIÓ MEGA BILL. 3 DONT GIV A SHIT. BAILIFF DUE EN DÍAS. I O 250 3 QUIERE 800
ham,"Sí, es jus rito..."
ham,Armand dice que lleves tu culo a Epsilon.
ham,¿Aún no tienes una chaqueta?
ham,"Estoy llevando Derek & Amp"";"" Taylor a Walmart, si no estoy de vuelta para cuando termines deja el ratón en mi escritorio y te enviaré un mensaje de texto cuando Priscilla esté lista"
ham,"Hola, está en Durban. ¿Sigues en este número?"
ham,Hay un montón de coches de niños porno entonces.
spam,"¿Tenía su contrato móvil 11 Mnths? Última Motorola, Nokia etc. todo GRATIS! Doble Mins & Texto en tarifas Orange. TEXTO SÍ para callback, no para eliminar de los registros."
ham,"No, lo estaba intentando todo el fin de semana "";""V"
ham,"Ya sabes, wot la gente usa camisetas, jerseys, sombrero, cinturón, es todo lo que sabemos."
ham,"Genial, ¿a qué hora crees que puedes llegar?"
ham,Wen te volviste tan espiritual y profundo.
ham,Tenga un viaje seguro a Nigeria. Le deseamos felicidad y muy pronto compañía para compartir momentos con
ham,Hahaha .. usa tu cerebro querido
ham,"Bueno, tenga en cuenta que sólo tengo suficiente gasolina para un viaje de ida y vuelta, salvo una afluencia repentina de dinero en efectivo."
ham,Sí. Indios era agradable. Tho hizo kane me fuera un poco él. Nos shud salir 4 una bebida en algún momento pronto. Mite hav 2 go 2 da trabaja 4 una risa pronto.
ham,"Sí, así que es por eso que me enviaste un mensaje."
ham,No. Quise decir que el cálculo es el mismo. Que <#> unidades en <#> . Esta escuela es realmente caro. ¿Has comenzado a practicar su acento. Porque es importante. Y has decidido si estás haciendo 4 años de escuela dental o si sólo vas a hacer el examen nmde.
ham,"Lo siento, llamaré más tarde."
ham,Si no estás aquí en las próximas horas de <#> imma voltear mi mierda
ham,"Lo que sea, Juz los dos."
ham,Mi madre decidió venir a Lowes.
ham,"Bueno, el vendedor de Sony Ericsson... le pregunto a Shuhui y ella dice que usa bastante gd 2 así que, considerando..."
ham,Ard 6 como dat lor.
ham,¿Por qué no esperas al menos el miércoles para ver si consigues tu ?
ham,Huh y lei...
spam,"RECUPERACIÓN DE O2: Para obtener 2,50 libras gratis crédito de llamada y detalles de grandes ofertas pls responder 2 este texto con su nombre válido, casa no y código postal"
spam,"Esta es la segunda vez que hemos intentado 2 contacto u. U han ganado el premio 750 Libra. 2 reclamo es fácil, llame 087187272008 NOW1! Sólo 10p por minuto. BT-nacional-tasa."
ham,¿Se va a explanar a casa?
ham,"Lástima, * estaba de humor para eso. Así que... ¿alguna otra sugerencia?"
ham,"El tipo se quejó, pero actué como si estuviera interesado en comprar algo más la semana que viene y nos lo dio gratis."
ham,Rofl. Es fiel a su nombre
