label,text,lang,source
ham,Then u drive lor.,en,kaggle
ham,Come by our room at some point so we can iron out the plan for this weekend,en,kaggle
ham,HMM yeah if your not too grooved out! And im looking forward to my pound special :),en,kaggle
ham,Just normal only here :),en,kaggle
ham,"It wont b until 2.15 as trying 2 sort house out, is that ok?",en,kaggle
spam,Zara: Cliente seleccionado para recibir ropa gratis. Elija sus prendas: https://zara-gratis.net/seleccionar,es,synthetic_claude
spam,"Orange brings you ringtones from all time Chart Heroes, with a free hit each week! Go to Ringtones & Pics on wap. To stop receiving these tips reply STOP.",en,kaggle
ham,I've got it down to a tea. not sure which flavour,en,kaggle
ham,Gokila is talking with you aha:),en,kaggle
spam,"SMS. ac JSco: Energy is high, but u may not know where 2channel it. 2day ur leadership skills r strong. Psychic? Reply ANS w/question. End? Reply END JSCO",en,kaggle
spam,Carrefour: ¡Feliz Navidad! Ha ganado una cesta de 300€. Reclame llamando al 900 555 666.,es,synthetic_claude
ham,HI ITS KATE CAN U GIVE ME A RING ASAP XXX,en,kaggle
ham,"Send ur birthdate with month and year, I will tel u ur LIFE PARTNER'S name. and the method of calculation. Reply must.",en,kaggle
ham,"\The world suffers a lot... Not because of the violence of bad people. But because of the silence of good people!\"""""","" Gud night....""""",en,kaggle
spam,Missed call alert. These numbers called but left no message. 07008009200,en,kaggle
ham,"Did he say how fantastic I am by any chance, or anything need a bigger life lift as losing the will 2 live, do you think I would be the first person 2 die from N V Q? ",en,kaggle
ham,Dear how is chechi. Did you talk to her,en,kaggle
ham,Ummmmmaah Many many happy returns of d day my dear sweet heart.. HAPPY BIRTHDAY dear,en,kaggle
ham,Were somewhere on Fredericksburg,en,kaggle
ham,Webpage s not available!,en,kaggle
ham,Colegio San Juan: Recordatorio de reunión de padres el jueves 20 a las 18:30 en el aula 3B.,es,synthetic_claude
ham,Mmmm.... I cant wait to lick it!,en,kaggle
ham,"I can't, I don't have her number!",en,kaggle
ham,We got a divorce. Lol. She.s here,en,kaggle
ham,My darling sister. How are you doing. When's school resuming. Is there a minimum wait period before you reapply? Do take care,en,kaggle
ham,What i mean is do they come chase you out when its over or is it stated you can watch as many movies as you want.,en,kaggle
ham,El Corte Inglés: Su tarjeta de crédito tiene disponible saldo de 1.200€. Úselo sin intereses.,es,synthetic_claude
ham,Wait.i will come out.. &lt;#&gt;  min:),en,kaggle
spam,No. 1 Nokia Tone 4 ur mob every week! Just txt NOK to 87021. 1st Tone FREE ! so get txtin now and tell ur friends. 150p/tone. 16 reply HL 4info,en,kaggle
ham,No da. I am happy that we sit together na,en,kaggle
spam,Carrefour: Encuesta de calidad con premio garantizado de 300€. Participe: https://carrefour-encuesta.net,es,synthetic_claude
spam,Vodafone: Cuenta bloqueada por actividad inusual. Desbloquéela: https://vodafone-desbloquear.top,es,synthetic_claude
ham,Yo theres no class tmrw right?,en,kaggle
ham,Get down in gandhipuram and walk to cross cut road. Right side &lt;#&gt; street road and turn at first right.,en,kaggle
spam,Amazon Logistics: Entrega no realizada. Su vecino no pudo recibirlo: https://amz-logistica.top/rerouting,es,synthetic_claude
ham,Me sef dey laugh you. Meanwhile how's my darling anjie!,en,kaggle
ham,Ugh hopefully the asus ppl dont randomly do a reformat.,en,kaggle
ham,Remind me how to get there and I shall do so,en,kaggle
ham,Finish already... Yar they keep saying i mushy... I so embarrassed ok...,en,kaggle
ham,"I got like $ &lt"";#&gt;"" , I can get some more later though. Get whatever you feel like",en,kaggle
ham,All boys made fun of me today. Ok i have no problem. I just sent one message just for fun,en,kaggle
ham,"Honey ? Sweetheart ? Darling ? Sexy buns ? Sugar plum ? Loverboy ? I miss you, boytoy ... *smacks your ass* Did you go to the gym too ?",en,kaggle
ham,No I'm in the same boat. Still here at my moms. Check me out on yo. I'm half naked.,en,kaggle
ham,Mm yes dear look how i am hugging you both. :-P,en,kaggle
ham,"Sorry I missed you babe. I was up late and slept in. I hope you enjoy your driving lesson, boytoy. I miss you too ... *teasing kiss*",en,kaggle
ham,I'm at home. Please call,en,kaggle
ham,ÌÏ log off 4 wat. It's sdryb8i,en,kaggle
spam,Oportunidad de trabajo desde el móvil. 3-4 horas al día. Hasta 800€ semanales garantizados.,es,synthetic_claude
ham,Ok set let u noe e details later...,en,kaggle
spam,AVISO: Se ha realizado una transferencia de 2.000€ desde su cuenta ING. Responda STOP para cancelar.,es,synthetic_claude
ham,Sitting in mu waiting for everyone to get out of my suite so I can take a shower,en,kaggle
ham,I wait 4 Ì_ inside da car park...,en,kaggle
ham,Did u download the fring app?,en,kaggle
spam,You have won a Nokia 7250i. This is what you get when you win our FREE auction. To take part send Nokia to 86021 now. HG/Suite342/2Lands Row/W1JHL 16+,en,kaggle
ham,Guess who spent all last night phasing in and out of the fourth dimension,en,kaggle
spam,(Bank of Granite issues Strong-Buy) EXPLOSIVE PICK FOR OUR MEMBERS *****UP OVER 300% *********** Nasdaq Symbol CDGT That is a $5.00 per..,en,kaggle
ham,U sure u can't take any sick time?,en,kaggle
ham,But I'm on a diet. And I ate 1 too many slices of pizza yesterday. Ugh I'm ALWAYS on a diet.,en,kaggle
ham,Anything lor is she coming?,en,kaggle
ham,great princess! I love giving and receiving oral. Doggy style is my fave position. How about you? I enjoy making love  &lt;#&gt;  times per night :),en,kaggle
spam,Congrats! Nokia 3650 video camera phone is your Call 09066382422 Calls cost 150ppm Ave call 3mins vary from mobiles 16+ Close 300603 post BCM4284 Ldn WC1N3XX,en,kaggle
ham,"So check your errors and if you had difficulties, do correction.",en,kaggle
ham,Prakesh is there know.,en,kaggle
ham,Okey dokey swashbuckling stuff what oh.,en,kaggle
ham,Please give it 2  or i will pick it up on Tuesday evening about 8 if that is ok.,en,kaggle
ham,"Whenevr ur sad, Whenevr ur gray, Remembr im here 2 listn 2 watevr u wanna say, Jus walk wid me a little while,&amp"";"" I promise I'll bring back ur smile.:-)",en,kaggle
ham,"Sir, i am waiting for your call.",en,kaggle
ham,Esplanade lor. Where else...,en,kaggle
ham,"Sorry, I'll call later",en,kaggle
ham,How much is torch in 9ja.,en,kaggle
ham,"Call me, i am senthil from hsbc.",en,kaggle
ham,Just getting back home,en,kaggle
spam,"Spook up your mob with a Halloween collection of a logo & pic message plus a free eerie tone, txt CARD SPOOK to 8007 zed 08701417012150p per logo/pic ",en,kaggle
ham,"The last thing i ever wanted to do was hurt you. And i didn't think it would have. You'd laugh, be embarassed, delete the tag and keep going. But as far as i knew, it wasn't even up. The fact that you even felt like i would do it to hurt you shows you really don't know me at all. It was messy wednesday, but it wasn't bad. The problem i have with it is you HAVE the time to clean it, but you choose not to. You skype, you take pictures, you sleep, you want to go out. I don't mind a few things here and there, but when you don't make the bed, when you throw laundry on top of it, when i can't have a friend in the house because i'm embarassed that there's underwear and bras strewn on the bed, pillows on the floor, that's something else. You used to be good about at least making the bed.",en,kaggle
ham,"I don't think I can get away for a trek that long with family in town, sorry",en,kaggle
ham,"\OH FUCK. JUSWOKE UP IN A BED ON A BOATIN THE DOCKS. SLEPT WID 25 YEAR OLD. SPINOUT! GIV U DA GOSSIP L8R. XXX\""""""""",en,kaggle
ham,Lul im gettin some juicy gossip at the hospital. Two nurses are talking about how fat they are gettin. And one thinks shes obese. Oyea.,en,kaggle
ham,Bognor it is! Should be splendid at this time of year.,en,kaggle
ham,And how's your husband.,en,kaggle
ham,Oh ok i didnt know what you meant. Yep i am baby jontin,en,kaggle
ham,Hi dis is yijue i would be happy to work wif Ì_ all for gek1510...,en,kaggle
ham,I emailed yifeng my part oredi.. Can Ì_ get it fr him..,en,kaggle
spam,Not heard from U4 a while. Call 4 rude chat private line 01223585334 to cum. Wan 2C pics of me gettin shagged then text PIX to 8552. 2End send STOP 8552 SAM xxx,en,kaggle
ham,She's borderline but yeah whatever.,en,kaggle
ham,"Doing nothing, then u not having dinner w us?",en,kaggle
ham,"\HEY BABE! FAR 2 SPUN-OUT 2 SPK AT DA MO... DEAD 2 DA WRLD. BEEN SLEEPING ON DA SOFA ALL DAY, HAD A COOL NYTHO, TX 4 FONIN HON,"""" CALL 2MWEN IM BK FRMCLOUD 9! J X\""""""""""""""""""""",en,kaggle
ham,"Customer place, i wil cal u sir.",en,kaggle
ham,This girl does not stay in bed. This girl doesn't need recovery time. Id rather pass out while having fun then be cooped up in bed,en,kaggle
ham,Sry da..jst nw only i came to home..,en,kaggle
ham,Ard 530 like dat lor. We juz meet in mrt station then Ì_ dun haf to come out.,en,kaggle
ham,"Nothing, i got msg frm tht unknown no..",en,kaggle
ham,Aft i finish my lunch then i go str down lor. Ard 3 smth lor. U finish ur lunch already?,en,kaggle
ham,Its not the same here. Still looking for a job. How much do Ta's earn there.,en,kaggle
ham,Ok... But bag again..,en,kaggle
ham,El fontanero dice que el problema es mayor de lo que pensaba.,es,synthetic_claude
ham,"Yeah, we can probably swing by once my roommate finishes up with his girl",en,kaggle
ham,"K.. I yan jiu liao... Sat we can go 4 bugis vill one frm 10 to 3 den hop to parco 4 nb. Sun can go cine frm 1030 to 2, den hop to orc mrt 4 hip hop at 4...",en,kaggle
ham,"Probably, want to pick up more?",en,kaggle
spam,URGENT! We are trying to contact U. Todays draw shows that you have won a å£800 prize GUARANTEED. Call 09050001295 from land line. Claim A21. Valid 12hrs only,en,kaggle
ham,Ill call you evening ill some ideas.,en,kaggle
spam,Buy Space Invaders 4 a chance 2 win orig Arcade Game console. Press 0 for Games Arcade (std WAP charge) See o2.co.uk/games 4 Terms + settings. No purchase,en,kaggle
ham,Not to worry. I'm sure you'll get it.,en,kaggle
ham,"Good good, billy mates all gone. Just been jogging, again! Did enjoy concert?",en,kaggle
ham,There are many company. Tell me the language.,en,kaggle
ham,East coast,en,kaggle
ham,I want  &lt;#&gt;  rs da:)do you have it?,en,kaggle
ham,Enjoy ur life. . Good night,en,kaggle
spam,Jamster! To get your free wallpaper text HEART to 88888 now! T&C apply. 16 only. Need Help? Call 08701213186.,en,kaggle
ham,Huh y lei...,en,kaggle
ham,"Vikky, come around  &lt"";TIME&gt;"" ..",en,kaggle
ham,Hurry home. Soup is DONE!,en,kaggle
ham,Dunno cos i was v late n when i reach they inside already... But we ate spageddies lor... It's e gals who r laughing at me lor...,en,kaggle
spam,FreeMsg: Hey - I'm Buffy. 25 and love to satisfy men. Home alone feeling randy. Reply 2 C my PIX! QlynnBV Help08700621170150p a msg Send stop to stop txts,en,kaggle
ham,"Wishing you and your family Merry \X\"""" mas and HAPPY NEW Year in advance..""""",en,kaggle
spam,"Eerie Nokia tones 4u, rply TONE TITLE to 8007 eg TONE DRACULA to 8007 Titles: GHOST, ADDAMSFA, MUNSTERS, EXORCIST, TWILIGHT www.getzed.co.uk POBox36504W45WQ 150p",en,kaggle
ham,I love to wine and dine my lady!,en,kaggle
ham,Now? I'm going out 4 dinner soon..,en,kaggle
spam,URGENT! Your Mobile number has been awarded with a å£2000 prize GUARANTEED. Call 09058094454 from land line. Claim 3030. Valid 12hrs only,en,kaggle
ham,"Huh... Hyde park not in mel ah, opps, got confused... Anyway, if tt's e best choice den we juz have to take it...",en,kaggle
spam,Bankinter: Le informamos que su acceso ha sido comprometido. Llame urgente al 901 365 563.,es,synthetic_claude
ham,"Night has ended for another day, morning has come in a special way. May you smile like the sunny rays and leaves your worries at the blue blue bay. Gud mrng",en,kaggle
ham,I re-met alex nichols from middle school and it turns out he's dealing!,en,kaggle
ham,Mm you ask him to come its enough :-),en,kaggle
ham,We're finally ready fyi,en,kaggle
spam,Your 2004 account for 07XXXXXXXXX shows 786 unredeemed points. To claim call 08719181259 Identifier code: XXXXX Expires 26.03.05,en,kaggle
ham,You flippin your shit yet?,en,kaggle
ham,"Hi frnd, which is best way to avoid missunderstding wit our beloved one's?",en,kaggle
ham,S now only i took tablets . Reaction morning only.,en,kaggle
ham,Joy's father is John. Then John is the NAME of Joy's father. Mandan,en,kaggle
spam,Email AlertFrom: Jeri StewartSize: 2KBSubject: Low-cost prescripiton drvgsTo listen to email call 123,en,kaggle
ham,"Ah, well that confuses things, doesnÛ÷t it?",en,kaggle
ham,"Oops I did have it,  &lt"";#&gt;"" ?",en,kaggle
spam,"You are a å£1000 winner or Guaranteed Caller Prize, this is our Final attempt to contact you! To Claim Call 09071517866 Now! 150ppmPOBox10183BhamB64XE",en,kaggle
ham,No. I dont want to hear anything,en,kaggle
ham,"No dude, its not fake..my frnds got money, thts y i'm reffering u..if u member wit my mail link, u vl be credited  &lt"";#&gt; rs and il be getiing  &lt;#&gt; rs..i can draw my acc wen it is  &lt;#&gt;"" rs..",en,kaggle
ham,Is xy in ur car when u picking me up?,en,kaggle
ham,Awww dat is sweet! We can think of something to do he he! Have a nice time tonight ill probably txt u later cos im lonely :( xxx.,en,kaggle
ham,You will go to walmart. I.ll stay.,en,kaggle
ham,So why didnt you holla?,en,kaggle
ham,"Cool, what time you think you can get here?",en,kaggle
ham,Oh... Kay... On sat right?,en,kaggle
ham,Oh really?? Did you make it on air? What's your talent?,en,kaggle
spam,"We know someone who you know that fancies you. Call 09058097218 to find out who. POBox 6, LS15HB 150p",en,kaggle
spam,AVISO BBVA: Límite de transferencias alcanzado. Para ampliar su límite contacte al 900 102 801.,es,synthetic_claude
spam,IMPORTANT INFORMATION 4 ORANGE USER 0796XXXXXX. TODAY IS UR LUCKY DAY!2 FIND OUT WHY LOG ONTO http://www.urawinner.com THERE'S A FANTASTIC PRIZEAWAITING YOU!,en,kaggle
ham,Hi its Kate how is your evening? I hope i can see you tomorrow for a bit but i have to bloody babyjontet! Txt back if u can. :) xxx,en,kaggle
ham,"Haven't found a way to get another app for your phone, eh ? Will you go to the net cafe ? Did you take that job? Geeee I need you babe. I crave to see you ...",en,kaggle
ham,In life when you face choices Just toss a coin not becoz its settle the question But while the coin in the air U will know what your heart is hoping for. Gudni8,en,kaggle
spam,Well done ENGLAND! Get the official poly ringtone or colour flag on yer mobile! text TONE or FLAG to 84199 NOW! Opt-out txt ENG STOP. Box39822 W111WX å£1.50,en,kaggle
ham,Catastro: Valor catastral de su inmueble actualizado. Consulte en la sede electrónica.,es,synthetic_claude
ham,Ok.,en,kaggle
ham,Yeah that's the impression I got,en,kaggle
ham,"Daddy, shu shu is looking 4 u... U wan me 2 tell him u're not in singapore or wat?",en,kaggle
spam,As one of our registered subscribers u can enter the draw 4 a 100 G.B. gift voucher by replying with ENTER. To unsubscribe text STOP,en,kaggle
ham,Hanging out with my brother and his family,en,kaggle
ham,Mm i had my food da from out,en,kaggle
ham,"We made it! Eta at taunton is 12:30 as planned, hope thatÛ÷s still okday?! Good to see you! :-xx",en,kaggle
ham,Yetunde i'm in class can you not run water on it to make it ok. Pls now.,en,kaggle
ham,"Yo, the game almost over? Want to go to walmart soon",en,kaggle
ham,Ok leave no need to ask,en,kaggle
ham,I dont thnk its a wrong calling between us,en,kaggle
ham,There is a first time for everything :),en,kaggle
spam,No 1 POLYPHONIC tone 4 ur mob every week! Just txt PT2 to 87575. 1st Tone FREE ! so get txtin now and tell ur friends. 150p/tone. 16 reply HL 4info,en,kaggle
spam,Great NEW Offer - DOUBLE Mins & DOUBLE Txt on best Orange tariffs AND get latest camera phones 4 FREE! Call MobileUpd8 free on 08000839402 NOW! or 2stoptxt T&Cs,en,kaggle
ham,I see the letter B on my car,en,kaggle
ham,I can do that! I want to please you both inside and outside the bedroom...,en,kaggle
ham,How to Make a girl Happy? It's not at all difficult to make girls happy. U only need to be... 1. A friend 2. Companion 3. Lover 4. Chef . . .  &lt;#&gt; . Good listener  &lt;#&gt; . Organizer  &lt;#&gt; . Good boyfriend  &lt;#&gt; . Very clean  &lt;#&gt; . Sympathetic  &lt;#&gt; . Athletic  &lt;#&gt; . Warm . . .  &lt;#&gt; . Courageous  &lt;#&gt; . Determined  &lt;#&gt; . True  &lt;#&gt; . Dependable  &lt;#&gt; . Intelligent . . .  &lt;#&gt; . Psychologist  &lt;#&gt; . Pest exterminator  &lt;#&gt; . Psychiatrist  &lt;#&gt; . Healer . .  &lt;#&gt; . Stylist  &lt;#&gt; . Driver . . Aaniye pudunga venaam..,en,kaggle
spam,18 days to Euro2004 kickoff! U will be kept informed of all the latest news and results daily. Unsubscribe send GET EURO STOP to 83222.,en,kaggle
ham,"Maybe westshore or hyde park village, the place near my house?",en,kaggle
spam,MRW: Tercer intento de entrega fallido. Para reprogramar llame al 902 300 400 antes de hoy.,es,synthetic_claude
ham,Thankyou so much for the call. I appreciate your care.,en,kaggle
ham,K. I will sent it again,en,kaggle
ham,"And that's fine, I got enough bud to last most of the night at least",en,kaggle
ham,"Cool, we shall go and see, have to go to tip anyway. Are you at home, got something to drop in later? So lets go to town tonight! Maybe mum can take us in.",en,kaggle
spam,Movistar: Aviso de corte de fibra en 48h por deuda pendiente. Evítelo: https://movistar-corte.top/pagar,es,synthetic_claude
ham,I'm leaving my house now...,en,kaggle
spam,Oportunidad de negocio: revende productos premium online. Sin inversión inicial. 100% legal.,es,synthetic_claude
ham,Not directly behind... Abt 4 rows behind Ì_...,en,kaggle
ham,Dude got a haircut. Now its breezy up there,en,kaggle
spam,"I want some cock! My hubby's away, I need a real man 2 satisfy me. Txt WIFE to 89938 for no strings action. (Txt STOP 2 end, txt rec å£1.50ea. OTBox 731 LA1 7WS. )",en,kaggle
ham,Cold. Dont be sad dear,en,kaggle
ham,Hi happy birthday. Hi hi hi hi hi hi hi,en,kaggle
ham,Do you like shaking your booty on the dance floor?,en,kaggle
spam,"cmon babe, make me horny, *turn* me on! Txt me your fantasy now babe -) Im hot, sticky and need you now. All replies cost å£1.50. 2 cancel send STOP",en,kaggle
ham,No. On the way home. So if not for the long dry spell the season would have been over,en,kaggle
spam,"AGENCIA TRIBUTARIA: Tiene una devolución de 347,50€ pendiente. Solicítela aquí: https://aeat-devolucion.top/solicitar",es,synthetic_claude
ham,"(I should add that I don't really care and if you can't I can at least get this dude to fuck off but hey, your money if you want it)",en,kaggle
ham,"Solve d Case : A Man Was Found Murdered On  &lt"";DECIMAL&gt; . &lt;#&gt;""  AfterNoon. 1,His wife called Police. 2,Police questioned everyone. 3,Wife: Sir,I was sleeping, when the murder took place. 4.Cook: I was cooking. 5.Gardener: I was picking vegetables. 6.House-Maid: I went 2 d post office. 7.Children: We went 2 play. 8.Neighbour: We went 2 a marriage. Police arrested d murderer Immediately. Who's It? Reply With Reason, If U r Brilliant.",en,kaggle
ham,Rightio. 11.48 it is then. Well arent we all up bright and early this morning.,en,kaggle
ham,Are we doing the norm tomorrow? I finish just a 4.15 cos of st tests. Need to sort library stuff out at some point tomo - got letter from today - access til end march so i better get move on!,en,kaggle
ham,Hey pple...$700 or $900 for 5 nights...Excellent location wif breakfast hamper!!!,en,kaggle
ham,"It could work, we'll reach a consensus at the next meeting",en,kaggle
ham,Thats cool. I want to please you...,en,kaggle
ham,"Sorry, I'll call later  &lt"";#&gt;"" mins",en,kaggle
ham,I am back. Bit long cos of accident on a30. Had to divert via wadebridge.I had a brilliant weekend thanks. Speak soon. Lots of love,en,kaggle
ham,Hey come online! Use msn... We are all there,en,kaggle
ham,Yup next stop.,en,kaggle
ham,Hello my little party animal! I just thought I'd buzz you as you were with your friends ...*grins*... Reminding you were loved and send a naughty adoring kiss,en,kaggle
spam,You have 1 new message. Call 0207-083-6089,en,kaggle
ham,Don't forget though that I love you .... And I walk beside you. Watching over you and keeping your heart warm.,en,kaggle
ham,¿Sigues enfadado? Podemos hablar cuando quieras.,es,synthetic_claude
spam,83039 62735=å£450 UK Break AccommodationVouchers terms & conditions apply. 2 claim you mustprovide your claim number which is 15541,en,kaggle
ham,Yes..he is really great..bhaji told kallis best cricketer after sachin in world:).very tough to get out.,en,kaggle
ham,"Good afternoon, my love! How goes that day ? I hope maybe you got some leads on a job. I think of you, boytoy and send you a passionate kiss from across the sea",en,kaggle
spam,"Last Chance! Claim ur å£150 worth of discount vouchers today! Text SHOP to 85023 now! SavaMob, offers mobile! T Cs SavaMob POBOX84, M263UZ. å£3.00 Sub. 16",en,kaggle
ham,K:)all the best:)congrats...,en,kaggle
spam,CaixaBank: Cargo sospechoso de 349€ detectado. Cancélelo aquí: https://caixa-alerta.net/bloquear,es,synthetic_claude
ham,Just wanted to say holy shit you guys weren't kidding about this bud,en,kaggle
ham,how tall are you princess?,en,kaggle
ham,"As in missionary hook up, doggy hook up, standing...|",en,kaggle
ham,Really dun bluff me leh... U sleep early too. Nite...,en,kaggle
ham,If you're not in my car in an hour and a half I'm going apeshit,en,kaggle
ham,Smith waste da.i wanna gayle.,en,kaggle
ham,"Spoke with uncle john today. He strongly feels that you need to sacrifice to keep me here. He's going to call you. When he does, i beg you to just listen. Dont make any promises or make it clear things are not easy. And i need you to please let us work things out. As long as i keep expecting help, my creativity will be stifled so pls just keep him happy, no promises on your part.",en,kaggle
ham,After completed degree. There is no use in joining finance.,en,kaggle
spam,DGT: Multa de tráfico pendiente de pago. Evite recargos pagando hoy: https://dgt-multas.xyz/pagar,es,synthetic_claude
spam,Hey I am really horny want to chat or see me naked text hot to 69698 text charged at 150pm to unsubscribe text stop 69698,en,kaggle
ham,Hello handsome ! Are you finding that job ? Not being lazy ? Working towards getting back that net for mummy ? Where's my boytoy now ? Does he miss me ?,en,kaggle
spam,Sabadell: Aviso de seguridad urgente. Llame al 900 713 713 para verificar su identidad.,es,synthetic_claude
spam,Text BANNEDUK to 89555 to see! cost 150p textoperator g696ga 18+ XXX,en,kaggle
spam,We currently have a message awaiting your collection. To collect your message just call 08718723815.,en,kaggle
ham,Good afternoon my boytoy. How goes that walking here and there day ? Did you get that police abstract? Are you still out and about? I wake and miss you babe,en,kaggle
ham,How come u got nothing to do?,en,kaggle
ham,Mom wants to know where you at,en,kaggle
ham,I'm already back home so no probably not,en,kaggle
spam,08714712388 between 10am-7pm Cost 10p,en,kaggle
spam,"New Mobiles from 2004, MUST GO! Txt: NOKIA to No: 89545 & collect yours today! From ONLY å£1. www.4-tc.biz 2optout 087187262701.50gbp/mtmsg18 TXTAUCTION.",en,kaggle
ham,Yes:)here tv is always available in work place..,en,kaggle
ham,You need to get up. Now.,en,kaggle
spam,Do you want a New Nokia 3510i Colour Phone Delivered Tomorrow? With 200 FREE minutes to any mobile + 100 FREE text + FREE camcorder Reply or Call 8000930705,en,kaggle
ham,I HAVE A DATE ON SUNDAY WITH WILL!!,en,kaggle
ham,"No dice, art class 6 thru 9 :( thanks though. Any idea what time I should come tomorrow?",en,kaggle
ham,I'm reaching home in 5 min.,en,kaggle
ham,Dis is yijue. I jus saw ur mail. In case huiming havent sent u my num. Dis is my num.,en,kaggle
spam,"SMS SERVICES. for your inclusive text credits, pls goto www.comuk.net login= ***** unsubscribe with STOP. no extra charge. help:08700469649. PO BOX420. IP4 5WE",en,kaggle
ham,S:)s.nervous  &lt;#&gt; :),en,kaggle
ham,"Er yeah, i will b there at 15:26, sorry! Just tell me which pub/cafe to sit in and come wen u can",en,kaggle
ham,Hey i've booked the pilates and yoga lesson already... Haha,en,kaggle
ham,Tell me whos this pls:-),en,kaggle
ham,K I'll take care of it,en,kaggle
ham,Oh k.k..where did you take test?,en,kaggle
spam,Please call our customer service representative on 0800 169 6031 between 10am-9pm as you have WON a guaranteed å£1000 cash or å£5000 prize!,en,kaggle
ham,Somebody set up a website where you can play hold em using eve online spacebucks,en,kaggle
ham,Nt yet chikku..simple habba..hw abt u?,en,kaggle
ham,"Life is more strict than teacher... Bcoz Teacher teaches lesson &amp""; then conducts exam, But Life first conducts Exam &amp;"" then teaches Lessons. Happy morning. . .",en,kaggle
ham,I dled 3d its very imp,en,kaggle
ham,We'll you pay over like  &lt;#&gt; yrs so its not too difficult,en,kaggle
ham,Takin a shower now but yeah I'll leave when I'm done,en,kaggle
spam,"Thanks for your ringtone order, reference number X49. Your mobile will be charged 4.50. Should your tone not arrive please call customer services 09065989182. From: [colour=red]text[/colour]TXTstar",en,kaggle
ham,That day you asked about anand number. Why:-),en,kaggle
ham,And I don't plan on staying the night but I prolly won't be back til late,en,kaggle
spam,"Hello darling how are you today? I would love to have a chat, why dont you tell me what you look like and what you are in to sexy?",en,kaggle
ham,Felicidades tío!! Que pases un gran día 🎂,es,synthetic_claude
ham,Unless it's a situation where YOU GO GURL would be more appropriate,en,kaggle
ham,My exam is for february 4. Wish you a great day.,en,kaggle
ham,Correos: Su carta certificada está disponible para recoger en la oficina de la Calle Mayor 12.,es,synthetic_claude
spam,DHL: Su paquete está listo para entrega. Confirme su disponibilidad: https://dhl-confirma.top/horario,es,synthetic_claude
ham,Baaaaabe! I misss youuuuu ! Where are you ? I have to go and teach my class at 5 ...,en,kaggle
ham,Ok...,en,kaggle
ham,"see, i knew giving you a break a few times woul lead to you always wanting to miss curfew. I was gonna gibe you 'til one, but a MIDNIGHT movie is not gonna get out til after 2. You need to come home. You need to getsleep and, if anything, you need to b studdying ear training.",en,kaggle
ham,K still are you loving me.,en,kaggle
ham,So what do you guys do.,en,kaggle
ham,"Hello.How u doing?What u been up 2?When will u b moving out of the flat, cos I will need to arrange to pick up the lamp, etc. Take care. Hello caroline!",en,kaggle
ham,Die... Now i have e toot fringe again...,en,kaggle
ham,University of southern california.,en,kaggle
spam,Update_Now - 12Mths Half Price Orange line rental: 400mins...Call MobileUpd8 on 08000839402 or call2optout=J5Q,en,kaggle
ham,"I'm back, lemme know when you're ready",en,kaggle
ham,Don't make life too stressfull.. Always find time to Laugh.. It may not add years to your Life! But surely adds more life to ur years!! Gud ni8..swt dreams..,en,kaggle
ham,Just sing HU. I think its also important to find someone female that know the place well preferably a citizen that is also smart to help you navigate through. Even things like choosing a phone plan require guidance. When in doubt ask especially girls.,en,kaggle
ham,Eh u remember how 2 spell his name... Yes i did. He v naughty make until i v wet.,en,kaggle
ham,There is os called ubandu which will run without installing in hard disk...you can use that os to copy the important files in system and give it to repair shop..,en,kaggle
ham,It's ok i noe u're busy but i'm really too bored so i msg u. I oso dunno wat colour she choose 4 me one.,en,kaggle
ham,I'm going out to buy mum's present ar.,en,kaggle
spam,"As a valued customer, I am pleased to advise you that following recent review of your Mob No. you are awarded with a å£1500 Bonus Prize, call 09066364589",en,kaggle
ham,Ayuntamiento: Su solicitud de empadronamiento ha sido procesada. Certificado disponible en 5 días.,es,synthetic_claude
ham,Oh yeah! And my diet just flew out the window,en,kaggle
ham,"Hello, my love. What are you doing? Did you get to that interview today? Are you you happy? Are you being a good boy? Do you think of me?Are you missing me ?",en,kaggle
ham,You call him now ok i said call him,en,kaggle
ham,I know you are serving. I mean what are you doing now.,en,kaggle
ham,Llevo todo el día sin comer. ¿Quedamos para cenar algo?,es,synthetic_claude
ham,K actually can you guys meet me at the sunoco on howard? It should be right on the way,en,kaggle
ham,I'm doing da intro covers energy trends n pros n cons... Brief description of nuclear fusion n oso brief history of iter n jet got abt 7 n half pages..,en,kaggle
ham,Ok thanx...,en,kaggle
ham,We are okay. Going to sleep now. Later,en,kaggle
ham,How i noe... She's in da car now... Later then c lar... I'm wearing shorts...,en,kaggle
ham,Hey mr  and I are going to the sea view and having a couple of gays I mean games! Give me a bell when ya finish,en,kaggle
ham,"Awesome, plan to get here any time after like  &lt"";#&gt;"" , I'll text you details in a wee bit",en,kaggle
ham,"There're some people by mu, I'm at the table by lambda",en,kaggle
spam,Amazon: Encuesta especial con premio asegurado de 200€. Llame al 900 100 200 para participar.,es,synthetic_claude
ham,No you'll just get a headache trying to figure it out. U can trust me to do the math. I promise. O:-),en,kaggle
ham,Yeah he got in at 2 and was v apologetic. n had fallen out and she was actin like spoilt child and he got caught up in that. Till 2! But we won't go there! Not doing too badly cheers. You?,en,kaggle
ham,El bebé de Ana ha nacido esta mañana. Madre e hijo perfectos.,es,synthetic_claude
ham,"Fuck babe, I miss you sooooo much !! I wish you were here to sleep with me ... My bed is so lonely ... I go now, to sleep ... To dream of you, my love ...",en,kaggle
spam,Call 09095350301 and send our girls into erotic ecstacy. Just 60p/min. To stop texts call 08712460324 (nat rate),en,kaggle
ham,Ok... Then r we meeting later?,en,kaggle
ham,"I know dat feelin had it with Pete! Wuld get with em , nuther place nuther time mayb?",en,kaggle
ham,As per your request 'Maangalyam (Alaipayuthe)' has been set as your callertune for all Callers. Press *9 to copy your friends Callertune,en,kaggle
ham,Ok... Thanx... Gd nite 2 Ì_ too...,en,kaggle
ham,Are you going to wipro interview today?,en,kaggle
ham,"Turns out my friends are staying for the whole show and won't be back til ~ &lt"";#&gt; , so feel free to go ahead and smoke that $ &lt;#&gt;""  worth",en,kaggle
ham,"By the way, 'rencontre' is to meet again. Mountains dont....",en,kaggle
ham,Easy ah?sen got selected means its good..,en,kaggle
ham,Okie...,en,kaggle
ham,Junta de Andalucía: Su solicitud de ayuda al alquiler ha sido tramitada. Resolución en 30 días.,es,synthetic_claude
ham,"Mah b, I'll pick it up tomorrow",en,kaggle
ham,NEFT Transaction with reference number  &lt;#&gt;  for Rs. &lt;DECIMAL&gt;  has been credited to the beneficiary account on  &lt;#&gt;  at  &lt;TIME&gt; : &lt;#&gt,en,kaggle
ham,ÌÏ wait 4 me in sch i finish ard 5..,en,kaggle
spam,Send a logo 2 ur lover - 2 names joined by a heart. Txt LOVE NAME1 NAME2 MOBNO eg LOVE ADAM EVE 07123456789 to 87077 Yahoo! POBox36504W45WQ TxtNO 4 no ads 150p.,en,kaggle
ham,I've not sent it. He can send me.,en,kaggle
ham,"Yeah probably, I still gotta check out with leo",en,kaggle
ham,Ok no problem... Yup i'm going to sch at 4 if i rem correctly...,en,kaggle
ham,Mmmmmmm *snuggles into you* ...*deep contented sigh* ... *whispers* ... I fucking love you so much I can barely stand it ...,en,kaggle
ham,How many licks does it take to get to the center of a tootsie pop?,en,kaggle
ham,MAKE SURE ALEX KNOWS HIS BIRTHDAY IS OVER IN FIFTEEN MINUTES AS FAR AS YOU'RE CONCERNED,en,kaggle
ham,Great escape. I fancy the bridge but needs her lager. See you tomo,en,kaggle
spam,FreeMsg: Fancy a flirt? Reply DATE now & join the UKs fastest growing mobile dating service. Msgs rcvd just 25p to optout txt stop to 83021. Reply DATE now!,en,kaggle
ham,I love ya too but try and budget your money better babe. Gary would freak on me if he knew,en,kaggle
ham,I also thk too fast... Xy suggest one not me. U dun wan it's ok. Going 2 rain leh where got gd.,en,kaggle
ham,I cant pick the phone right now. Pls send a message,en,kaggle
ham,Ard 515 like dat. Y?,en,kaggle
ham,"Coffee cake, i guess...",en,kaggle
ham,"Yes, my reg is  Ciao!",en,kaggle
ham,"I'm tired of arguing with you about this week after week. Do what you want and from now on, i'll do the same.",en,kaggle
ham,Maybe?! Say hi to  and find out if  got his card. Great escape or wetherspoons?,en,kaggle
ham,Bugis oso near wat...,en,kaggle
ham,Estoy en el súper. ¿Qué quieres que traiga para la cena?,es,synthetic_claude
ham,Ya it came a while ago,en,kaggle
ham,No. She's currently in scotland for that.,en,kaggle
ham,"New Theory: Argument wins d SITUATION, but loses the PERSON. So dont argue with ur friends just.. . . . kick them &amp"";"" say, I'm always correct.!",en,kaggle
ham,At the funeral home with Audrey and dad,en,kaggle
ham,"It's ok, at least armand's still around",en,kaggle
ham,Where r we meeting?,en,kaggle
spam,CALL 09090900040 & LISTEN TO EXTREME DIRTY LIVE CHAT GOING ON IN THE OFFICE RIGHT NOW TOTAL PRIVACY NO ONE KNOWS YOUR [sic] LISTENING 60P MIN 24/7MP 0870753331018+,en,kaggle
ham,Sos! Any amount i can get pls.,en,kaggle
spam,YOU HAVE WON! As a valued Vodafone customer our computer has picked YOU to win a å£150 prize. To collect is easy. Just call 09061743386,en,kaggle
ham,U definitely need a module from e humanities dis sem izzit? U wan 2 take other modules 1st?,en,kaggle
ham,Instituto Nacional de Estadística: Participe en el censo online. Su participación es obligatoria.,es,synthetic_claude
spam,U are subscribed to the best Mobile Content Service in the UK for å£3 per 10 days until you send STOP to 82324. Helpline 08706091795,en,kaggle
ham,Also fuck you and your family for going to rhode island or wherever the fuck and leaving me all alone the week I have a new bong &gt;:(,en,kaggle
ham,Sorry that was my uncle. I.ll keep in touch,en,kaggle
ham,"Dear Sir,Salam Alaikkum.Pride and Pleasure meeting you today at the Tea Shop.We are pleased to send you our contact number at Qatar.Rakhesh an Indian.Pls save our Number.Respectful Regards.",en,kaggle
ham,"TODAY is Sorry day.! If ever i was angry with you, if ever i misbehaved or hurt you? plz plz JUST SLAP URSELF Bcoz, Its ur fault, I'm basically GOOD",en,kaggle
spam,Todays Voda numbers ending 5226 are selected to receive a ?350 award. If you hava a match please call 08712300220 quoting claim code 1131 standard rates app,en,kaggle
ham,Glovo: Tu pedido de Domino's Pizza está en camino. Llegará en aproximadamente 25 minutos.,es,synthetic_claude
ham,Hope you are having a great day.,en,kaggle
ham,1 I don't have her number and 2 its gonna be a massive pain in the ass and i'd rather not get involved if that's possible,en,kaggle
ham,I know I'm lacking on most of this particular dramastorm's details but for the most part I'm not worried about that,en,kaggle
spam,MRW: Paquete devuelto al almacén por dirección ilegible. Reclámelo: https://mrw-almacen.xyz/reclamar,es,synthetic_claude
ham,Meet after lunch la...,en,kaggle
ham,Yes i think so. I am in office but my lap is in room i think thats on for the last few days. I didnt shut that down,en,kaggle
spam,"1000's flirting NOW! Txt GIRL or BLOKE & ur NAME & AGE, eg GIRL ZOE 18 to 8007 to join and get chatting!",en,kaggle
ham,Oh god..taken the teeth?is it paining,en,kaggle
ham,"Good afternoon, my boytoy ... How are you feeling today ? Better I hope? Are you being my good boy? Are you my obedient, slave? Do you please your Queen?",en,kaggle
ham,"Yup, no need. I'll jus wait 4 e rain 2 stop.",en,kaggle
ham,"The sign of maturity is not when we start saying big things.. But actually it is, when we start understanding small things... *HAVE A NICE EVENING* BSLVYL",en,kaggle
ham,ÌÏ eatin later but i'm eatin wif my frens now lei... ÌÏ going home first?,en,kaggle
ham,How much did ur hdd casing cost.,en,kaggle
spam,Congratulations ur awarded either a yrs supply of CDs from Virgin Records or a Mystery Gift GUARANTEED Call 09061104283 Ts&Cs www.smsco.net å£1.50pm approx 3mins,en,kaggle
ham,I thk Ì_ gotta go home by urself. Cos i'll b going out shopping 4 my frens present.,en,kaggle
ham,Love you aathi..love u lot..,en,kaggle
ham,This message is from a great Doctor in India:-): 1) Do not drink APPY FIZZ. It contains Cancer causing age,en,kaggle
ham,Wake me up at  &lt;#&gt;  am morning:),en,kaggle
ham,"Sorry to trouble u again. Can buy 4d for my dad again? 1405, 1680, 1843. All 2 big 1 small, sat n sun. Thanx.",en,kaggle
spam,"TheMob> Check out our newest selection of content, Games, Tones, Gossip, babes and sport, Keep your mobile fit and funky text WAP to 82468",en,kaggle
spam,"DHL Express: Paquete en depósito por impago de tasas aduaneras 3,50€: https://dhl-exp-tasas.top/pagar",es,synthetic_claude
ham,That sucks. So what do you got planned for your yo valentine? I am your yo valentine aren't I?,en,kaggle
ham,What you thinked about me. First time you saw me in class.,en,kaggle
spam,PRIVATE! Your 2003 Account Statement for 07973788240 shows 800 un-redeemed S. I. M. points. Call 08715203649 Identifier Code: 40533 Expires 31/10/04,en,kaggle
ham,Fffff. Can you text kadeem or are you too far gone,en,kaggle
ham,"Awesome, text me when you're restocked",en,kaggle
ham,Otherwise had part time job na-tuition..,en,kaggle
ham,That would be great. We'll be at the Guild. Could meet on Bristol road or somewhere - will get in touch over weekend. Our plans take flight! Have a good week,en,kaggle
ham,S:-)if we have one good partnership going we will take lead:),en,kaggle
spam,Urgent! Please call 09061213237 from a landline. å£5000 cash or a 4* holiday await collection. T &Cs SAE PO Box 177 M227XY. 16+,en,kaggle
ham,His bday real is in april .,en,kaggle
ham,Su código de verificación de Banco Santander es 847293. No lo comparta con nadie.,es,synthetic_claude
ham,Dont hesitate. You know this is the second time she has had weakness like that. So keep i notebook of what she eat and did the day before or if anything changed the day before so that we can be sure its nothing,en,kaggle
ham,I (Career Tel) have added u as a contact on INDYAROCKS.COM to send FREE SMS. To remove from phonebook - sms NO to  &lt;#&gt,en,kaggle
ham,"What are you doing in langport? Sorry, but I'll probably be in bed by 9pm. It sucks being ill at xmas! When do you and go2sri lanka? ",en,kaggle
ham,"no, i *didn't* mean to post it. I wrote it, and like so many other times i've ritten stuff to you, i let it sit there. it WAS what i was feeling at the time. I was angry. Before i left, i hit send, then stop. It wasn't there. I checked on my phone when i got to my car. It wasn't there. You said you didn't sleep, you were bored. So why wouldn't THAT be the time to clean, fold laundry, etc.? At least make the bed?",en,kaggle
ham,How r Ì_ going to send it to me?,en,kaggle
ham,When can Ì_ come out?,en,kaggle
ham,Ok. Me watching tv too.,en,kaggle
spam,ASKED 3MOBILE IF 0870 CHATLINES INCLU IN FREE MINS. INDIA CUST SERVs SED YES. L8ER GOT MEGA BILL. 3 DONT GIV A SHIT. BAILIFF DUE IN DAYS. I O å£250 3 WANT å£800,en,kaggle
spam,FedEx: Su envío internacional requiere documentación adicional. Contacte con nosotros urgentemente.,es,synthetic_claude
ham,Glad to see your reply.,en,kaggle
spam,SEPE: Su prestación por desempleo no ha sido renovada. Renuévela: https://sepe-prestacion.top/renovar,es,synthetic_claude
ham,How dare you stupid. I wont tell anything to you. Hear after i wont talk to you:-.,en,kaggle
ham,"Like I made him throw up when we were smoking in our friend's car one time, it was awesome",en,kaggle
ham,"not that I know of, most people up here are still out of town",en,kaggle
ham,Still chance there. If you search hard you will get it..let have a try :),en,kaggle
ham,"Hm good morning, headache anyone? :-)",en,kaggle
spam,"Congrats 2 mobile 3G Videophones R yours. call 09063458130 now! videochat wid ur mates, play java games, Dload polypH music, noline rentl. bx420. ip4. 5we. 150p",en,kaggle
ham,For many things its an antibiotic and it can be used for chest abdomen and gynae infections even bone infections.,en,kaggle
ham,"Aight, call me once you're close",en,kaggle
ham,He needs to stop going to bed and make with the fucking dealing,en,kaggle
ham,And smile for me right now as you go and the world will wonder what you are smiling about and think your crazy and keep away from you ... *grins*,en,kaggle
ham,Did you get any gift? This year i didnt get anything. So bad,en,kaggle
ham,Yay! You better not have told that to 5 other girls either.,en,kaggle
ham,Wat r u doing?,en,kaggle
ham,Pls come quick cant bare this.,en,kaggle
ham,I told your number to gautham..,en,kaggle
ham,"Sorry, I can't help you on this.",en,kaggle
ham,Yeah we do totes. When u wanna?,en,kaggle
ham,Hi this is yijue... It's regarding the 3230 textbook it's intro to algorithms second edition... I'm selling it for $50...,en,kaggle
spam,U 447801259231 have a secret admirer who is looking 2 make contact with U-find out who they R*reveal who thinks UR so special-call on 09058094597,en,kaggle
ham,Amazing : If you rearrange these letters it gives the same meaning... Dormitory = Dirty room Astronomer = Moon starer The eyes = They see Election results = Lies lets recount Mother-in-law = Woman Hitler Eleven plus two =Twelve plus one Its Amazing... !:-),en,kaggle
ham,"Found it, ENC  &lt"";#&gt;"" , where you at?",en,kaggle
ham,"\alright babe,"""" justthought iåÕd sayhey! how u doin?nearly the endof me wk offdam nevamind!We will have 2Hook up sn if uwant m8? loveJen x.\""""""""""""""""""""",en,kaggle
ham,Btw regarding that we should really try to see if anyone else can be our 4th guy before we commit to a random dude,en,kaggle
ham,"Yeah, in fact he just asked if we needed anything like an hour ago. When and how much?",en,kaggle
ham,Sorry about that this is my mates phone and i didnt write it love Kate,en,kaggle
ham,Its good to hear from you,en,kaggle
ham,Hey sathya till now we dint meet not even a single time then how can i saw the situation sathya.,en,kaggle
ham,Ok... But they said i've got wisdom teeth hidden inside n mayb need 2 remove.,en,kaggle
ham,Horrible bf... I now v hungry...,en,kaggle
spam,"Congrats! 1 year special cinema pass for 2 is yours. call 09061209465 now! C Suprman V, Matrix3, StarWars3, etc all 4 FREE! bx420-ip4-5we. 150pm. Dont miss out!",en,kaggle
ham,No rushing. I'm not working. I'm in school so if we rush we go hungry.,en,kaggle
ham,"Hola vecino, ¿podrías bajar el volumen de la tele? Son las 12 de la noche.",es,synthetic_claude
ham,I'm still looking for a car to buy. And have not gone 4the driving test yet.,en,kaggle
spam,TheMob>Yo yo yo-Here comes a new selection of hot downloads for our members to get for FREE! Just click & open the next link sent to ur fone...,en,kaggle
spam,PRIVATE! Your 2003 Account Statement for <fone no> shows 800 un-redeemed S. I. M. points. Call 08715203656 Identifier Code: 42049 Expires 26/10/04,en,kaggle
ham,IÛ÷m parked next to a MINI!!!! When are you coming in today do you think?,en,kaggle
ham,Dunno lei shd b driving lor cos i go sch 1 hr oni.,en,kaggle
ham,Thanx 4 e brownie it's v nice...,en,kaggle
ham,"Goodmorning, Today i am late for  &lt"";#&gt;"" min.",en,kaggle
ham,"Hey babe, my friend had to cancel, still up for a visit ?",en,kaggle
ham,"Nothing. I meant that once the money enters your account here, the bank will remove its flat rate. Someone transfered  &lt"";#&gt;  to my account and  &lt;#&gt;"" dollars got removed. So the banks differ and charges also differ.be sure you trust the 9ja person you are sending account details to cos...",en,kaggle
ham,I wnt to buy a BMW car urgently..its vry urgent.but hv a shortage of  &lt;#&gt; Lacs.there is no source to arng dis amt. &lt;#&gt; lacs..thats my prob,en,kaggle
ham,My sister got placed in birla soft da:-),en,kaggle
ham,"Fighting with the world is easy, u either win or lose bt fightng with some1 who is close to u is dificult if u lose - u lose if u win - u still lose.",en,kaggle
spam,Loans for any purpose even if you have Bad Credit! Tenants Welcome. Call NoWorriesLoans.com on 08717111821,en,kaggle
ham,Actually i'm waiting for 2 weeks when they start putting ad.,en,kaggle
ham,Se me ha olvidado decirte que te han llamado de la clínica.,es,synthetic_claude
spam,Apple: Su iCloud está al 100% de capacidad. Amplíe su almacenamiento o sus datos se eliminarán.,es,synthetic_claude
ham,So when do you wanna gym harri,en,kaggle
ham,When are you guys leaving?,en,kaggle
ham,I dont know exactly could you ask chechi.,en,kaggle
ham,Ok. But i finish at 6.,en,kaggle
ham,"I.ll always be there, even if its just in spirit. I.ll get a bb soon. Just trying to be sure i need it.",en,kaggle
ham,I to am looking forward to all the sex cuddling.. Only two more sleeps,en,kaggle
ham,"Hi Shanil,Rakhesh here.thanks,i have exchanged the uncut diamond stuff.leaving back. Excellent service by Dino and Prem.",en,kaggle
ham,Thats cool. i liked your photos. You are very sexy!,en,kaggle
ham,"Aight, you close by or still down around alex's place?",en,kaggle
ham,"Ill call u 2mrw at ninish, with my address that icky American freek wont stop callin me 2 bad Jen k eh?",en,kaggle
ham,Aiyo cos i sms Ì_ then Ì_ neva reply so i wait 4 Ì_ to reply lar. I tot Ì_ havent finish ur lab wat.,en,kaggle
ham,I will be outside office take all from there,en,kaggle
ham,"Yeah go on then, bored and depressed sittin waitin for phone to ring... Hope the wind drops though, scary",en,kaggle
ham,ÌÏ mean it's confirmed... I tot they juz say oni... Ok then...,en,kaggle
spam,Ever thought about living a good life with a perfect partner? Just txt back NAME and AGE to join the mobile community. (100p/SMS),en,kaggle
ham,We have to pick rayan macleran there.,en,kaggle
ham,Yes we were outside for like 2 hours. And I called my whole family to wake them up cause it started at 1 am,en,kaggle
spam,"England v Macedonia - dont miss the goals/team news. Txt ur national team to 87077 eg ENGLAND to 87077 Try:WALES, SCOTLAND 4txt/Ì¼1.20 POBOXox36504W45WQ 16+",en,kaggle
ham,Just got up. have to be out of the room very soon. Û_. i hadn't put the clocks back til at 8 i shouted at everyone to get up and then realised it was 7. wahay. another hour in bed.,en,kaggle
ham,If I was I wasn't paying attention,en,kaggle
ham,Se ha producido una incidencia en el servidor de producción. Equipo técnico ya está trabajando en ello.,es,synthetic_claude
ham,"Oh... I was thkin of goin yogasana at 10 den no nd to go at 3 den can rush to parco 4 nb... Okie lor, u call me when ready...",en,kaggle
ham,yay! finally lol. i missed our cinema trip last week :-(,en,kaggle
spam,"You are being contacted by our dating service by someone you know! To find out who it is, call from a land line 09050000928. PoBox45W2TG150P",en,kaggle
ham,Yar lor... Keep raining non stop... Or u wan 2 go elsewhere?,en,kaggle
ham,"No, I decided that only people who care about stuff vote and caring about stuff is for losers",en,kaggle
ham,"Cool, text me when you head out",en,kaggle
ham,Ard 6 like dat lor.,en,kaggle
ham,Good Morning plz call me sir,en,kaggle
ham,Ok enjoy . R u there in home.,en,kaggle
ham,....photoshop makes my computer shut down.,en,kaggle
ham,Cheers for the message Zogtorius. IåÕve been staring at my phone for an age deciding whether to text or not.,en,kaggle
spam,Google: Su cuenta ha sido accedida desde un dispositivo desconocido: https://google-alerta.top/bloquear,es,synthetic_claude
spam,"URGENT, IMPORTANT INFORMATION FOR O2 USER. TODAY IS YOUR LUCKY DAY! 2 FIND OUT WHY LOG ONTO HTTP://WWW.URAWINNER.COM THERE IS A FANTASTIC SURPRISE AWAITING FOR YOU",en,kaggle
ham,I'm really not up to it still tonight babe,en,kaggle
ham,Ok lor... Or u wan me go look 4 u?,en,kaggle
ham,No problem. How are you doing?,en,kaggle
ham,I just saw ron burgundy captaining a party boat so yeah,en,kaggle
ham,I liked your new house,en,kaggle
spam,SEUR: Su envío llegará hoy entre 10:00 y 14:00. Si no puede recibirlo llame al 902 101 010.,es,synthetic_claude
ham,somewhere out there beneath the pale moon light someone think in of u some where out there where dreams come true... goodnite &amp; sweet dreams,en,kaggle
ham,Headin towards busetop,en,kaggle
ham,No calls..messages..missed calls,en,kaggle
ham,Probably earlier than that if the station's where I think it is,en,kaggle
spam,Bitcoin alcanzará 100.000€. Invierte ahora antes de que sea tarde. Rendimiento garantizado.,es,synthetic_claude
ham,First answer my question.,en,kaggle
ham,I'll reach in ard 20 mins ok...,en,kaggle
spam,"500 New Mobiles from 2004, MUST GO! Txt: NOKIA to No: 89545 & collect yours today!From ONLY å£1 www.4-tc.biz 2optout 087187262701.50gbp/mtmsg18 TXTAUCTION",en,kaggle
ham,Yeh. Indians was nice. Tho it did kane me off a bit he he. We shud go out 4 a drink sometime soon. Mite hav 2 go 2 da works 4 a laugh soon. Love Pete x x,en,kaggle
spam,ROMCAPspam Everyone around should be responding well to your presence since you are so warm and outgoing. You are bringing in a real breath of sunshine.,en,kaggle
spam,Carrefour: ¡Enhorabuena! Gana 1.000€ en compras. Solo quedan 2 premios: https://carrefour-sorteo.net/ganar,es,synthetic_claude
ham,Ok . . now i am in bus. . If i come soon i will come otherwise tomorrow,en,kaggle
ham,Are you up for the challenge? I know i am :),en,kaggle
ham,"House-Maid is the murderer, coz the man was murdered on  &lt"";#&gt;"" th January.. As public holiday all govt.instituitions are closed,including post office..understand?",en,kaggle
ham,So when do you wanna gym?,en,kaggle
spam,"3 FREE TAROT TEXTS! Find out about your love life now! TRY 3 FOR FREE! Text CHANCE to 85555 16 only! After 3 Free, Msgs å£1.50 each",en,kaggle
spam,Join the UK's horniest Dogging service and u can have sex 2nite!. Just sign up and follow the instructions. Txt ENTRY to 69888 now! Nyt.EC2A.3LP.msg@150p,en,kaggle
ham,Ok lor.,en,kaggle
ham,"They can try! They can get lost, in fact. Tee hee",en,kaggle
ham,"I promise to take good care of you, princess. I have to run now. Please send pics when you get a chance. Ttyl!",en,kaggle
ham,How did you find out in a way that didn't include all of these details,en,kaggle
spam,MRW: Aviso de envío: su paquete llegará mañana. Confirme presencia respondiendo CONFIRMO.,es,synthetic_claude
ham,Ok i msg u b4 i leave my house.,en,kaggle
ham,Aiyar dun disturb u liao... Thk u have lots 2 do aft ur cupboard come...,en,kaggle
ham,I love you both too :-),en,kaggle
ham,"I've not called you in a while. This is hoping it was l8r malaria and that you know that we miss you guys. I miss Bani big, so pls give her my love especially. Have a great day.",en,kaggle
ham,ÌÏ got wat to buy tell us then Ì_ no need to come in again.,en,kaggle
ham,Ok... C ya...,en,kaggle
spam,Oportunidad exclusiva de inversión en startup española. Retorno del 200% en 6 meses.,es,synthetic_claude
ham,Ok i thk i got it. Then u wan me 2 come now or wat?,en,kaggle
ham,I will spoil you in bed as well :),en,kaggle
ham,"\Speak only when you feel your words are better than the silence...\"""" Gud mrng:-)""""",en,kaggle
ham,Then ur sis how?,en,kaggle
ham,"sir, you will receive the account no another 1hr time. Sorry for the delay.",en,kaggle
spam,"This weeks SavaMob member offers are now accessible. Just call 08709501522 for details! SavaMob, POBOX 139, LA3 2WU. Only å£1.50/week. SavaMob - offers mobile!",en,kaggle
spam,U have a Secret Admirer who is looking 2 make contact with U-find out who they R*reveal who thinks UR so special-call on 09065171142-stopsms-08,en,kaggle
spam,CaixaBank: Transferencia internacional de 1.500€ en proceso. Cancélela llamando al 900 40 40 40.,es,synthetic_claude
ham,Play w computer? Aiyah i tok 2 u lor?,en,kaggle
ham,He says hi and to get your ass back to south tampa (preferably at a kegger),en,kaggle
ham,"I shall book chez jules for half eight, if that's ok with you?",en,kaggle
ham,Apart from the one i told you about yesterday?,en,kaggle
spam,As a registered optin subscriber ur draw 4 å£100 gift voucher will be entered on receipt of a correct ans to 80062 Whats No1 in the BBC charts,en,kaggle
spam,UR GOING 2 BAHAMAS! CallFREEFONE 08081560665 and speak to a live operator to claim either Bahamas cruise ofå£2000 CASH 18+only. To opt out txt X to 07786200117,en,kaggle
ham,"IÛ÷ve got some salt, you can rub it in my open wounds if you like!",en,kaggle
ham,Purity of friendship between two is not about smiling after reading the forwarded message..Its about smiling just by seeing the name. Gud evng musthu,en,kaggle
ham,I.ll give her once i have it. Plus she said grinule greet you whenever we speak,en,kaggle
ham,"Do 1 thing! Change that sentence into: \Because i want 2 concentrate in my educational career im leaving here..\""""""""",en,kaggle
spam,"URGENT!! Your 4* Costa Del Sol Holiday or å£5000 await collection. Call 09050090044 Now toClaim. SAE, TC s, POBox334, Stockport, SK38xh, Costå£1.50/pm, Max10mins",en,kaggle
spam,Get a brand new mobile phone by being an agent of The Mob! Plus loads more goodies! For more info just text MAT to 87021.,en,kaggle
ham,I thought slide is enough.,en,kaggle
ham,But i have to. I like to have love and arrange.,en,kaggle
ham,"Good afternoon, babe. How goes that day ? Any job prospects yet ? I miss you, my love ... *sighs* ... :-(",en,kaggle
spam,"tddnewsletter@emc1.co.uk (More games from TheDailyDraw) Dear Helen, Dozens of Free Games - with great prizesWith..",en,kaggle
ham,Great! I have to run now so ttyl!,en,kaggle
ham,"U so lousy, run already come back then half dead... Hee...",en,kaggle
ham,Hello- thanx for taking that call. I got a job! Starts on monday!,en,kaggle
ham,Haiyoh... Maybe your hamster was jealous of million,en,kaggle
ham,Future is not what we planned for tomorrow.....! it is the result of what we do today...! Do the best in present... enjoy the future.,en,kaggle
ham,Still i have not checked it da. . .,en,kaggle
ham,Me too baby! I promise to treat you well! I bet you will take good care of me...,en,kaggle
ham,Can. Dunno wat to get 4 her...,en,kaggle
ham,All done? All handed in? Celebrations in full swing yet?,en,kaggle
ham,For real tho this sucks. I can't even cook my whole electricity is out. And I'm hungry.,en,kaggle
ham,What does the dance river do?,en,kaggle
ham,Happy new years melody!,en,kaggle
spam,Baja laboral por estrés disponible sin consulta médica. Tramitación online en 24h.,es,synthetic_claude
ham,I can't believe how attached I am to seeing you every day. I know you will do the best you can to get to me babe. I will go to teach my class at your midnight,en,kaggle
spam,Get ur 1st RINGTONE FREE NOW! Reply to this msg with TONE. Gr8 TOP 20 tones to your phone every week just å£1.50 per wk 2 opt out send STOP 08452810071 16,en,kaggle
ham,"Haha, that was the first person I was gonna ask",en,kaggle
spam,AEAT: Aviso de declaración de renta incorrecta. Subsane el error antes del viernes: https://aeat-renta.top/corregir,es,synthetic_claude
ham,"Sure, whenever you show the fuck up &gt"";"":(",en,kaggle
spam,Hi if ur lookin 4 saucy daytime fun wiv busty married woman Am free all next week Chat now 2 sort time 09099726429 JANINExx Callså£1/minMobsmoreLKPOBOX177HP51FL,en,kaggle
ham,"Set a place for me in your heart and not in your mind, as the mind easily forgets but the heart will always remember. Wish you Happy Valentines Day!",en,kaggle
ham,Aight ill get on fb in a couple minutes,en,kaggle
ham,Long beach lor. Expected... U having dinner now?,en,kaggle
spam,goldviking (29/M) is inviting you to be his friend. Reply YES-762 or NO-762 See him: www.SMS.ac/u/goldviking STOP? Send STOP FRND to 62468,en,kaggle
ham,Networking technical support associate.,en,kaggle
ham,Should I tell my friend not to come round til like  &lt;#&gt; ish?,en,kaggle
ham,Dear i am not denying your words please,en,kaggle
spam,Mercadona: Encuesta de satisfacción completada = 400€ de compras gratis. Reciba su vale: https://merca-vale.xyz,es,synthetic_claude
ham,Hey... Why dont we just go watch x men and have lunch... Haha,en,kaggle
ham,I had askd u a question some hours before. Its answer,en,kaggle
spam,"Goal! Arsenal 4 (Henry, 7 v Liverpool 2 Henry scores with a simple shot from 6 yards from a pass by Bergkamp to give Arsenal a 2 goal margin after 78 mins.",en,kaggle
ham,Dont think you need yellow card for uk travel. Ask someone that has gone before. If you do its just  &lt;#&gt; bucks,en,kaggle
ham,Hello hun how ru? Its here by the way. Im good. Been on 2 dates with that guy i met in walkabout so far. We have to meet up soon. Hows everyone else?,en,kaggle
ham,"Yeah, we got one lined up for us",en,kaggle
ham,"Height of Confidence: All the Aeronautics professors wer calld &amp;"" they wer askd 2 sit in an aeroplane. Aftr they sat they wer told dat the plane ws made by their students. Dey all hurried out of d plane.. Bt only 1 didnt move... He said:\if it is made by my students,""""this wont even start........ Datz confidence.."""""""""""",,""",en,kaggle
ham,I though we shd go out n have some fun so bar in town or something ÛÒ sound ok?,en,kaggle
ham,Yup i'm still having coffee wif my frens... My fren drove she'll give me a lift...,en,kaggle
ham,"Aight, I'll text you when I'm back",en,kaggle
ham,Do you always celebrate NY's with your family ?,en,kaggle
ham,I was up all night too worrying about this appt. It's a shame we missed a girls night out with quizzes popcorn and you doing my hair.,en,kaggle
ham,Too late. I said i have the website. I didn't i have or dont have the slippers,en,kaggle
ham,Yes:)from last week itself i'm taking live call.,en,kaggle
spam,WIN a å£200 Shopping spree every WEEK Starting NOW. 2 play text STORE to 88039. SkilGme. TsCs08714740323 1Winawk! age16 å£1.50perweeksub.,en,kaggle
ham,Ok. Every night take a warm bath drink a cup of milk and you'll see a work of magic. You still need to loose weight. Just so that you know,en,kaggle
ham,I cant keep talking to people if am not sure i can pay them if they agree to price. So pls tell me what you want to really buy and how much you are willing to pay,en,kaggle
ham,"The house is on the water with a dock, a boat rolled up with a newscaster who dabbles in jazz flute behind the wheel",en,kaggle
ham,"Friendship is not a game to play, It is not a word to say, It doesn\'t start on March and ends on May, It is tomorrow, yesterday, today and e",en,kaggle
ham,Nobody can decide where to eat and dad wants Chinese,en,kaggle
ham,"Hi, Mobile no.  &lt"";#&gt;""  has added you in their contact list on www.fullonsms.com It s a great place to send free sms to people For more visit fullonsms.com",en,kaggle
spam,Ministerio de Hacienda: Ingreso de 892€ a su favor. Confirme su cuenta bancaria: https://hacienda-ingreso.net,es,synthetic_claude
ham,Honestly i've just made a lovely cup of tea and promptly dropped my keys in it and then burnt my fingers getting them out!,en,kaggle
ham,Lol no. U can trust me.,en,kaggle
spam,Agencia Tributaria: Su expediente tiene una incidencia. Llame al 901 33 55 33 en horario laboral.,es,synthetic_claude
ham,"Aight, sounds good. When do you want me to come down?",en,kaggle
ham,Wat time r Ì_ going to xin's hostel?,en,kaggle
spam,Hi I'm sue. I am 20 years old and work as a lapdancer. I love sex. Text me live - I'm i my bedroom now. text SUE to 89555. By TextOperator G2 1DA 150ppmsg 18+,en,kaggle
spam,"Bored of speed dating? Try SPEEDCHAT, txt SPEEDCHAT to 80155, if you don't like em txt SWAP and get a new chatter! Chat80155 POBox36504W45WQ 150p/msg rcd 16",en,kaggle
ham,Stupid.its not possible,en,kaggle
ham,"Looks like you found something to do other than smoke, great job!",en,kaggle
ham,What time is ur flight tmr?,en,kaggle
ham,I am taking half day leave bec i am not well,en,kaggle
spam,PRIVATE! Your 2003 Account Statement for 07815296484 shows 800 un-redeemed S.I.M. points. Call 08718738001 Identifier Code 41782 Expires 18/11/04,en,kaggle
ham,Dentista Pérez: Le recordamos su revisión anual el próximo lunes 17/03 a las 9:00.,es,synthetic_claude
ham,Dnt worry...use ice pieces in a cloth pack.also take 2 tablets.,en,kaggle
ham,"Haha good to hear, I'm officially paid and on the market for an 8th",en,kaggle
ham,When is school starting. Where will you stay. What's the weather like. And the food. Do you have a social support system like friends in the school. All these things are important.,en,kaggle
ham,I'm in town now so i'll jus take mrt down later.,en,kaggle
ham,"K, makes sense, btw carlos is being difficult so you guys are gonna smoke while I go pick up the second batch and get gas",en,kaggle
ham,"Hmm... Dunno leh, mayb a bag 4 goigng out dat is not too small. Or jus anything except perfume, smth dat i can keep.",en,kaggle
ham,"Hmm well, night night ",en,kaggle
ham,I sent them. Do you like?,en,kaggle
ham,Lol ... I really need to remember to eat when I'm drinking but I do appreciate you keeping me company that night babe *smiles*,en,kaggle
ham,Haha okay... Today weekend leh...,en,kaggle
ham,Lol u still feeling sick?,en,kaggle
ham,"House-Maid is the murderer, coz the man was murdered on  &lt"";#&gt;"" th January.. As public holiday all govt.instituitions are closed,including post office..",en,kaggle
ham,"Yo, you at jp and hungry like a mofo?",en,kaggle
ham,Horrible u eat macs eat until u forgot abt me already rite... U take so long 2 reply. I thk it's more toot than b4 so b prepared. Now wat shall i eat?,en,kaggle
ham,aathi..where are you dear..,en,kaggle
ham,Happy birthday to you....dear.with lots of love.rakhesh NRI,en,kaggle
spam,"XXXMobileMovieClub: To use your credit, click the WAP link in the next txt message or click here>> http://wap. xxxmobilemovieclub.com?n=QJKGIGHJJGCBL",en,kaggle
ham,Rofl. Its true to its name,en,kaggle
ham,Thanx but my birthday is over already.,en,kaggle
spam,McDonald's España: Ha ganado una comida gratis para dos personas. Canjee aquí: https://mcdonalds-premio.xyz,es,synthetic_claude
ham,"\GRAN ONLYFOUND OUT AFEW DAYS AGO.CUSOON HONI\""""""""",en,kaggle
ham,Correos: Paquete de Amazon llegará mañana entre 9:00-14:00. Referencia: ES98271641.,es,synthetic_claude
spam,Sex up ur mobile with a FREE sexy pic of Jordan! Just text BABE to 88600. Then every wk get a sexy celeb! PocketBabe.co.uk 4 more pics. 16 å£3/wk 087016248,en,kaggle
ham,"K so am I, how much for an 8th? Fifty?",en,kaggle
spam,Can U get 2 phone NOW? I wanna chat 2 set up meet Call me NOW on 09096102316 U can cum here 2moro Luv JANE xx Callså£1/minmoremobsEMSPOBox45PO139WA,en,kaggle
ham,I've sent Ì_ my part..,en,kaggle
ham,What you need. You have a person to give na.,en,kaggle
ham,For me the love should start with attraction.i should feel that I need her every time around me.she should be the first thing which comes in my thoughts.I would start the day and end it with her.she should be there every time I dream.love will be then when my every breath has her name.my life should happen around her.my life will be named to her.I would cry for her.will give all my happiness and take all her sorrows.I will be ready to fight with anyone for her.I will be in love when I will be doing the craziest things for her.love will be when I don't have to proove anyone that my girl is the most beautiful lady on the whole planet.I will always be singing praises for her.love will be when I start up making chicken curry and end up makiing sambar.life will be the most beautiful then.will get every morning and thank god for the day because she is with me.I would like to say a lot..will tell later..,en,kaggle
ham,Do you work all this week ?,en,kaggle
ham,Cool. I am  &lt;#&gt;  inches long. hope you like them big!,en,kaggle
ham,Are your freezing ? Are you home yet ? Will you remember to kiss your mom in the morning? Do you love me ? Do you think of me ? Are you missing me yet ?,en,kaggle
ham,Babe ! What are you doing ? Where are you ? Who are you talking to ? Do you think of me ? Are you being a good boy? Are you missing me? Do you love me ?,en,kaggle
ham,Aight do you still want to get money,en,kaggle
spam,PRIVATE! Your 2003 Account Statement for 078,en,kaggle
ham,MMM ... Fuck .... Merry Christmas to me,en,kaggle
ham,I will reach office around  &lt;DECIMAL&gt; . &amp; my mobile have problem. You cann't get my voice. So call you asa i'll free,en,kaggle
ham,You will be in the place of that man,en,kaggle
ham,What was she looking for?,en,kaggle
ham,Great! I shoot big loads so get ready!,en,kaggle
ham,Still at west coast... Haiz... ÌÏ'll take forever to come back...,en,kaggle
ham,"Uncle G, just checking up on you. Do have a rewarding month",en,kaggle
ham,"I dun thk i'll quit yet... Hmmm, can go jazz ? Yogasana oso can... We can go meet em after our lessons den... ",en,kaggle
ham,Went to ganesh dress shop,en,kaggle
spam,This message is free. Welcome to the new & improved Sex & Dogging club! To unsubscribe from this service reply STOP. msgs@150p 18 only,en,kaggle
ham,Wish u many many returns of the day.. Happy birthday vikky..,en,kaggle
ham,Rofl betta invest in some  anti aging products,en,kaggle
spam,Samsung: 500 participantes seleccionados para probar el Galaxy gratuitamente. Regístrese: https://samsung-probar.top,es,synthetic_claude
spam,WINNER!! As a valued network customer you have been selected to receivea å£900 prize reward! To claim call 09061701461. Claim code KL341. Valid 12 hours only.,en,kaggle
ham,Dear got train and seat mine lower seat,en,kaggle
ham,Your board is working fine. The issue of overheating is also reslove. But still software inst is pending. I will come around 8'o clock.,en,kaggle
spam,http//tms. widelive.com/index. wml?id=820554ad0a1705572711&first=trueåÁC C RingtoneåÁ,en,kaggle
ham,"Like  &lt"";#&gt;"" , same question",en,kaggle
ham,Da is good good player.why he is unsold.,en,kaggle
ham,Thx. All will be well in a few months,en,kaggle
ham,Ok give me 5 minutes I think I see her. BTW you're my alibi. You were cutting my hair the whole time.,en,kaggle
ham,"Ya they are well and fine., BBD(pooja) full pimples..even she become quite black..and ur rite here its too cold, wearing sweatter..",en,kaggle
spam,Ur cash-balance is currently 500 pounds - to maximize ur cash-in now send CASH to 86688 only 150p/msg. CC: 08718720201 PO BOX 114/14 TCR/W1,en,kaggle
ham,No da. . Vijay going to talk in jaya tv,en,kaggle
ham,K..k:)how about your training process?,en,kaggle
ham,For fear of fainting with the of all that housework you just did? Quick have a cuppa,en,kaggle
ham,That's good. Lets thank God. Please complete the drug. Have lots of water. And have a beautiful day.,en,kaggle
ham,Great! I hope you like your man well endowed. I am  &lt;#&gt;  inches...,en,kaggle
ham,Nothing but we jus tot u would ask cos u ba gua... But we went mt faber yest... Yest jus went out already mah so today not going out... Jus call lor...,en,kaggle
ham,So there's a ring that comes with the guys costumes. It's there so they can gift their future yowifes. Hint hint,en,kaggle
ham,You've always been the brainy one.,en,kaggle
spam,Trabaja con nosotros clasificando datos para IA. 20€/hora. 100% online. Plazas limitadas.,es,synthetic_claude
spam,You have an important customer service announcement from PREMIER. Call FREEPHONE 0800 542 0578 now!,en,kaggle
ham,Okie,en,kaggle
ham,Have you not finished work yet or something?,en,kaggle
ham,I dont have i shall buy one dear,en,kaggle
ham,"[Û_] anyway, many good evenings to u! s",en,kaggle
ham,It's justbeen overa week since we broke up and already our brains are going to mush!,en,kaggle
ham,"Sorry my roommates took forever, it ok if I come by now?",en,kaggle
ham,Its  &lt;#&gt; k here oh. Should i send home for sale.,en,kaggle
spam,Congratulations ur awarded either å£500 of CD gift vouchers & Free entry 2 our å£100 weekly draw txt MUSIC to 87066 TnCs www.Ldew.com1win150ppmx3age16,en,kaggle
ham,"wiskey Brandy Rum Gin Beer Vodka Scotch Shampain Wine \KUDI\""""yarasu dhina vaazhthukkal. ..""""",en,kaggle
spam,AEAT: Notificación: su declaración de renta tiene errores. Preséntese en la delegación más cercana.,es,synthetic_claude
ham,Really... I tot ur paper ended long ago... But wat u copied jus now got use? U happy lar... I still haf 2 study :-(,en,kaggle
ham,Hey company elama po mudyadhu.,en,kaggle
ham,"Nothing really, just making sure everybody's up to speed",en,kaggle
ham,Aiyah sorry lor... I watch tv watch until i forgot 2 check my phone.,en,kaggle
ham,Ministerio de Sanidad: Campaña de vacunación antigripal disponible en su centro de salud.,es,synthetic_claude
spam,GLS: Entrega fallida por ausencia. Para recibir su paquete: https://gls-reprogramar.xyz/cita,es,synthetic_claude
ham,Hi! You just spoke to MANEESHA V. We'd like to know if you were satisfied with the experience. Reply Toll Free with Yes or No.,en,kaggle
ham,S.this will increase the chance of winning.,en,kaggle
ham,Babe ? I lost you ... Will you try rebooting ?,en,kaggle
ham,Watching tv now. I got new job :),en,kaggle
ham,Are you this much buzy,en,kaggle
ham,"Single line with a big meaning::::: \Miss anything 4 ur \""""Best Life\"""" but"","" don't miss ur best life for anything... Gud nyt...""""",en,kaggle
ham,Hows the champ just leaving glasgow!,en,kaggle
ham,TELL HER I SAID EAT SHIT.,en,kaggle
spam,sexy sexy cum and text me im wet and warm and ready for some porn! u up for some fun? THIS MSG IS FREE RECD MSGS 150P INC VAT 2 CANCEL TEXT STOP,en,kaggle
ham,Don know..he is watching film in computer..,en,kaggle
ham,Oi. Ami parchi na re. Kicchu kaaj korte iccha korche na. Phone ta tul na. Plz. Plz.,en,kaggle
spam,Correos Express: Su envío urgente llegará hoy. Asegúrese de estar en casa entre 15:00 y 19:00.,es,synthetic_claude
spam,3. You have received your mobile content. Enjoy,en,kaggle
spam,GLS: Su pedido de Shein está en depósito. Llame al 900 100 GLS para organizar la entrega.,es,synthetic_claude
spam,"URGENT! Your mobile was awarded a å£1,500 Bonus Caller Prize on 27/6/03. Our final attempt 2 contact U! Call 08714714011",en,kaggle
ham,"Nah, Wednesday. When should I bring the mini cheetos bag over?",en,kaggle
ham,What time do u get out?,en,kaggle
spam,DGT: Aviso de ITV caducada. Su vehículo puede ser retirado de la circulación. Pase la ITV hoy.,es,synthetic_claude
ham,I can't make it tonight,en,kaggle
spam,Seguros Pelayo: Reembolso de 340€ por gastos médicos pendiente. Llame al 900 600 700.,es,synthetic_claude
ham,She.s good. She was wondering if you wont say hi but she.s smiling now. So how are you coping with the long distance,en,kaggle
ham,Never blame a day in ur life. Good days give u happiness. Bad days give u experience. Both are essential in life! All are Gods blessings! good morning.:,en,kaggle
ham,"Oye gracias por ayer, me ayudaste mucho.",es,synthetic_claude
spam,Want 2 get laid tonight? Want real Dogging locations sent direct 2 ur Mob? Join the UK's largest Dogging Network by txting MOAN to 69888Nyt. ec2a. 31p.msg@150p,en,kaggle
ham,I like to think there's always the possibility of being in a pub later.,en,kaggle
ham,Guess which pub im in? Im as happy as a pig in clover or whatever the saying is!,en,kaggle
spam,AEAT: Hemos detectado ingresos no declarados en 2024. Regularice su situación fiscalmente.,es,synthetic_claude
ham,I not at home now lei...,en,kaggle
ham,Hurt me... Tease me... Make me cry... But in the end of my life when i die plz keep one rose on my grave and say STUPID I MISS U.. HAVE A NICE DAY BSLVYL,en,kaggle
ham,He is a womdarfull actor,en,kaggle
ham,"Especially since i talk about boston all up in my personal statement, lol! I woulda changed that if i had realized it said nyc! It says boston now.",en,kaggle
ham,This phone has the weirdest auto correct.,en,kaggle
spam,Free tones Hope you enjoyed your new content. text stop to 61610 to unsubscribe. help:08712400602450p Provided by tones2you.co.uk,en,kaggle
ham,How are you doing. How's the queen. Are you going for the royal wedding,en,kaggle
ham,"Hey, iouri gave me your number, I'm wylie, ryan's friend",en,kaggle
ham,Tell them the drug dealer's getting impatient,en,kaggle
ham,Mm umma ask vava also to come tell him can play later together,en,kaggle
ham,ÌÏ takin linear algebra today?,en,kaggle
ham,Tomarrow final hearing on my laptop case so i cant.,en,kaggle
ham,"Oh really? perform, write a paper, go to a movie AND be home by midnight, huh?",en,kaggle
ham,I dont have that much image in class.,en,kaggle
ham,Dont know supports ass and srt i thnk. I think ps3 can play through usb too,en,kaggle
ham,Where are you lover ? I need you ...,en,kaggle
ham,Can a not?,en,kaggle
spam,Moby Pub Quiz.Win a å£100 High Street prize if u know who the new Duchess of Cornwall will be? Txt her first name to 82277.unsub STOP å£1.50 008704050406 SP,en,kaggle
ham,Then we wait 4 u lor... No need 2 feel bad lar...,en,kaggle
ham,We still on for tonight?,en,kaggle
ham,"IåÕm cool ta luv but v.tired 2 cause i have been doin loads of planning all wk, we have got our social services inspection at the nursery! Take care & spk sn x.",en,kaggle
ham,ÌÏ thk of wat to eat tonight.,en,kaggle
spam,URGENT! We are trying to contact U. Todays draw shows that you have won a å£2000 prize GUARANTEED. Call 09058094507 from land line. Claim 3030. Valid 12hrs only,en,kaggle
ham,"Do you know why god created gap between your fingers..? So that, One who is made for you comes &amp"";"" fills those gaps by holding your hand with LOVE..!",en,kaggle
ham,"chile, please! It's only a  &lt"";DECIMAL&gt;""  hour drive for me. I come down all the time and will be subletting feb-april for audition season.",en,kaggle
ham,Oh. U must have taken your REAL Valentine out shopping first.,en,kaggle
spam,Encuestadora contrata. Pago por encuesta: 25€. Desde casa. Sin experiencia. Registrate gratis.,es,synthetic_claude
ham,"True. It is passable. And if you get a high score and apply for phd, you get 5years of salary. So it makes life easier.",en,kaggle
ham,"Say this slowly.? GOD,I LOVE YOU &amp""; I NEED YOU,CLEAN MY HEART WITH YOUR BLOOD.Send this to Ten special people &amp;"" u c miracle tomorrow, do it,pls,pls do it...",en,kaggle
ham,I dont have any of your file in my bag..i was in work when you called me.i 'll tell you if i find anything in my room.,en,kaggle
ham,What time should I tell my friend to be around?,en,kaggle
ham,Any chance you might have had with me evaporated as soon as you violated my privacy by stealing my phone number from your employer's paperwork. Not cool at all. Please do not contact me again or I will report you to your supervisor.,en,kaggle
ham,Ok darlin i supose it was ok i just worry too much.i have to do some film stuff my mate and then have to babysit again! But you can call me there.xx,en,kaggle
ham,All will come alive.better correct any good looking figure there itself..,en,kaggle
ham,Hey mate. Spoke to the mag people. WeÛ÷re on.  the is deliver by the end of the month. Deliver on the 24th sept. Talk later.,en,kaggle
ham,Hi neva worry bout da truth coz the truth will lead me 2 ur heart. ItåÕs the least a unique person like u deserve. Sleep tight or morning,en,kaggle
spam,Hacienda: Liquidación provisional del IRPF con resultado a ingresar de 520€. Llame al 901 33 55 33.,es,synthetic_claude
ham,Ok. How many should i buy.,en,kaggle
ham,PISS IS TALKING IS SOMEONE THAT REALISE U THAT POINT THIS AT IS IT.(NOW READ IT BACKWARDS),en,kaggle
ham,No plans yet. What are you doing ?,en,kaggle
ham,Tell them u have a headache and just want to use 1 hour of sick time.,en,kaggle
ham,"Ha ha nan yalrigu heltini..Iyo kothi chikku, u shared many things wit me..so far i didn't told any body and even uttered a word abt u.. If ur trusting me so much how can i tell these to others.. Plz nxt time dont use those words to me..ok, chikku:-)"";""-)B-)",en,kaggle
ham,Its posible dnt live in  &lt;#&gt; century cm frwd n thnk different,en,kaggle
ham,Lol for real. She told my dad I have cancer,en,kaggle
ham,Kallis wont bat in 2nd innings.,en,kaggle
ham,Hi juan. Im coming home on fri hey. Of course i expect a welcome party and lots of presents. Ill phone u when i get back. Loads of love nicky x x x x x x x x x,en,kaggle
ham,Even if he my friend he is a priest call him now,en,kaggle
ham,Juz go google n search 4 qet...,en,kaggle
ham,Really good:)dhanush rocks once again:),en,kaggle
spam,Dear 0776xxxxxxx U've been invited to XCHAT. This is our final attempt to contact u! Txt CHAT to 86688 150p/MsgrcvdHG/Suite342/2Lands/Row/W1J6HL LDN 18yrs,en,kaggle
ham,:-( sad puppy noise,en,kaggle
ham,Yes but I don't care cause I know its there!,en,kaggle
ham,Okay but i thought you were the expert,en,kaggle
ham,I'm also came to room.,en,kaggle
ham,Don't fret. I'll buy the ovulation test strips and send them to you. You wont get them til like march. Can you send me your postal address.u'll be alright.Okay.,en,kaggle
spam,1000's of girls many local 2 u who r virgins 2 this & r ready 2 4fil ur every sexual need. Can u 4fil theirs? text CUTE to 69911(å£1.50p. m),en,kaggle
ham,No b4 Thursday,en,kaggle
ham,Me too! Have a lovely night xxx,en,kaggle
spam,"U can WIN å£100 of Music Gift Vouchers every week starting NOW Txt the word DRAW to 87066 TsCs www.Idew.com SkillGame, 1Winaweek, age16. 150ppermessSubscription",en,kaggle
ham,HAPPY NEW YEAR MY NO.1 MAN,en,kaggle
spam,Money i have won wining number 946 wot do i do next,en,kaggle
ham,Will do. Was exhausted on train this morning. Too much wine and pie. You sleep well too,en,kaggle
ham,Do have a nice day today. I love you so dearly.,en,kaggle
ham,K.k:)advance happy pongal.,en,kaggle
ham,Mum say we wan to go then go... Then she can shun bian watch da glass exhibition...,en,kaggle
ham,Ya! when are Ì_ taking ure practical lessons? I start in june..,en,kaggle
ham,I'm in office now da:)where are you?,en,kaggle
ham,what are your new years plans?,en,kaggle
ham,Why didn't u call on your lunch?,en,kaggle
ham,Sindu got job in birla soft ..,en,kaggle
ham,I am going to film 2day da. At 6pm. Sorry da.,en,kaggle
ham,The search 4 happiness is 1 of d main sources of unhappiness! Accept life the way it comes! U will find happiness in every moment u live.,en,kaggle
ham,Hey you told your name to gautham ah?,en,kaggle
ham,Ok i will tell her to stay out. Yeah its been tough but we are optimistic things will improve this month.,en,kaggle
spam,"Wan2 win a Meet+Greet with Westlife 4 U or a m8? They are currently on what tour? 1)Unbreakable, 2)Untamed, 3)Unkempt. Text 1,2 or 3 to 83049. Cost 50p +std text",en,kaggle
spam,Starbucks: ¡Premio! Café gratis durante 30 días. Presente este SMS en cualquier tienda Starbucks.,es,synthetic_claude
ham,Oh oh... Wasted... Den muz chiong on sat n sun liao...,en,kaggle
spam,"Had your contract mobile 11 Mnths? Latest Motorola, Nokia etc. all FREE! Double Mins & Text on Orange tariffs. TEXT YES for callback, no to remove from records.",en,kaggle
ham,:-) :-),en,kaggle
ham,Yo sorry was in the shower sup,en,kaggle
ham,I have to take exam with in march 3,en,kaggle
ham,You intrepid duo you! Have a great time and see you both soon.,en,kaggle
spam,Congratulations ur awarded 500 of CD vouchers or 125gift guaranteed & Free entry 2 100 wkly draw txt MUSIC to 87066,en,kaggle
spam,WIN URGENT! Your mobile number has been awarded with a å£2000 prize GUARANTEED call 09061790121 from land line. claim 3030 valid 12hrs only 150ppm,en,kaggle
spam,Mutua Madrileña: Revisión de su póliza detectó cobros indebidos. Reciba su devolución.,es,synthetic_claude
spam,Carrefour: Última oportunidad: reclame su vale de 750€ antes de medianoche: https://carrefour-vale.xyz,es,synthetic_claude
ham,If you have belive me. Come to my home.,en,kaggle
ham,"Good afternoon, my love ! Any job prospects ? Are you missing me ? What do you do ? Are you being lazy and bleak, hmmm ? Or happy and filled with my love ?",en,kaggle
ham,Then get some cash together and I'll text jason,en,kaggle
spam,DGT: Multa de tráfico sin pagar con recargo acumulado de 300€. Llame al 060 para regularizar.,es,synthetic_claude
spam,Trabaja en Inditex desde casa procesando pedidos online. 14€/hora. Sin experiencia necesaria.,es,synthetic_claude
ham,Anyway seriously hit me up when you're back because otherwise I have to light up with armand and he always has shit and/or is vomiting,en,kaggle
ham,Fwiw the reason I'm only around when it's time to smoke is that because of gas I can only afford to be around when someone tells me to be and that apparently only happens when somebody wants to light up,en,kaggle
ham,Wat makes some people dearer is not just de happiness dat u feel when u meet them but de pain u feel when u miss dem!!!,en,kaggle
ham,I'll be at mu in like  &lt;#&gt;  seconds,en,kaggle
ham,"Alright we're hooked up, where you guys at",en,kaggle
ham,Den wat will e schedule b lk on sun?,en,kaggle
ham,He dint tell anything. He is angry on me that why you told to abi.,en,kaggle
ham,Well obviously not because all the people in my cool college life went home ;_,en,kaggle
ham,Pls she needs to dat slowly or she will vomit more.,en,kaggle
ham,My uncles in Atlanta. Wish you guys a great semester.,en,kaggle
ham,I thk 50 shd be ok he said plus minus 10.. Did Ì_ leave a line in between paragraphs?,en,kaggle
ham,Yes ammae....life takes lot of turns you can only sit and try to hold the steering...,en,kaggle
ham,Just checking in on you. Really do miss seeing Jeremiah. Do have a great month,en,kaggle
ham,Heehee that was so funny tho,en,kaggle
ham,Whos this am in class:-),en,kaggle
ham,"The LAY MAN! Just to let you know you are missed and thought off. Do have a great day. And if you can send me bimbo and ugo's numbers, ill appreciate. Safe",en,kaggle
ham,"Yeah sure, give me a couple minutes to track down my wallet",en,kaggle
ham,K.k.how is your business now?,en,kaggle
ham,Anytime lor...,en,kaggle
ham,Hi. I'm always online on yahoo and would like to chat with you someday,en,kaggle
ham,Siva is in hostel aha:-.,en,kaggle
ham,Don know:)this week i'm going to tirunelvai da.,en,kaggle
ham,Nope. I just forgot. Will show next week,en,kaggle
ham,I'm ok. Will do my part tomorrow,en,kaggle
ham,I'm always on yahoo messenger now. Just send the message to me and i.ll get it you may have to send it in the mobile mode sha but i.ll get it. And will reply.,en,kaggle
ham,Then we gotta do it after that,en,kaggle
ham,Thanx a lot 4 ur help!,en,kaggle
ham,Okie Ì_ wan meet at bishan? Cos me at bishan now. I'm not driving today.,en,kaggle
ham,ÌÏ predict wat time Ì_'ll finish buying?,en,kaggle
ham,As per your request 'Melle Melle (Oru Minnaminunginte Nurungu Vettam)' has been set as your callertune for all Callers. Press *9 to copy your friends Callertune,en,kaggle
ham,K.k..how is your sister kids?,en,kaggle
ham,K...k:)why cant you come here and search job:),en,kaggle
ham,Don't forget who owns you and who's private property you are ... And be my good boy always .. *passionate kiss*,en,kaggle
ham,Ok lor wat time Ì_ finish?,en,kaggle
ham,U WILL SWITCH YOUR FONE ON DAMMIT!!,en,kaggle
spam,"FREE MESSAGE Activate your 500 FREE Text Messages by replying to this message with the word FREE For terms & conditions, visit www.07781482378.com",en,kaggle
ham,Ah you see. You have to be in the lingo. I will let you know wot on earth it is when has finished making it!,en,kaggle
ham,I didn't get the second half of that message,en,kaggle
ham,Ok i'm coming home now.,en,kaggle
ham,Blank is Blank. But wat is blank? Lol,en,kaggle
ham,As in i want custom officer discount oh.,en,kaggle
ham,I only haf msn. It's yijue@hotmail.com,en,kaggle
ham,Ok cool. See ya then.,en,kaggle
ham,I will vote for wherever my heart guides me,en,kaggle
spam,You have 1 new voicemail. Please call 08719181503,en,kaggle
ham,Kent vale lor... ÌÏ wait 4 me there ar?,en,kaggle
ham,Thanks chikku..:-) gud nyt:-*,en,kaggle
ham,Ya i knw u vl giv..its ok thanks kano..anyway enjoy wit ur family wit 1st salary..:-);-),en,kaggle
ham,645,en,kaggle
ham,"My Parents, My Kidz, My Friends n My Colleagues. All screaming.. SURPRISE !! and I was waiting on the sofa.. ... ..... ' NAKED...!",en,kaggle
ham,I'm stuck in da middle of da row on da right hand side of da lt...,en,kaggle
ham,¿Me puedes prestar 20€ hasta mañana que voy al banco?,es,synthetic_claude
ham,Bring it if you got it,en,kaggle
ham,Boooo you always work. Just quit.,en,kaggle
spam,SEUR: Número de piso incorrecto. Para completar la entrega: https://seur-direccion.net/actualizar,es,synthetic_claude
ham,Y Ì_ wan to go there? C doctor?,en,kaggle
ham,I will reach ur home in  &lt;#&gt;  minutes,en,kaggle
ham,K..give back my thanks.,en,kaggle
ham,Yupz... I've oredi booked slots 4 my weekends liao...,en,kaggle
ham,These won't do. Have to move on to morphine,en,kaggle
ham,Doing project w frens lor.,en,kaggle
spam,McDonald's: Ha ganado un McMenú doble gratis. Muestre este SMS en el mostrador antes del domingo.,es,synthetic_claude
ham,Quite ok but a bit ex... U better go eat smth now else i'll feel guilty...,en,kaggle
ham,&lt;#&gt; ISH MINUTES WAS 5 MINUTES AGO. WTF.,en,kaggle
ham,"Sad story of a Man - Last week was my b'day. My Wife did'nt wish me. My Parents forgot n so did my Kids . I went to work. Even my Colleagues did not wish. As I entered my cabin my PA said, '' Happy B'day Boss !!''. I felt special. She askd me 4 lunch. After lunch she invited me to her apartment. We went there. She said,'' do u mind if I go into the bedroom for a minute ? '' ''OK'', I sed in a sexy mood. She came out 5 minuts latr wid a cake...n My Wife, My Parents, My Kidz, My Friends n My Colleagues. All screaming.. SURPRISE !! and I was waiting on the sofa.. ... ..... ' NAKED...!",en,kaggle
ham,Congrats kano..whr s the treat maga?,en,kaggle
spam,Sabadell: Hemos detectado una compra de 340€ no autorizada. Contacte urgente al 900 500 259.,es,synthetic_claude
ham,No need lar. Jus testing e phone card. Dunno network not gd i thk. Me waiting 4 my sis 2 finish bathing so i can bathe. Dun disturb u liao u cleaning ur room.,en,kaggle
ham,Yes see ya not on the dot,en,kaggle
ham,"I guess that's why you re worried. You must know that there's a way the body repairs itself. And i'm quite sure you shouldn't worry. We'll take it slow. First the tests, they will guide when your ovulation is then just relax. Nothing you've said is a reason to worry but i.ll keep on followin you up.",en,kaggle
spam,RT-KIng Pro Video Club>> Need help? info@ringtoneking.co.uk or call 08701237397 You must be 16+ Club credits redeemable at www.ringtoneking.co.uk! Enjoy!,en,kaggle
spam,2/2 146tf150p,en,kaggle
spam,Get the official ENGLAND poly ringtone or colour flag on yer mobile for tonights game! Text TONE or FLAG to 84199. Optout txt ENG STOP Box39822 W111WX å£1.50,en,kaggle
ham,I not free today i haf 2 pick my parents up tonite...,en,kaggle
ham,here is my new address -apples&pairs&all that malarky,en,kaggle
ham,"Haha... Sounds crazy, dunno can tahan anot...",en,kaggle
ham,Its a valentine game. . . Send dis msg to all ur friends. .. If 5 answers r d same then someone really loves u. Ques- which colour suits me the best?rply me,en,kaggle
ham,They just talking thats it de. They wont any other.,en,kaggle
ham,Am i that much bad to avoid like this?,en,kaggle
ham,"Alright, I'll head out in a few minutes, text me where to meet you",en,kaggle
ham,ALSO TELL HIM I SAID HAPPY BIRTHDAY,en,kaggle
ham,"Guy, no flash me now. If you go call me, call me. How madam. Take care oh.",en,kaggle
ham,"Hey sweet, I was wondering when you had a moment if you might come to me ? I want to send a file to someone but it won't go over yahoo for them because their connection sucks, remember when you set up that page for me to go to and download the format disc ? Could you tell me how to do that ? Or do you know some other way to download big files ? Because they can download stuff directly from the internet. Any help would be great, my prey ... *teasing kiss*",en,kaggle
ham,Haven't eaten all day. I'm sitting here staring at this juicy pizza and I can't eat it. These meds are ruining my life.,en,kaggle
ham,I'm okay. Chasing the dream. What's good. What are you doing next.,en,kaggle
ham,¿Ya has salido de trabajar? Te espero en el bar de siempre,es,synthetic_claude
ham,O. Well uv causes mutations. Sunscreen is like essential thesedays,en,kaggle
ham,Not a drop in the tank,en,kaggle
ham,¡Nos han dado la hipoteca! Esto hay que celebrarlo.,es,synthetic_claude
spam,tells u 2 call 09066358152 to claim å£5000 prize. U have 2 enter all ur mobile & personal details @ the prompts. Careful!,en,kaggle
ham,So do you have samus shoulders yet,en,kaggle
ham,It didnt work again oh. Ok goodnight then. I.ll fix and have it ready by the time you wake up. You are very dearly missed have a good night sleep.,en,kaggle
ham,"It's cool, we can last a little while. Getting more any time soon?",en,kaggle
spam,SEPE: Hemos detectado cobro indebido de prestaciones. Debe devolver 450€. Llame al 900 272 727.,es,synthetic_claude
ham,And pls pls drink plenty plenty water,en,kaggle
spam,Bankinter: Cargo pendiente de 289€ en su cuenta. Llame al 902 365 563 para autorizarlo o rechazarlo.,es,synthetic_claude
ham,I wont get concentration dear you know you are my mind and everything :-),en,kaggle
ham,Give me a sec to think think about it,en,kaggle
ham,E admin building there? I might b slightly earlier... I'll call u when i'm reaching...,en,kaggle
spam,Reply to win å£100 weekly! What professional sport does Tiger Woods play? Send STOP to 87239 to end service,en,kaggle
ham,Nope watching tv at home... Not going out. V bored...,en,kaggle
ham,Aiya we discuss later lar... Pick Ì_ up at 4 is it?,en,kaggle
ham,"Hola compañero, ¿tienes el número del proveedor de impresión? No lo encuentro.",es,synthetic_claude
ham,We stopped to get ice cream and will go back after,en,kaggle
ham,Oh k :)why you got job then whats up?,en,kaggle
ham,Ok. No wahala. Just remember that a friend in need ...,en,kaggle
ham,"Hello. No news on job, they are making me wait a fifth week! Yeah im up for some woozles and weasels... In exeter still, but be home about 3. ",en,kaggle
ham,Genius what's up. How your brother. Pls send his number to my skype.,en,kaggle
ham,Desires- u going to doctor 4 liver. And get a bit stylish. Get ur hair managed. Thats it.,en,kaggle
ham,If you are not coughing then its nothing,en,kaggle
ham,"Movistar: Su factura de marzo de 45,90€ estará disponible en tu área de cliente a partir del día 5.",es,synthetic_claude
ham,Jefa: ¿puedes quedarte una hora más hoy? Tenemos que cerrar el informe.,es,synthetic_claude
spam,100 dating service cal;l 09064012103 box334sk38ch,en,kaggle
ham,Dont gimme that lip caveboy,en,kaggle
spam,"Thanks for your ringtone order, reference number X29. Your mobile will be charged 4.50. Should your tone not arrive please call customer services 09065989180",en,kaggle
ham,There generally isn't one. It's an uncountable noun - u in the dictionary. pieces of research?,en,kaggle
ham,Roger that. WeÛ÷re probably going to rem in about 20,en,kaggle
ham,"Can meh? Thgt some will clash... Really ah, i dun mind... I dun seen to have lost any weight... Gee...",en,kaggle
ham,Did u got that persons story,en,kaggle
ham,"Okay, good, no problem, and thanx!",en,kaggle
ham,i am going to bed now prin,en,kaggle
ham,You're not sure that I'm not trying to make xavier smoke because I don't want to smoke after being told I smoke too much?,en,kaggle
ham,SORRY IM STIL FUCKED AFTER LAST NITE WENT TOBED AT 430 GOT UP 4 WORK AT 630,en,kaggle
ham,I'm at work. Please call,en,kaggle
spam,we tried to contact you re your response to our offer of a new nokia fone and camcorder hit reply or call 08000930705 for delivery,en,kaggle
spam,Camera - You are awarded a SiPix Digital Camera! call 09061221066 fromm landline. Delivery within 28 days,en,kaggle
ham,Lmao!nice 1,en,kaggle
ham,"I'm in a meeting, call me later at",en,kaggle
ham,Aww that's the first time u said u missed me without asking if I missed u first. You DO love me! :),en,kaggle
spam,"URGENT! Your mobile No *********** WON a å£2,000 Bonus Caller Prize on 02/06/03! This is the 2nd attempt to reach YOU! Call 09066362220 ASAP! BOX97N7QP, 150ppm",en,kaggle
ham,K k pa Had your lunch aha.,en,kaggle
spam,<Forwarded from 21870000>Hi - this is your Mailbox Messaging SMS alert. You have 40 matches. Please call back on 09056242159 to retrieve your messages and matches cc100p/min,en,kaggle
ham,Wow so healthy. Old airport rd lor. Cant thk of anything else. But i'll b bathing my dog later.,en,kaggle
ham,That's cause your old. I live to be high.,en,kaggle
ham,I think i am disturbing her da,en,kaggle
spam,El Corte Inglés: Su tarjeta de fidelidad ha ganado un cheque de 200€. Llame al 900 222 100.,es,synthetic_claude
ham,Tomorrow i am not going to theatre. . . So i can come wherever u call me. . . Tell me where and when to come tomorrow,en,kaggle
ham,Sorry dude. Dont know how i forgot. Even after Dan reminded me. Sorry. Hope you guys had fun.,en,kaggle
ham,Hey hun-onbus goin 2 meet him. He wants 2go out 4a meal but I donyt feel like it cuz have 2 get last bus home!But hes sweet latelyxxx,en,kaggle
ham,Sac will score big hundred.he is set batsman:-),en,kaggle
ham,"Please protect yourself from e-threats. SIB never asks for sensitive information like Passwords,ATM/SMS PIN thru email. Never share your password with anybody.",en,kaggle
spam,Todays Vodafone numbers ending with 4882 are selected to a receive a å£350 award. If your number matches call 09064019014 to receive your å£350 award.,en,kaggle
ham,You please give us connection today itself before  &lt;DECIMAL&gt;  or refund the bill,en,kaggle
ham,I know girls always safe and selfish know i got it pa. Thank you. good night.,en,kaggle
ham,Yup i've finished c Ì_ there...,en,kaggle
ham,Ok. She'll be ok. I guess,en,kaggle
ham,7 lor... Change 2 suntec... Wat time u coming?,en,kaggle
spam,Farmacia online: Medicamentos a precio de coste. Entrega en 24h. Llame al 900 200 300.,es,synthetic_claude
spam,Vodafone: Línea en proceso de baja por impago. Regularice aquí: https://vodafone-baja.net/pagar,es,synthetic_claude
spam,Ur cash-balance is currently 500 pounds - to maximize ur cash-in now send GO to 86688 only 150p/meg. CC: 08718720201 HG/Suite342/2lands Row/W1j6HL,en,kaggle
ham,We walked from my moms. Right on stagwood pass right on winterstone left on victors hill. Address is &lt;#&gt,en,kaggle
ham,Nite nite pocay wocay luv u more than n e thing 4eva I promise ring u 2morrowxxxx,en,kaggle
ham,What is the plural of the noun research?,en,kaggle
ham,Are you planning to come chennai?,en,kaggle
ham,No de.am seeing in online shop so that i asked.,en,kaggle
ham,"K, I'll work something out",en,kaggle
ham,Yo dude guess who just got arrested the other day,en,kaggle
ham,"I wake up long ago already... Dunno, what other thing?",en,kaggle
spam,"This is the 2nd time we have tried 2 contact u. U have won the 750 Pound prize. 2 claim is easy, call 08712101358 NOW! Only 10p per min. BT-national-rate",en,kaggle
ham,ÌÏ come lt 25 n pass to me lar,en,kaggle
ham,"That day Ì_ say Ì_ cut ur hair at paragon, is it called hair sense? Do Ì_ noe how much is a hair cut? ",en,kaggle
spam,Free video camera phones with Half Price line rental for 12 mths and 500 cross ntwk mins 100 txts. Call MobileUpd8 08001950382 or Call2OptOut/674&,en,kaggle
ham,Anything lor. Juz both of us lor.,en,kaggle
ham,Hi good mornin.. Thanku wish u d same..,en,kaggle
ham,"Oye que mañana no puedo, se me ha olvidado que tengo médico",es,synthetic_claude
ham,Only once then after ill obey all yours.,en,kaggle
ham,El partido ha estado increíble. Lástima lo del penalti al final,es,synthetic_claude
ham,Wat time u finish ur lect today?,en,kaggle
ham,Gud mrng dear hav a nice day,en,kaggle
ham,I think u have the wrong number.,en,kaggle
ham,Can you plz tell me the ans. BSLVYL sent via fullonsms.com,en,kaggle
ham,"Well, I was about to give up cos they all said no they didnÛ÷t do one nighters. I persevered and found one but it is very cheap so i apologise in advance. It is just somewhere to sleep isnt it?",en,kaggle
ham,How long does applebees fucking take,en,kaggle
ham,"you are sweet as well, princess. Please tell me your likes and dislikes in bed...",en,kaggle
ham,Hi Dear Call me its urgnt. I don't know whats your problem. You don't want to work or if you have any other problem at least tell me. Wating for your reply.,en,kaggle
ham,I don wake since. I checked that stuff and saw that its true no available spaces. Pls call the embassy or send a mail to them.,en,kaggle
ham,No probs hon! How u doinat the mo?,en,kaggle
ham,"Now u sound like manky scouse boy steve,like! I is travelling on da bus home.wot has u inmind 4 recreation dis eve?",en,kaggle
ham,The world's most happiest frnds never have the same characters... Dey just have the best understanding of their differences...,en,kaggle
ham,Yo! Howz u? girls never rang after india. L,en,kaggle
ham,at bruce b downs &amp; fletcher now,en,kaggle
ham,"Watching cartoon, listening music &amp""; at eve had to go temple &amp;"" church.. What about u?",en,kaggle
ham,Shopping? Eh ger i toking abt syd leh...Haha,en,kaggle
ham,How would my ip address test that considering my computer isn't a minecraft server,en,kaggle
spam,U have a secret admirer who is looking 2 make contact with U-find out who they R*reveal who thinks UR so special-call on 09058094594,en,kaggle
ham,Ahhh. Work. I vaguely remember that! What does it feel like? Lol,en,kaggle
ham,If i said anything wrong sorry de:-),en,kaggle
spam,PRIVATE! Your 2004 Account Statement for 07742676969 shows 786 unredeemed Bonus Points. To claim call 08719180248 Identifier Code: 45239 Expires,en,kaggle
ham,I calls you later. Afternoon onwords mtnl service get problem in south mumbai. I can hear you but you cann't listen me.,en,kaggle
spam,"Farmacia con descuento: antibióticos sin receta, anticonceptivos, ansiolíticos. Envío discreto.",es,synthetic_claude
ham,"I'm there and I can see you, but you can't see me ? Maybe you should reboot ym ? I seen the buzz",en,kaggle
spam,You have an important customer service announcement from PREMIER.,en,kaggle
ham,So how's scotland. Hope you are not over showing your JJC tendencies. Take care. Live the dream,en,kaggle
ham,Dont you have message offer,en,kaggle
ham,Havent mus ask if u can 1st wat. Of meet 4 lunch den u n him meet can already lor. Or u wan 2 go ask da ge 1st then confirm w me asap?,en,kaggle
spam,Free entry in 2 a weekly comp for a chance to win an ipod. Txt POD to 80182 to get entry (std txt rate) T&C's apply 08452810073 for details 18+,en,kaggle
ham,"V-aluable. A-ffectionate. L-oveable. E-ternal. N-oble. T-ruthful. I-ntimate. N-atural. E-namous. Happy \VALENTINES DAY\"""" in advance""""",en,kaggle
ham,Registro de la Propiedad: Su escritura de compraventa está inscrita. Puede recoger nota simple.,es,synthetic_claude
ham,Is fujitsu s series lifebook good?,en,kaggle
ham,Cita previa Hacienda confirmada: el 22/03 a las 10:15 en la Delegación de Paseo de la Castellana.,es,synthetic_claude
ham,if you aren't here in the next  &lt;#&gt;  hours imma flip my shit,en,kaggle
ham,If u dun drive then how i go 2 sch.,en,kaggle
ham,"Edison has rightly said, \A fool can ask more questions than a wise man can answer\"""" Now you know why all of us are speechless during ViVa.. GM"",GN,GE,""GNT:-)""""",en,kaggle
spam,Agencia Tributaria: Aviso de embargo preventivo en su cuenta. Para pararlo llame al 901 33 55 33 hoy.,es,synthetic_claude
ham,Are you not around or just still asleep? :V,en,kaggle
ham,El contrato de suministro con Endesa debe renovarse antes del 31/03. ¿Lo gestionas tú?,es,synthetic_claude
ham,"Honeybee Said: *I'm d Sweetest in d World* God Laughed &amp"";"" Said: *Wait,U Havnt Met d Person Reading This Msg* MORAL: Even GOD Can Crack Jokes! GM+GN+GE+GN:)",en,kaggle
ham,Mapfre: Su recibo anual del seguro del hogar de 320€ se domiciliará el próximo día 1.,es,synthetic_claude
ham,Done it but internet connection v slow and canÛ÷t send it. Will try again later or first thing tomo.,en,kaggle
ham,"""""K, jason says he's gonna be around so I'll be up there around  &lt"";#&gt",en,kaggle
ham,Your opinion about me? 1. Over 2. Jada 3. Kusruthi 4. Lovable 5. Silent 6. Spl character 7. Not matured 8. Stylish 9. Simple Pls reply..,en,kaggle
ham,Ma head dey swell oh. Thanks for making my day,en,kaggle
ham,Water logging in desert. Geoenvironmental implications.,en,kaggle
ham,Jus finish watching tv... U?,en,kaggle
spam,Tratamiento capilar definitivo: resultados en 30 días o te devolvemos el dinero. Llame ya.,es,synthetic_claude
ham,Have you had a good day? Mine was really busy are you up to much tomorrow night?,en,kaggle
ham,Hey! There's veggie pizza... :/,en,kaggle
ham,"Thank you so much. When we skyped wit kz and sura, we didnt get the pleasure of your company. Hope you are good. We've given you ultimatum oh! We are countin down to aburo. Enjoy!",en,kaggle
ham,Yeah do! DonÛ÷t stand to close tho- youÛ÷ll catch something!,en,kaggle
ham,We can make a baby in yo tho,en,kaggle
ham,"Come to me, slave. Your doing it again ... Going into your shell and unconsciously avoiding me ... You are making me unhappy :-(",en,kaggle
ham,"Nah it's straight, if you can just bring bud or drinks or something that's actually a little more useful than straight cash",en,kaggle
ham,I plane to give on this month end.,en,kaggle
ham,Wife.how she knew the time of murder exactly,en,kaggle
ham,Package all your programs well,en,kaggle
ham,Yeah I imagine he would be really gentle. Unlike the other docs who treat their patients like turkeys.,en,kaggle
spam,74355 XMAS iscoming & ur awarded either å£500 CD gift vouchers & free entry 2 r å£100 weekly draw txt MUSIC to 87066 TnC,en,kaggle
ham,I'm freezing and craving ice. Fml,en,kaggle
ham,Oh ok.. Wat's ur email?,en,kaggle
spam,Sunshine Quiz Wkly Q! Win a top Sony DVD player if u know which country Liverpool played in mid week? Txt ansr to 82277. å£1.50 SP:Tyrone,en,kaggle
ham,Am on a train back from northampton so i'm afraid not! I'm staying skyving off today ho ho! Will be around wednesday though. Do you fancy the comedy club this week by the way?,en,kaggle
ham,"The guy (kadeem) hasn't been selling since the break, I know one other guy but he's paranoid as fuck and doesn't like selling without me there and I can't be up there til late tonight",en,kaggle
ham,"Sorry, my battery died, I can come by but I'm only getting a gram for now, where's your place?",en,kaggle
ham,Ok no prob... I'll come after lunch then...,en,kaggle
ham,Farmacia García: Su pedido de medicación está listo para recoger. Horario: 9-21h.,es,synthetic_claude
ham,So how many days since then?,en,kaggle
ham,They r giving a second chance to rahul dengra.,en,kaggle
ham,"Hi, my love! How goes that day? Fuck, this morning I woke and dropped my cell on the way down the stairs but it seems alright ... *phews* I miss you !",en,kaggle
ham,Aiyar hard 2 type. U later free then tell me then i call n scold n tell u.,en,kaggle
spam,Here is your discount code RP176781. To stop further messages reply stop. www.regalportfolio.co.uk. Customer Services 08717205546,en,kaggle
ham,I dunno until when... Lets go learn pilates...,en,kaggle
ham,"Oh fine, I'll be by tonight",en,kaggle
ham,WHORE YOU ARE UNBELIEVABLE.,en,kaggle
spam,FedEx: Envío internacional bloqueado en aduana. Pague tasas: https://fedex-aduana.net/pagar,es,synthetic_claude
ham,Oh ok..,en,kaggle
ham,Why you keeping me away like this,en,kaggle
spam,BBVA: Hemos bloqueado su tarjeta por seguridad. Llame urgentemente al 900 123 456 para desbloquearla.,es,synthetic_claude
ham,Howz that persons story,en,kaggle
ham,No management puzzeles.,en,kaggle
ham,I hope you know I'm still mad at you.,en,kaggle
ham,Su beca universitaria ha sido concedida. Recibirá el primer pago en los próximos 15 días.,es,synthetic_claude
ham,Yup i thk cine is better cos no need 2 go down 2 plaza mah.,en,kaggle
ham,"OH MR SHEFFIELD! You wanna play THAT game, okay. You're the boss and I'm the nanny. You give me a raise and I'll give YOU one!!",en,kaggle
ham,I could ask carlos if we could get more if anybody else can chip in,en,kaggle
ham,And by when you're done I mean now,en,kaggle
ham,Now only i reached home. . . I am very tired now. . I will come tomorro,en,kaggle
ham,"Hola, soy el director comercial. Mañana presentación con cliente a las 9. Todos en la sala A.",es,synthetic_claude
ham,Gud ni8 dear..slp well..take care..swt dreams..Muah..,en,kaggle
ham,What's a feathery bowa? Is that something guys have that I don't know about?,en,kaggle
spam,Únete a nuestro equipo de ventas online. Sin stock. Sin inversión. Gana 30% de comisión.,es,synthetic_claude
ham,Is there a reason we've not spoken this year? Anyways have a great week and all the best in your exam,en,kaggle
ham,"Can you tell Shola to please go to college of medicine and visit the academic department, tell the academic secretary what the current situation is and ask if she can transfer there. She should ask someone to check Sagamu for the same thing and lautech. Its vital she completes her medical education in Nigeria. Its less expensive much less expensive. Unless she will be getting citizen rates in new zealand.",en,kaggle
ham,"Me he quedado sin batería todo el día, perdona los mensajes perdidos",es,synthetic_claude
ham,Sorry * was at the grocers.,en,kaggle
spam,FreeMsg: Txt: CALL to No: 86888 & claim your reward of 3 hours talk time to use from your phone now! Subscribe6GBP/mnth inc 3hrs 16 stop?txtStop,en,kaggle
ham,"Alright, see you in a bit",en,kaggle
spam,Someone has conacted our dating service and entered your phone because they fancy you!To find out who it is call from landline 09111030116. PoBox12n146tf15,en,kaggle
spam,"Ur balance is now å£600. Next question: Complete the landmark, Big, A. Bob, B. Barry or C. Ben ?. Text A, B or C to 83738. Good luck!",en,kaggle
ham,Of course. I guess god's just got me on hold right now.,en,kaggle
ham,Acabo de ver tu mensaje. Perdona la tardanza en contestar.,es,synthetic_claude
ham,"How long has it been since you screamed, princess?",en,kaggle
spam,You have 1 new voicemail. Please call 08719181513.,en,kaggle
ham,would u fuckin believe it they didnt know i had thurs pre booked off so they re cancelled me AGAIN! that needs to b sacked,en,kaggle
ham,Please reserve ticket on saturday eve from chennai to thirunelvali and again from tirunelvali to chennai on sunday eve...i already see in net..no ticket available..i want to book ticket through tackle ..,en,kaggle
ham,I'm at bruce &amp; fowler now but I'm in my mom's car so I can't park (long story),en,kaggle
spam,Amazon Prime: Su suscripción vence mañana. Renueve en la app Amazon para no perder acceso.,es,synthetic_claude
ham,twenty past five he said will this train have been to durham already or not coz i am in a reserved seat,en,kaggle
ham,Hope you are having a good week. Just checking in,en,kaggle
ham,No current and food here. I am alone also,en,kaggle
ham,"Wen ur lovable bcums angry wid u, dnt take it seriously.. Coz being angry is d most childish n true way of showing deep affection, care n luv!.. kettoda manda... Have nice day da.",en,kaggle
ham,Tu veterinario recuerda la vacuna anual de tu mascota. Cita disponible esta semana.,es,synthetic_claude
ham,Those were my exact intentions,en,kaggle
ham,There are some nice pubs near here or there is Frankie n Bennys near the warner cinema?,en,kaggle
ham,Ya he mandado el dinero del alquiler por Bizum.,es,synthetic_claude
ham,"Sorry, I'll call later in meeting.",en,kaggle
spam,MásMóvil: Factura vencida. Para evitar la suspensión de servicio llame al 2373 inmediatamente.,es,synthetic_claude
ham,Oops. 4 got that bit.,en,kaggle
ham,This is my number by vivek..,en,kaggle
ham,Reunión de equipo cancelada por indisponibilidad del director. Reagendaremos esta semana.,es,synthetic_claude
ham,Hey i've booked the 2 lessons on sun liao...,en,kaggle
spam,Ur HMV Quiz cash-balance is currently å£500 - to maximize ur cash-in now send HMV1 to 86688 only 150p/msg,en,kaggle
ham,Hi Harish's rent has been transfred to ur Acnt.,en,kaggle
spam,El Corte Inglés: Su número de cliente ha sido premiado con un viaje valorado en 800€: https://eci-viaje.top,es,synthetic_claude
ham,"Time n Smile r the two crucial things in our life. Sometimes time makes us to forget smile, and sometimes someone's smile makes us to forget time gud noon",en,kaggle
ham,I don't think he has spatula hands!,en,kaggle
ham,Yes! I am a one woman man! Please tell me your likes and dislikes in bed...,en,kaggle
spam,Aviso sanitario: necesita vacunación urgente. Pida cita en su centro de salud llamando al 900 444 555.,es,synthetic_claude
ham,watever reLation u built up in dis world only thing which remains atlast iz lonlines with lotz n lot memories! feeling..,en,kaggle
ham,Oh :-)only 4 outside players allowed to play know,en,kaggle
ham,Erm. I thought the contract ran out the4th of october.,en,kaggle
ham,Hows the pain dear?y r u smiling?,en,kaggle
ham,I'll talk to the others and probably just come early tomorrow then,en,kaggle
ham,THANX4 TODAY CER IT WAS NICE 2 CATCH UP BUT WE AVE 2 FIND MORE TIME MORE OFTEN OH WELL TAKE CARE C U SOON.C,en,kaggle
spam,Gana dinero extra en Navidad: empaqueta regalos desde casa para empresa española. 12€/hora.,es,synthetic_claude
ham,Great. So should i send you my account number.,en,kaggle
ham,"Dont give a monkeys wot they think and i certainly don't mind. Any friend of mine&all that! Just don't sleep wiv , that wud be annoyin!",en,kaggle
ham,Pathaya enketa maraikara pa',en,kaggle
ham,Hahaha..use your brain dear,en,kaggle
ham,No it's waiting in e car dat's bored wat. Cos wait outside got nothing 2 do. At home can do my stuff or watch tv wat.,en,kaggle
ham,If you don't respond imma assume you're still asleep and imma start calling n shit,en,kaggle
spam,HMV BONUS SPECIAL 500 pounds of genuine HMV vouchers to be won. Just answer 4 easy questions. Play Now! Send HMV to 86688 More info:www.100percent-real.com,en,kaggle
ham,Let me know if you need anything else. Salad or desert or something... How many beers shall i get?,en,kaggle
ham,Tessy..pls do me a favor. Pls convey my birthday wishes to Nimya..pls dnt forget it. Today is her birthday Shijas,en,kaggle
ham,Pls call me da. What happen.,en,kaggle
ham,"Aight, I'll hit you up when I get some cash",en,kaggle
ham,No it will reach by 9 only. She telling she will be there. I dont know,en,kaggle
ham,"FRAN I DECIDED 2 GO N E WAY IM COMPLETELY BROKE AN KNACKERED I GOT UP BOUT 3 C U 2MRW LOVE JANX P.S THIS IS MY DADS FONE, -NO CREDIT",en,kaggle
ham,"Beautiful Truth against Gravity.. Read carefully: \Our heart feels light when someone is in it.. But it feels very heavy when someone leaves it..\"""" GOOD NIGHT""""",en,kaggle
spam,FREE UNLIMITED HARDCORE PORN direct 2 your mobile Txt PORN to 69200 & get FREE access for 24 hrs then chrgd@50p per day txt Stop 2exit. This msg is free,en,kaggle
ham,Ha... Both of us doing e same thing. But i got tv 2 watch. U can thk of where 2 go tonight or u already haf smth in mind...,en,kaggle
ham,I don't want you to leave. But i'm barely doing what i can to stay sane. fighting with you constantly isn't helping.,en,kaggle
ham,Oh just getting even with u.... u?,en,kaggle
ham,Whens your radio show?,en,kaggle
ham,Ultimately tor motive tui achieve korli.,en,kaggle
ham,Hasn't that been the pattern recently crap weekends?,en,kaggle
ham,She.s fine. I have had difficulties with her phone. It works with mine. Can you pls send her another friend request.,en,kaggle
ham,He also knows about lunch menu only da. . I know,en,kaggle
ham,Alright i have a new goal now,en,kaggle
ham,Mmmm ... Fuck ... Not fair ! You know my weaknesses ! *grins* *pushes you to your knee's* *exposes my belly and pulls your head to it* Don't forget ... I know yours too *wicked smile*,en,kaggle
ham,Ic. There are a lotta childporn cars then.,en,kaggle
ham,"That means you got an A in epi, she.s fine. She.s here now.",en,kaggle
ham,"Fuck babe ... I miss you already, you know ? Can't you let me send you some money towards your net ? I need you ... I want you ... I crave you ...",en,kaggle
ham,"K, can I pick up another 8th when you're done?",en,kaggle
ham,Sorry i missed your call. Can you please call back.,en,kaggle
ham,"A swt thought: \Nver get tired of doing little things 4 lovable persons..\"""" Coz..somtimes those little things occupy d biggest part in their Hearts.. Gud ni8""""",en,kaggle
ham,"Awesome question with a cute answer: Someone asked a boy \how is ur life?\"""" . . He smiled &amp"";"" answered: . . \""""She is fine!\"""" Gudnite""""",en,kaggle
ham,MY NEW YEARS EVE WAS OK. I WENT TO A PARTY WITH MY BOYFRIEND. WHO IS THIS SI THEN HEY,en,kaggle
ham,* Will be september by then!,en,kaggle
ham,So how's the weather over there?,en,kaggle
ham,TaKe CaRE n gET WeLL sOOn,en,kaggle
ham,Hope you are feeling great. Pls fill me in. Abiola,en,kaggle
ham,"K, can that happen tonight?",en,kaggle
ham,Hi there. We have now moved in2 our pub . Would be great 2 c u if u cud come up.,en,kaggle
ham,Some of them told accenture is not confirm. Is it true.,en,kaggle
ham,Waaaat?? Lololo ok next time then!,en,kaggle
spam,"accordingly. I repeat, just text the word ok on your mobile phone and send",en,kaggle
ham,You give us back my id proof and  &lt;#&gt;  rs. We wont allow you to work. We will come to your home within days,en,kaggle
ham,S'fine. Anytime. All the best with it.,en,kaggle
ham,"that would be good Û_ I'll phone you tomo lunchtime, shall I, to organise something?",en,kaggle
ham,I have a sore throat. It's scratches when I talk,en,kaggle
spam,"URGENT! Your Mobile No was awarded a å£2,000 Bonus Caller Prize on 1/08/03! This is our 2nd attempt to contact YOU! Call 0871-4719-523 BOX95QU BT National Rate",en,kaggle
ham,Have a great trip to India. And bring the light to everyone not just with the project but with everyone that is lucky to see you smile. Bye. Abiola,en,kaggle
ham,Have you always been saying welp?,en,kaggle
spam,CaixaBank: Su cuenta ha sido temporalmente suspendida. Restablezca el acceso: https://caixa-acceso.xyz/restaurar,es,synthetic_claude
spam,"YOU VE WON! Your 4* Costa Del Sol Holiday or å£5000 await collection. Call 09050090044 Now toClaim. SAE, TC s, POBox334, Stockport, SK38xh, Costå£1.50/pm, Max10mins",en,kaggle
ham,Depends on individual lor e hair dresser say pretty but my parents say look gong. U kaypoh.. I also dunno wat she collecting.,en,kaggle
ham,I want to see your pretty pussy...,en,kaggle
ham,Well i will watch shrek in 3D!!B),en,kaggle
ham,Lol they were mad at first but then they woke up and gave in.,en,kaggle
ham,El vuelo llega con 2 horas de retraso. No vengas a buscarme todavía.,es,synthetic_claude
ham,Oh ok wait 4 me there... My lect havent finish,en,kaggle
ham,Dear where you. Call me,en,kaggle
ham,Cool. So how come you havent been wined and dined before?,en,kaggle
ham,That's necessarily respectful,en,kaggle
ham,"\CAN I PLEASE COME UP NOW IMIN TOWN.DONTMATTER IF URGOIN OUTL8R,JUST REALLYNEED 2DOCD.PLEASE DONTPLEASE DONTIGNORE MYCALLS,""""U NO THECD ISV.IMPORTANT TOME 4 2MORO\""""""""""""""""""""",en,kaggle
ham,"Mañana es el cumple de la abuela, no te olvides de llamarla",es,synthetic_claude
ham,Wat's my dear doing? Sleeping ah?,en,kaggle
ham,"Carlos took a while (again), we leave in a minute",en,kaggle
ham,I agree. So i can stop thinkin about ipad. Can you please ask macho the same question.,en,kaggle
ham,"Sometimes we put walls around our hearts,not just to be safe from getting hurt.. But to find out who cares enough to break the walls &amp"";"" get closer.. GOODNOON:)",en,kaggle
ham,K da:)how many page you want?,en,kaggle
ham,"The world is running and i am still.maybe all are feeling the same,so be it.or i have to admit,i am mad.then where is the correction?or let me call this is life.and keep running with the world,may be u r also running.lets run.",en,kaggle
spam,UR awarded a City Break and could WIN a å£200 Summer Shopping spree every WK. Txt STORE to 88039 . SkilGme. TsCs087147403231Winawk!Age16 å£1.50perWKsub,en,kaggle
ham,Ok..,en,kaggle
spam,FREE MSG:We billed your mobile number by mistake from shortcode 83332.Please call 08081263000 to have charges refunded.This call will be free from a BT landline,en,kaggle
ham,Lol yes. Our friendship is hanging on a thread cause u won't buy stuff.,en,kaggle
ham,Friendship poem: Dear O Dear U R Not Near But I Can Hear Dont Get Fear Live With Cheer No More Tear U R Always my Dear. Gud ni8,en,kaggle
ham,Or u ask they all if next sat can a not. If all of them can make it then i'm ok lor.,en,kaggle
ham,How come she can get it? Should b quite diff to guess rite...,en,kaggle
spam,Bankia AVISO: Su sesión ha expirado por seguridad. Vuelva a acceder: https://bankia-online.xyz/login,es,synthetic_claude
ham,"No! But we found a diff farm shop to buy some cheese. On way back now, can i call in?",en,kaggle
spam,Ministerio de Hacienda: Tiene derecho a una devolución de 180€. Llame al 901 33 55 33 para reclamarla.,es,synthetic_claude
ham,Finished class where are you.,en,kaggle
ham,Lmao ok I wont be needing u to do my hair anymore.,en,kaggle
ham,It just seems like weird timing that the night that all you and g want is for me to come smoke is the same day as when a shitstorm is attributed to me always coming over and making everyone smoke,en,kaggle
ham,"Sorry I flaked last night, shit's seriously goin down with my roommate, what you up to tonight?",en,kaggle
ham,"Good afternoon on this glorious anniversary day, my sweet J !! I hope this finds you happy and content, my Prey. I think of you and send a teasing kiss from across the sea coaxing images of fond souveniers ... You Cougar-Pen",en,kaggle
ham,Tell your friends what you plan to do on Valentines day @ &lt;URL&gt,en,kaggle
ham,The beauty of life is in next second.. which hides thousands of secrets. I wish every second will be wonderful in ur life...!! gud n8,en,kaggle
spam,Hi. Customer Loyalty Offer:The NEW Nokia6650 Mobile from ONLY å£10 at TXTAUCTION! Txt word: START to No: 81151 & get yours Now! 4T&Ctxt TC 150p/MTmsg,en,kaggle
ham,Lol yeah at this point I guess not,en,kaggle
ham,From 5 to 2 only my work timing.,en,kaggle
ham,Now thats going to ruin your thesis!,en,kaggle
spam,SEPE: Su prestación por desempleo vence mañana. Renuévela en su oficina de empleo más cercana.,es,synthetic_claude
ham,Lol I know! Hey someone did a great inpersonation of flea on the forums. I love it!,en,kaggle
ham,Que pases un buen tiempo or something like that,en,kaggle
ham,Yep get with the program. You're slacking.,en,kaggle
ham,That means from february to april i'll be getting a place to stay down there so i don't have to hustle back and forth during audition season as i have since my sister moved away from harlem.,en,kaggle
ham,Ryder unsold.now gibbs.,en,kaggle
ham,Wat Ì_ doing now?,en,kaggle
spam,Trabaja con nosotros y gana entre 50€ y 200€ al día publicando en redes sociales.,es,synthetic_claude
ham,Ok... I din get ur msg...,en,kaggle
ham,2marrow only. Wed at  &lt;#&gt;  to 2 aha.,en,kaggle
spam,URGENT! Your Mobile number has been awarded a <UKP>2000 prize GUARANTEED. Call 09061790125 from landline. Claim 3030. Valid 12hrs only 150ppm,en,kaggle
ham,Hey you can pay. With salary de. Only  &lt;#&gt; .,en,kaggle
spam,DGT: Retención de vehículo por deuda pendiente. Regularice su situación: https://dgt-retencion.top,es,synthetic_claude
ham,Thank you princess! I want to see your nice juicy booty...,en,kaggle
ham,Ok.ok ok..then..whats ur todays plan,en,kaggle
ham,"Good afternoon loverboy ! How goes you day ? Any luck come your way? I think of you, sweetie and send my love across the sea to make you smile and happy",en,kaggle
ham,U horrible gal... U knew dat i was going out wif him yest n u still come n ask me...,en,kaggle
ham,My sister cleared two round in birla soft yesterday.,en,kaggle
ham,On the way to office da..,en,kaggle
ham,I am sorry it hurt you.,en,kaggle
ham,¿Cómo llevas el trabajo? Hace semanas que no hablamos,es,synthetic_claude
ham,"Fair enough, anything going on?",en,kaggle
ham,No. It's not pride. I'm almost  &lt;#&gt;  years old and shouldn't be takin money from my kid. You're not supposed to have to deal with this stuff. This is grownup stuff--why i don't tell you.,en,kaggle
spam,BIG BROTHER ALERT! The computer has selected u for 10k cash or #150 voucher. Call 09064018838. NTT PO Box CRO1327 18+ BT Landline Cost 150ppm mobiles vary,en,kaggle
ham,Where are you ? What do you do ? How can you stand to be away from me ? Doesn't your heart ache without me ? Don't you wonder of me ? Don't you crave me ?,en,kaggle
ham,Tribunal Superior de Justicia: Le citamos como testigo el 10/04 a las 10:00. Sala 3.,es,synthetic_claude
ham,"Hi Chikku, send some nice msgs",en,kaggle
ham,tap & spile at seven. * Is that pub on gas st off broad st by canal. Ok?,en,kaggle
ham,Haven't heard anything and he's not answering my texts so I'm guessing he flaked. That said the jb is fantastic,en,kaggle
ham,I'm meeting Darren...,en,kaggle
spam,Seguridad Social: Su baja laboral no ha sido tramitada correctamente. Contacte con su médico urgente.,es,synthetic_claude
ham,I got to video tape pple type in message lor. U so free wan 2 help me? Hee... Cos i noe u wan 2 watch infernal affairs so ask u along. Asking shuhui oso.,en,kaggle
ham,Hiya do u like the hlday pics looked horrible in them so took mo out! Hows the camp Amrca thing? Speak soon Serena:),en,kaggle
ham,"Yeah there's barely enough room for the two of us, x has too many fucking shoes. Sorry man, see you later",en,kaggle
spam,"Congratulations! Thanks to a good friend U have WON the å£2,000 Xmas prize. 2 claim is easy, just call 08718726978 NOW! Only 10p per minute. BT-national-rate",en,kaggle
ham,"So you think i should actually talk to him? Not call his boss in the morning? I went to this place last year and he told me where i could go and get my car fixed cheaper. He kept telling me today how much he hoped i would come back in, how he always regretted not getting my number, etc.",en,kaggle
ham,Dear :-/ why you mood off. I cant drive so i brother to drive,en,kaggle
ham,K I'll be sure to get up before noon and see what's what,en,kaggle
spam,Aldi España: ¡Ha ganado un lote de productos valorado en 250€! Recójalo: https://aldi-lote.xyz/recoger,es,synthetic_claude
ham,Baaaaaaaabe! Wake up ! I miss you ! I crave you! I need you!,en,kaggle
ham,Su cita en el Registro Civil para el día 19 de marzo está confirmada. Traiga su DNI en vigor.,es,synthetic_claude
ham,So that means you still think of teju,en,kaggle
ham,Wylie update: my weed dealer carlos went to freedom and had a class with lunsford,en,kaggle
ham,Why don't you go tell your friend you're not sure you want to live with him because he smokes too much then spend hours begging him to come smoke,en,kaggle
spam,WhatsApp: Su cuenta ha sido bloqueada por actividad sospechosa. Verifique su número en la app.,es,synthetic_claude
ham,"He will, you guys close?",en,kaggle
ham,In other news after hassling me to get him weed for a week andres has no money. HAUGHAIGHGTUJHYGUJ,en,kaggle
spam,Had your mobile 11mths ? Update for FREE to Oranges latest colour camera mobiles & unlimited weekend calls. Call Mobile Upd8 on freefone 08000839402 or 2StopTxt,en,kaggle
spam,"LookAtMe!: Thanks for your purchase of a video clip from LookAtMe!, you've been charged 35p. Think you can do better? Why not send a video in a MMSto 32323.",en,kaggle
ham,"Hello, my love! How goes that day ? I wish your well and fine babe and hope that you find some job prospects. I miss you, boytoy ... *a teasing kiss*",en,kaggle
ham,Leaving to qatar tonite in search of an opportunity.all went fast.pls add me in ur prayers dear.Rakhesh,en,kaggle
ham,Arun can u transfr me d amt,en,kaggle
ham,"Buzz! Hey, my Love ! I think of you and hope your day goes well. Did you sleep in ? I miss you babe. I long for the moment we are together again*loving smile*",en,kaggle
ham,Yup,en,kaggle
spam,Bored housewives! Chat n date now! 0871750.77.11! BT-national rate 10p/min only from landlines!,en,kaggle
ham,Oh god i am happy to see your message after 3 days,en,kaggle
ham,If we win its really no 1 side for long time.,en,kaggle
ham,"The guy at the car shop who was flirting with me got my phone number from the paperwork and called and texted me. I'm nervous because of course now he may have my address. Should i call his boss and tell him, knowing this may get him fired?",en,kaggle
ham,K:)k:)what are detail you want to transfer?acc no enough?,en,kaggle
ham,Id have to check but there's only like 1 bowls worth left,en,kaggle
spam,Trabaja desde casa ganando hasta 1.200€/semana. Sin experiencia. Plazas limitadas. Apúntate ya.,es,synthetic_claude
ham,"Wait that's still not all that clear, were you not sure about me being sarcastic or that that's why x doesn't want to live with us",en,kaggle
ham,U having lunch alone? I now so bored...,en,kaggle
ham,I wish! I don't think its gonna snow that much. But it will be more than those flurries we usually get that melt before they hit the ground. Eek! We haven't had snow since &lt;#&gt; before I was even born!,en,kaggle
ham,I enjoy watching and playing football and basketball. Anything outdoors. And you?,en,kaggle
ham,S s..first time..dhoni rocks...,en,kaggle
ham,Okay name ur price as long as its legal! Wen can I pick them up? Y u ave x ams xx,en,kaggle
ham,"Sorry, it's a lot of friend-of-a-friend stuff, I'm just now about to talk to the actual guy who wants to buy",en,kaggle
ham,Was gr8 to see that message. So when r u leaving? Congrats dear. What school and wat r ur plans.,en,kaggle
ham,I have gone into get info bt dont know what to do,en,kaggle
ham,I've told him that i've returned it. That should i re order it.,en,kaggle
ham,Amazon: Su pedido #302-9182736 ha sido enviado. Entrega estimada el jueves 20/03.,es,synthetic_claude
ham,Thanx 4 2day! U r a goodmate I THINK UR RITE SARY! ASUSUAL!1 U CHEERED ME UP! LOVE U FRANYxxxxx,en,kaggle
ham,Thanks  and ! Or bomb and date as my phone wanted to say!,en,kaggle
ham,if you text on your way to cup stop that should work. And that should be BUS,en,kaggle
ham,Your brother is a genius,en,kaggle
spam,"FreeMsg Hey U, i just got 1 of these video/pic fones, reply WILD to this txt & ill send U my pics, hurry up Im so bored at work xxx (18 150p/rcvd STOP2stop)",en,kaggle
ham,Lovely smell on this bus and it ain't tobacco...,en,kaggle
ham,Tmr then Ì_ brin lar... Aiya later i come n c lar... Mayb Ì_ neva set properly Ì_ got da help sheet wif Ì_...,en,kaggle
ham,Dont worry. I guess he's busy.,en,kaggle
ham,U really pig leh sleep so much. My dad wake me up at 10 smth 2 eat lunch today.,en,kaggle
spam,"HOT LIVE FANTASIES call now 08707509020 Just 20p per min NTT Ltd, PO Box 1327 Croydon CR9 5WB 0870 is a national rate call",en,kaggle
ham,Oh k. . I will come tomorrow,en,kaggle
ham,"Good morning, im suffering from fever and dysentry ..will not be able to come to office today.",en,kaggle
ham,Its a site to simulate the test. It just gives you very tough questions to test your readiness.,en,kaggle
ham,"Did you say bold, then torch later. Or one torch and 2bold?",en,kaggle
ham,"Only just got this message, not ignoring you. Yes, i was. Shopping that is",en,kaggle
ham,Su código de verificación para Bizum es 719382. Válido 10 minutos.,es,synthetic_claude
ham,"How long before you get reply, just defer admission til next semester",en,kaggle
ham,Sorry sent blank msg again. Yup but trying 2 do some serious studying now.,en,kaggle
spam,URGENT This is our 2nd attempt to contact U. Your å£900 prize from YESTERDAY is still awaiting collection. To claim CALL NOW 09061702893,en,kaggle
spam,"URGENT! Your Mobile No 07808726822 was awarded a å£2,000 Bonus Caller Prize on 02/09/03! This is our 2nd attempt to contact YOU! Call 0871-872-9758 BOX95QU",en,kaggle
ham,"Aight no rush, I'll ask jay",en,kaggle
spam,"SIX chances to win CASH! From 100 to 20,000 pounds txt> CSH11 and send to 87575. Cost 150p/day, 6days, 16+ TsandCs apply Reply HL 4 info",en,kaggle
spam,Aldi: Ha ganado nuestro sorteo navideño. Recoja su cesta en su tienda habitual con DNI.,es,synthetic_claude
ham,I ain't answerin no phone at what is actually a pretty reasonable hour but I'm sleepy,en,kaggle
spam,Do you want 750 anytime any network mins 150 text and a NEW video phone for only five pounds per week call 08000776320 now or reply for delivery Tomorrow,en,kaggle
ham,"Good afternon, my love. How are today? I hope your good and maybe have some interviews. I wake and miss you babe. A passionate kiss from across the sea",en,kaggle
ham,There are no other charges after transfer charges and you can withdraw anyhow you like,en,kaggle
ham,Ugh I don't wanna get out of bed. It's so warm.,en,kaggle
ham,Ard 4 lor...,en,kaggle
ham,You are a great role model. You are giving so much and i really wish each day for a miracle but God as a reason for everything and i must say i wish i knew why but i dont. I've looked up to you since i was young and i still do. Have a great day.,en,kaggle
ham,¿Quedamos para el domingo? Podríamos ir a la sierra si hace buen tiempo,es,synthetic_claude
ham,Tu abono de transporte público ha caducado. Renuévalo en cualquier máquina de metro.,es,synthetic_claude
ham,S...i will take mokka players only:),en,kaggle
ham,Gd luck 4 ur exams :-),en,kaggle
ham,"K will do, addie &amp"";"" I are doing some art so I'll be here when you get home",en,kaggle
spam,Orange: Consumo de datos agotado. Compre un bono de datos: https://orange-datos.xyz/comprar,es,synthetic_claude
ham,Where in abj are you serving. Are you staying with dad or alone.,en,kaggle
ham,"Velly good, yes please!",en,kaggle
ham,"OH YEAH,AND HAV A GREAT TIME IN NEWQUAY-SEND ME A POSTCARD !1 LOOK AFTER ALL THE GIRLS WHILE IM GONE(U KNOW THE 1IM TALKIN BOUT!)xx",en,kaggle
spam,Bloomberg -Message center +447797706009 Why wait? Apply for your future http://careers. bloomberg.com,en,kaggle
ham,Yes its possible but dint try. Pls dont tell to any one k,en,kaggle
ham,Acabo de salir del trabajo. Tardo como 30 minutos.,es,synthetic_claude
ham,"I can make it up there, squeezed  &lt"";#&gt;""  bucks out of my dad",en,kaggle
spam,Sorry I missed your call let's talk when you have the time. I'm on 07090201529,en,kaggle
ham,I can't describe how lucky you are that I'm actually awake by noon,en,kaggle
ham,What's nannys address?,en,kaggle
spam,We tried to contact you re your reply to our offer of a Video Handset? 750 anytime any networks mins? UNLIMITED TEXT? Camcorder? Reply or call 08000930705 NOW,en,kaggle
ham,Ok.. ÌÏ finishing soon?,en,kaggle
ham,In meeting da. I will call you,en,kaggle
spam,WIN a year supply of CDs 4 a store of ur choice worth å£500 & enter our å£100 Weekly draw txt MUSIC to 87066 Ts&Cs www.Ldew.com.subs16+1win150ppmx3,en,kaggle
spam,Repsol: ¡Enhorabuena! Ha ganado 100€ en combustible. Llame al 900 100 100 para reclamar su premio.,es,synthetic_claude
ham,Tell me again what your address is,en,kaggle
ham,K.:)do it at evening da:)urgent:),en,kaggle
ham,But pls dont play in others life.,en,kaggle
ham,Dude just saw a parked car with its sunroof popped up. Sux,en,kaggle
ham,Raji..pls do me a favour. Pls convey my Birthday wishes to Nimya. Pls. Today is her birthday.,en,kaggle
ham,Aviso de empresa: mañana no hay comedor. Traed bocadillo o pedid comida a domicilio.,es,synthetic_claude
ham,"That way transport is less problematic than on sat night. By the way, if u want to ask  n  to join my bday, feel free. But need to know definite nos as booking on fri. ",en,kaggle
ham,Thanks for yesterday sir. You have been wonderful. Hope you enjoyed the burial. MojiBiola,en,kaggle
ham,Great. Hope you are using your connections from mode men also cos you can never know why old friends can lead you to today,en,kaggle
ham,Eatin my lunch...,en,kaggle
ham,"Hi hope u get this txt~journey hasnt been gd,now about 50 mins late I think.",en,kaggle
ham,Yup i thk they r e teacher said that will make my face look longer. Darren ask me not 2 cut too short.,en,kaggle
ham,Im done. Just studyn in library,en,kaggle
ham,Yar i wanted 2 scold u yest but late already... I where got zhong se qing you? If u ask me b4 he ask me then i'll go out w u all lor. N u still can act so real.,en,kaggle
ham,"K, wait chikku..il send aftr  &lt"";#&gt;"" mins",en,kaggle
ham,MAYBE IF YOU WOKE UP BEFORE FUCKING 3 THIS WOULDN'T BE A PROBLEM.,en,kaggle
ham,Thanks. It was only from tescos but quite nice. All gone now. Speak soon,en,kaggle
ham,"I got another job! The one at the hospital doing data analysis or something, starts on monday! Not sure when my thesis will got finished",en,kaggle
ham,Ladies first and genus second k .,en,kaggle
spam,Your next amazing xxx PICSFREE1 video will be sent to you enjoy! If one vid is not enough for 2day text back the keyword PICSFREE1 to get the next video.,en,kaggle
ham,ÌÏ dun need to pick ur gf?,en,kaggle
ham,Sending you greetings of joy and happiness. Do have a gr8 evening,en,kaggle
ham,"Hi. Hope ur day * good! Back from walk, table booked for half eight. Let me know when ur coming over.",en,kaggle
ham,"I sent my scores to sophas and i had to do secondary application for a few schools. I think if you are thinking of applying, do a research on cost also. Contact joke ogunrinde, her school is one me the less expensive ones",en,kaggle
ham,Oh for fuck's sake she's in like tallahassee,en,kaggle
ham,"God picked up a flower and dippeditinaDEW, lovingly touched itwhichturnedinto u, and the he gifted tomeandsaid,THIS FRIEND IS 4U",en,kaggle
spam,"URGENT! You have won a 1 week FREE membership in our å£100,000 Prize Jackpot! Txt the word: CLAIM to No: 81010 T&C www.dbuk.net LCCLTD POBOX 4403LDNW1A7RW18",en,kaggle
spam,"449050000301 You have won a å£2,000 price! To claim, call 09050000301.",en,kaggle
ham,"Y cant u try new invention to fly..i'm not joking.,",en,kaggle
spam,BP: Ha sido seleccionado para recibir 100€ de combustible gratis: https://bp-combustible.net/gratis,es,synthetic_claude
ham,U sick still can go shopping?,en,kaggle
ham,Probably gonna swing by in a wee bit,en,kaggle
spam,Santander: Detectamos un intento de fraude en su tarjeta VISA. Protéjala: https://sant-protege.net/tarjeta,es,synthetic_claude
ham,How's it feel? Mr. Your not my real Valentine just my yo Valentine even tho u hardly play!!,en,kaggle
ham,Watching ajith film ah?,en,kaggle
ham,Ok... U enjoy ur shows...,en,kaggle
ham,Correct. So how was work today,en,kaggle
ham,Can Ì_ all decide faster cos my sis going home liao..,en,kaggle
spam,Amazon: Su pedido #302-8472916 está retenido por dirección incorrecta. Actualícela: https://amzn-entrega.top,es,synthetic_claude
ham,Hi. Happy New Year. I dont mean to intrude but can you pls let me know how much tuition you paid last semester and how much this semester is. Thanks,en,kaggle
ham,"Madam,regret disturbance.might receive a reference check from DLF Premarica.kindly be informed.Rgds,Rakhesh,Kerala.",en,kaggle
ham,Yes.mum lookin strong:),en,kaggle
ham,Fine i miss you very much.,en,kaggle
ham,Anything...,en,kaggle
ham,We have pizza if u want,en,kaggle
ham,"Tunji, how's the queen? how are you doing. This is just wishing you a great day. Abiola.",en,kaggle
spam,"Loan for any purpose å£500 - å£75,000. Homeowners + Tenants welcome. Have you been previously refused? We can still help. Call Free 0800 1956669 or text back 'help'",en,kaggle
ham,I am late. I will be there at,en,kaggle
ham,K I'll call you when I'm close,en,kaggle
ham,Uber Eats: Tu pedido de Burger King está siendo preparado. Llegada estimada: 20 min.,es,synthetic_claude
spam,We tried to contact you re our offer of New Video Phone 750 anytime any network mins HALF PRICE Rental camcorder call 08000930705 or reply for delivery Wed,en,kaggle
ham,You can never do NOTHING,en,kaggle
ham,Dare i ask... Any luck with sorting out the car?,en,kaggle
ham,True lov n care wil nevr go unrecognized. though somone often makes mistakes when valuing it. but they will definitly undrstnd once when they start missing it.,en,kaggle
spam,Knock Knock Txt whose there to 80082 to enter r weekly draw 4 a å£250 gift voucher 4 a store of yr choice. T&Cs www.tkls.com age16 to stoptxtstopå£1.50/week,en,kaggle
ham,-) ok. I feel like john lennon.,en,kaggle
ham,Wewa is 130. Iriver 255. All 128 mb.,en,kaggle
ham,Going to take your babe out ?,en,kaggle
ham,"If i let you do this, i want you in the house by 8am.",en,kaggle
ham,Ha... U jus ate honey ar? So sweet...,en,kaggle
spam,INTERFLORA - åÒIt's not too late to order Interflora flowers for christmas call 0800 505060 to place your order before Midnight tomorrow.,en,kaggle
spam,Santander: Su cuenta tiene acceso restringido. Para reactivarla llame al 910 042 042 inmediatamente.,es,synthetic_claude
spam,Wanna get laid 2nite? Want real Dogging locations sent direct to ur mobile? Join the UK's largest Dogging Network. Txt PARK to 69696 now! Nyt. ec2a. 3lp å£1.50/msg,en,kaggle
ham,"Compañero, ¿me puedes cubrir la guardia del martes? Te debo una.",es,synthetic_claude
ham,Will purchase d stuff today and mail to you. Do you have a po box number?,en,kaggle
spam,Please call our customer service representative on FREEPHONE 0808 145 4742 between 9am-11pm as you have WON a guaranteed å£1000 cash or å£5000 prize!,en,kaggle
ham,"4 tacos + 1 rajas burrito, right?",en,kaggle
ham,Have you got Xmas radio times. If not i will get it now,en,kaggle
ham,hi baby im cruisin with my girl friend what r u up 2? give me a call in and hour at home if thats alright or fone me on this fone now love jenny xxx,en,kaggle
ham,K..k.:)congratulation ..,en,kaggle
ham,"Yeah there's quite a bit left, I'll swing by tomorrow when I get up",en,kaggle
ham,Thanks for your message. I really appreciate your sacrifice. I'm not sure of the process of direct pay but will find out on my way back from the test tomorrow. I'm in class now. Do have a wonderful day.,en,kaggle
ham,Talk to g and x about that,en,kaggle
ham,Aight sorry I take ten years to shower. What's the plan?,en,kaggle
ham,Many more happy returns of the day. I wish you happy birthday.,en,kaggle
ham,Today iZ Yellow rose day. If u love my frndship give me 1 misscall &amp; send this to ur frndZ &amp; See how many miss calls u get. If u get 6missed U marry ur Lover.,en,kaggle
ham,Yes I know the cheesy songs from frosty the snowman :),en,kaggle
ham,"Pity, * was in mood for that. So...any other suggestions?",en,kaggle
ham,Also track down any lighters you can find,en,kaggle
ham,Boy; I love u Grl: Hogolo Boy: gold chain kodstini Grl: Agalla Boy: necklace madstini Grl: agalla Boy: Hogli 1 mutai eerulli kodthini! Grl: I love U kano;-),en,kaggle
ham,"What's up bruv, hope you had a great break. Do have a rewarding semester.",en,kaggle
ham,You all ready for * big day tomorrow?,en,kaggle
ham,Tell them no need to investigate about me anywhere.,en,kaggle
ham,HELLO PEACH! MY CAKE TASTS LUSH!,en,kaggle
spam,Urgent Please call 09066612661 from landline. å£5000 cash or a luxury 4* Canary Islands Holiday await collection. T&Cs SAE award. 20M12AQ. 150ppm. 16+ ÛÏ,en,kaggle
ham,K..k:)where are you?how did you performed?,en,kaggle
ham,HI DARLIN I FINISH AT 3 DO U 1 2 PICK ME UP OR MEET ME? TEXT BACK ON THIS NUMBER LUV KATE XXX,en,kaggle
spam,Bizum: Pago de 299€ pendiente de validación. Confirme o cancele: https://bizum-pago.top/confirmar,es,synthetic_claude
spam,FedEx: Su paquete lleva 10 días en depósito por ausencia. Última oportunidad de recogida.,es,synthetic_claude
ham,What time. IÛ÷m out until prob 3 or so,en,kaggle
spam,dating:i have had two of these. Only started after i sent a text to talk sport radio last week. Any connection do you think or coincidence?,en,kaggle
ham,"Hey there! Glad u r better now. I hear u treated urself to a digi cam, is it good? We r off at 9pm. Have a fab new year, c u in coupla wks!",en,kaggle
ham,No:-)i got rumour that you going to buy apartment in chennai:-),en,kaggle
spam,"LIDL España: Cliente nº 738291, ha ganado nuestra cesta de Navidad valorada en 300€: https://lidl-premio.xyz/reclamar",es,synthetic_claude
spam,88066 FROM 88066 LOST 3POUND HELP,en,kaggle
ham,have got * few things to do. may be in * pub later.,en,kaggle
ham,Yeah right! I'll bring my tape measure fri!,en,kaggle
ham,Ministerio de Hacienda: Su solicitud de aplazamiento de deuda ha sido aprobada. 6 cuotas de 120€.,es,synthetic_claude
ham,Many times we lose our best ones bcoz we are,en,kaggle
ham,Su pedido de Mango ha salido del almacén. Entrega en 2-3 días laborables.,es,synthetic_claude
ham,Lol no ouch but wish i'd stayed out a bit longer,en,kaggle
ham,Dont let studying stress you out. L8r.,en,kaggle
spam,GENT! We are trying to contact you. Last weekends draw shows that you won a å£1000 prize GUARANTEED. Call 09064012160. Claim Code K52. Valid 12hrs only. 150ppm,en,kaggle
ham,If I die I want u to have all my stuffs.,en,kaggle
ham,Please sen :)my kind advice :-)please come here and try:-),en,kaggle
ham,"Arms fine, how's Cardiff and uni? ",en,kaggle
spam,Mobile Club: Choose any of the top quality items for your mobile. 7cfca1a,en,kaggle
ham,I am waiting for your call sir.,en,kaggle
ham,"G says you never answer your texts, confirm/deny",en,kaggle
ham,"And how you will do that, princess? :)",en,kaggle
ham,U attend ur driving lesson how many times a wk n which day?,en,kaggle
ham,You should know now. So how's anthony. Are you bringing money. I've school fees to pay and rent and stuff like that. Thats why i need your help. A friend in need....|,en,kaggle
ham,So u workin overtime nigpun?,en,kaggle
spam,Correos: Intentamos entregar su paquete pero no había nadie. Llame al 902 197 197 para reprogramar.,es,synthetic_claude
ham,Okay... I booked all already... Including the one at bugis.,en,kaggle
ham,I'm home. Ard wat time will u reach?,en,kaggle
ham,Û_ and donÛ÷t worry weÛ÷ll have finished by march Û_ ish!,en,kaggle
spam,Seguridad Social: Debe actualizar sus datos bancarios para el cobro de prestaciones. Llame al 901 16 65 65.,es,synthetic_claude
ham,WOT U UP 2 J?,en,kaggle
ham,What you doing?how are you?,en,kaggle
ham,Ok going to sleep. Hope i can meet her.,en,kaggle
ham,"Nah can't help you there, I've never had an iphone",en,kaggle
spam,This is the 2nd time we have tried to contact u. U have won the å£1450 prize to claim just call 09053750005 b4 310303. T&Cs/stop SMS 08718725756. 140ppm,en,kaggle
ham,Yes. They replied my mail. I'm going to the management office later. Plus will in to bank later also.or on wednesday.,en,kaggle
spam,"WELL DONE! Your 4* Costa Del Sol Holiday or å£5000 await collection. Call 09050090044 Now toClaim. SAE, TCs, POBox334, Stockport, SK38xh, Costå£1.50/pm, Max10mins",en,kaggle
ham,I hope you that's the result of being consistently intelligent and kind. Start asking him about practicum links and keep your ears open and all the best. ttyl,en,kaggle
ham,You only hate me. You can call any but you didnt accept even a single call of mine. Or even you messaged,en,kaggle
ham,When're you guys getting back? G said you were thinking about not staying for mcr,en,kaggle
ham,No no:)this is kallis home ground.amla home town is durban:),en,kaggle
ham,Boo what time u get out? U were supposed to take me shopping today. :(,en,kaggle
ham,Vodafone: Le informamos que su contrato se renueva automáticamente el próximo día 1 de abril.,es,synthetic_claude
ham,With my sis lor... We juz watched italian job.,en,kaggle
ham,Lol your always so convincing.,en,kaggle
ham,Ok i've sent u da latest version of da project.,en,kaggle
ham,When u love someone Dont make them to love u as much as u do. But Love them so much that they dont want to be loved by anyone except you... Gud nit.,en,kaggle
ham,Well keep in mind I've only got enough gas for one more round trip barring a sudden influx of cash,en,kaggle
spam,"Thanks for your ringtone order, ref number K718. Your mobile will be charged å£4.50. Should your tone not arrive please call customer services on 09065069120",en,kaggle
ham,"What do you do, my dog ? Must I always wait till the end of your day to have word from you ? Did you run out of time on your cell already?",en,kaggle
ham,Am I the only one who doesn't stalk profiles?,en,kaggle
ham,Dear good morning now only i am up,en,kaggle
spam,XMAS iscoming & ur awarded either å£500 CD gift vouchers & free entry 2 r å£100 weekly draw txt MUSIC to 87066 TnC www.Ldew.com1win150ppmx3age16subscription,en,kaggle
ham,No one interested. May be some business plan.,en,kaggle
ham,"St andre, virgil's cream",en,kaggle
ham,Then ur physics get a-?,en,kaggle
ham,Xy trying smth now. U eat already? We havent...,en,kaggle
ham,"Hey babe, how's it going ? Did you ever figure out where your going for New Years ?",en,kaggle
spam,Amazon: Aviso de entrega: buzón lleno. Responda REINTENTO para recibir mañana mismo.,es,synthetic_claude
ham,"Happy or sad , one thing about past is- \Its no more\"""" GOOD MORNING :-):-).""""",en,kaggle
ham,"Mum, hope you are having a great day. Hoping this text meets you well and full of life. Have a great day. Abiola",en,kaggle
ham,what I meant to say is cant wait to see u again getting bored of this bridgwater banter,en,kaggle
spam,Tone Club: Your subs has now expired 2 re-sub reply MONOC 4 monos or POLYC 4 polys 1 weekly @ 150p per week Txt STOP 2 stop This msg free Stream 0871212025016,en,kaggle
ham,Surly ill give it to you:-) while coming to review.,en,kaggle
spam,I am hot n horny and willing I live local to you - text a reply to hear strt back from me 150p per msg Netcollex LtdHelpDesk: 02085076972 reply Stop to end,en,kaggle
ham,Oh god. I'm gonna Google nearby cliffs now.,en,kaggle
ham,Yeah sure I'll leave in a min,en,kaggle
ham,That's y u haf 2 keep me busy...,en,kaggle
ham,Mutua Madrileña: Recibo de seguro del coche de 480€ domiciliado el próximo día 1.,es,synthetic_claude
ham,Nite...,en,kaggle
ham,Goodmorning sleeping ga.,en,kaggle
ham,U calling me right? Call my hand phone...,en,kaggle
ham,"Thank you. And by the way, I just lost.",en,kaggle
ham,"Sir, I have been late in paying rent for the past few months and had to pay a $ &lt"";#&gt;""  charge. I felt it would be inconsiderate of me to nag about something you give at great cost to yourself and that's why i didnt speak up. I however am in a recession and wont be able to pay the charge this month hence my askin well ahead of month's end. Can you please help. Thanks",en,kaggle
ham,"Hiya, probably coming home * weekend after next",en,kaggle
ham,K.then any other special?,en,kaggle
ham,Mm that time you dont like fun,en,kaggle
spam,"Got what it takes 2 take part in the WRC Rally in Oz? U can with Lucozade Energy! Text RALLY LE to 61200 (25p), see packs or lucozade.co.uk/wrc & itcould be u!",en,kaggle
ham,"I didnt get ur full msg..sometext is missing, send it again",en,kaggle
ham,Subdelegación del Gobierno: Cita para permiso de residencia el 18/03 a las 12:30.,es,synthetic_claude
ham,We r outside already.,en,kaggle
ham,"That's cool, I'll come by like  &lt"";#&gt;"" ish",en,kaggle
ham,Infact happy new year. How are you where are you when are we seeing,en,kaggle
ham,Joy's father is John. Then John is the ____ of Joy's father. If u ans ths you hav  &lt;#&gt;  IQ. Tis s IAS question try to answer.,en,kaggle
spam,Do you want a new Video handset? 750 any time any network mins? UNLIMITED TEXT? Camcorder? Reply or Call now 08000930705 for del Sat AM,en,kaggle
ham,Will be office around 4 pm. Now i am going hospital.,en,kaggle
ham,Mum not going robinson already.,en,kaggle
ham,"K, wat s tht incident?",en,kaggle
ham,Yeah. I got a list with only u and Joanna if I'm feeling really anti social,en,kaggle
ham,"Sir, i am waiting for your call, once free please call me.",en,kaggle
ham,"Piggy, r u awake? I bet u're still sleeping. I'm going 4 lunch now...",en,kaggle
ham,K go and sleep well. Take rest:-).,en,kaggle
ham,"\ALRITE HUNNY!WOT U UP 2 2NITE? DIDNT END UP GOIN DOWN TOWN JUS DA PUB INSTEAD! JUS CHILLIN AT DA MO IN ME BEDROOM!LOVE JEN XXX.\""""""""",en,kaggle
ham,Do you want bold 2 or bb torch,en,kaggle
ham,Ha ha ha good joke. Girls are situation seekers.,en,kaggle
ham,"Hiya, had a good day? Have you spoken to since the weekend?",en,kaggle
ham,I'll be in sch fr 4-6... I dun haf da book in sch... It's at home...,en,kaggle
ham,Loosu go to hospital. De dont let it careless.,en,kaggle
ham,Dude how do you like the buff wind.,en,kaggle
ham,Peluquería Lucía: Recordatorio de su cita mañana miércoles a las 17:00. Si no puede asistir avísenos.,es,synthetic_claude
ham,This is hoping you enjoyed your game yesterday. Sorry i've not been in touch but pls know that you are fondly bein thot off. Have a great week. Abiola,en,kaggle
ham,"I can. But it will tell quite long, cos i haven't finish my film yet...",en,kaggle
ham,Just finished. Missing you plenty,en,kaggle
ham,Seat Oficial: Su coche está listo para recoger en el taller. Presupuesto final: 340€.,es,synthetic_claude
ham,Pls speak with me. I wont ask anything other then you friendship.,en,kaggle
ham,No it was cancelled yeah baby! Well that sounds important so i understand my darlin give me a ring later on this fone love Kate x,en,kaggle
ham,Can... I'm free...,en,kaggle
ham,"&lt"";#&gt; %of pple marry with their lovers... becz they hav gud undrstndng dat avoids problems. i sent dis 2 u, u wil get gud news on friday by d person you like. And tomorrow will be the best day of your life. Dont break this chain. If you break you will suffer. send this to  &lt;#&gt;  frnds in &lt;#&gt;""  mins whn u read...",en,kaggle
ham,You still coming tonight?,en,kaggle
ham,Movistar: Su nueva tarifa entrará en vigor el 01/04. Sin cambios en el precio mensual.,es,synthetic_claude
spam,I don't know u and u don't know me. Send CHAT to 86688 now and let's find each other! Only 150p/Msg rcvd. HG/Suite342/2Lands/Row/W1J6HL LDN. 18 years or over.,en,kaggle
ham,i felt so...not any conveying reason.. Ese he... What about me?,en,kaggle
spam,Do you want a New Nokia 3510i Colour Phone Delivered Tomorrow? With 200 FREE minutes to any mobile + 100 FREE text + FREE camcorder Reply or Call 08000930705,en,kaggle
ham,Even u dont get in trouble while convincing..just tel him once or twice and just tel neglect his msgs dont c and read it..just dont reply,en,kaggle
ham,"When you get free, call me",en,kaggle
spam,"Customer service announcement. We recently tried to make a delivery to you but were unable to do so, please call 07099833605 to re-schedule. Ref:9280114",en,kaggle
spam,"U can WIN å£100 of Music Gift Vouchers every week starting NOW Txt the word DRAW to 87066 TsCs www.ldew.com SkillGame,1Winaweek, age16.150ppermessSubscription",en,kaggle
ham,Aviso de IT: actualización obligatoria de contraseñas el próximo lunes. Recibirás instrucciones.,es,synthetic_claude
ham,"Storming msg: Wen u lift d phne, u say \HELLO\"""" Do u knw wt is d real meaning of HELLO?? . . . It's d name of a girl..! . . . Yes.. And u knw who is dat girl?? \""""Margaret Hello\"""" She is d girlfrnd f Grahmbell who invnted telphone... . . . . Moral:One can 4get d name of a person"","" bt not his girlfrnd... G o o d n i g h t . . .@""""",en,kaggle
spam,"Hello from Orange. For 1 month's free access to games, news and sport, plus 10 free texts and 20 photo messages, reply YES. Terms apply: www.orange.co.uk/ow",en,kaggle
ham,Yes! How is a pretty lady like you single?,en,kaggle
ham,What you did in  leave.,en,kaggle
ham,Where is it. Is there any opening for mca.,en,kaggle
spam,Hi its LUCY Hubby at meetins all day Fri & I will B alone at hotel U fancy cumin over? Pls leave msg 2day 09099726395 Lucy x Callså£1/minMobsmoreLKPOBOX177HP51FL,en,kaggle
ham,Prabha..i'm soryda..realy..frm heart i'm sory,en,kaggle
ham,Hey tmr meet at bugis 930 ?,en,kaggle
ham,Ok... Sweet dreams...,en,kaggle
ham,Sounds like a plan! Cardiff is still here and still cold! I'm sitting on the radiator!,en,kaggle
ham,"Wn u r hurt by d prsn who s close 2 u, do fight wit dem. Coz somtimes dis fight saves a relation bt being quiet leaves nothin in a relation.. Gud eveB-)",en,kaggle
spam,You have won a guaranteed å£200 award or even å£1000 cashto claim UR award call free on 08000407165 (18+) 2 stop getstop on 88222 PHP. RG21 4JX,en,kaggle
ham,Hai ana tomarrow am coming on morning.  &lt;DECIMAL&gt;  ill be there in sathy then we ll go to RTO office. Reply me after came to home.,en,kaggle
ham,"Very hurting n meaningful lines ever: \I compromised everything for my love,"""" But at d end my love compromised me for everything:-(\"""""""".. Gud mornin:-)""""""""""""",en,kaggle
ham,No i'm not gonna be able to. || too late notice. || i'll be home in a few weeks anyway. || what are the plans,en,kaggle
ham,"Helloooo... Wake up..! \Sweet\"""" \""""morning\"""" \""""welcomes\"""" \""""You\"""" \""""Enjoy\"""" \""""This Day\"""" \""""with full of joy\"""".. \""""GUD MRNG\"""".""""",en,kaggle
ham,Lol great now im getting hungry.,en,kaggle
ham,"Er, hello, things didnÛ÷t quite go to plan ÛÒ is limping slowly home followed by aa and with exhaust hanging off",en,kaggle
spam,"YOU 07801543489 are guaranteed the latests Nokia Phone, a 40GB iPod MP3 player or a å£500 prize! Txt word:COLLECT to No:83355! TC-LLC NY-USA 150p/Mt msgrcvd18+",en,kaggle
ham,Where do you need to go to get it?,en,kaggle
ham,Yeah you should. I think you can use your gt atm now to register. Not sure but if there's anyway i can help let me know. But when you do be sure you are ready.,en,kaggle
ham,I'm in class. Did you get my text.,en,kaggle
ham,Happy new year to u too!,en,kaggle
ham,So lets make it saturday or monday as per convenience.,en,kaggle
spam,We tried to contact you re your reply to our offer of 750 mins 150 textand a new video phone call 08002988890 now or reply for free delivery tomorrow,en,kaggle
ham,Jus finish blowing my hair. U finish dinner already?,en,kaggle
ham,Tmrw. Im finishing 9 doors,en,kaggle
ham,WHO ARE YOU SEEING?,en,kaggle
ham,Went fast asleep dear.take care.,en,kaggle
spam,URGENT! We are trying to contact you. Last weekends draw shows that you have won a å£900 prize GUARANTEED. Call 09061701851. Claim code K61. Valid 12hours only,en,kaggle
ham,"I know where the  &lt"";#&gt;""  is, I'll be there around 5",en,kaggle
spam,LIDL: ¡Usted es el ganador de nuestro sorteo semanal! Reclame su premio: https://lidl-sorteo.net/reclamar,es,synthetic_claude
ham,"Papá, ¿has visto mis llaves? No las encuentro por ningún lado",es,synthetic_claude
spam,BBVA: Se ha detectado un acceso no autorizado. Verifique su identidad: https://bbva-seguro.top/acceso,es,synthetic_claude
ham,Anything is valuable in only 2 situations: First- Before getting it... Second- After loosing it...,en,kaggle
ham,How are you holding up?,en,kaggle
ham," came to look at the flat, seems ok, in his 50s? * Is away alot wiv work. Got woman coming at 6.30 too.",en,kaggle
ham,You'd like that wouldn't you? Jerk!,en,kaggle
spam,You are a winner U have been specially selected 2 receive å£1000 cash or a 4* holiday (flights inc) speak to a live operator 2 claim 0871277810810,en,kaggle
ham,When/where do I pick you up,en,kaggle
ham,Alex knows a guy who sells mids but he's down in south tampa and I don't think I could set it up before like 8,en,kaggle
spam,URGENT! We are trying to contact U. Todays draw shows that you have won a å£800 prize GUARANTEED. Call 09050003091 from land line. Claim C52. Valid12hrs only,en,kaggle
spam,You have WON a guaranteed å£1000 cash or a å£2000 prize. To claim yr prize call our customer service representative on 08714712394 between 10am-7pm,en,kaggle
spam,Gana 500€ al día invirtiendo en criptomonedas. Método probado. Te enviamos la guía gratis.,es,synthetic_claude
ham,Wa... U so efficient... Gee... Thanx...,en,kaggle
ham,Total video converter free download type this in google search:),en,kaggle
ham,"One of best dialogue in cute reltnship..!! \Wen i Die,"""" Dont Come Near My Body..!! Bcoz My Hands May Not Come 2 Wipe Ur Tears Off That Time..!Gud ni8""""""""""""",en,kaggle
ham,Ho ho - big belly laugh! See ya tomo,en,kaggle
ham,One small prestige problem now.,en,kaggle
ham,Raviyog Peripherals bhayandar east,en,kaggle
ham,hi my darlin im on my way to London and we have just been smashed into by another driver! and have a big dent! im really missing u what have u been up to? xxx,en,kaggle
ham,So what u doing today?,en,kaggle
ham,"Hello, yeah i've just got out of the bath and need to do my hair so i'll come up when i'm done, yeah?",en,kaggle
ham,"I'm used to it. I just hope my agents don't drop me since i've only booked a few things this year. This whole me in boston, them in nyc was an experiment.",en,kaggle
ham,Honey boo I'm missing u.,en,kaggle
spam,YES! The only place in town to meet exciting adult singles is now in the UK. Txt CHAT to 86688 now! 150p/Msg.,en,kaggle
spam,"Your free ringtone is waiting to be collected. Simply text the password \MIX\"""" to 85069 to verify. Get Usher and Britney. FML"", PO Box 5249,"" MK17 92H. 450Ppw 16""""",en,kaggle
ham,Am surfing online store. For offers do you want to buy any thing.,en,kaggle
ham,"Babe! How goes that day ? What are you up to ? I miss you already, my Love ... * loving kiss* ... I hope everything goes well.",en,kaggle
ham,"\Im at arestaurant eating squid! i will be out about 10:30 wanna dosomething or is that to late?\""""""""",en,kaggle
ham,Our Prashanthettan's mother passed away last night. pray for her and family.,en,kaggle
ham,Pls confirm the time to collect the cheque.,en,kaggle
ham,"Ok., is any problem to u frm him? Wats matter?",en,kaggle
ham,"Em, its olowoyey@ usc.edu have a great time in argentina. Not sad about secretary, everything is a blessing",en,kaggle
spam,Camera - You are awarded a SiPix Digital Camera! call 09061221066 fromm landline. Delivery within 28 days.,en,kaggle
spam,December only! Had your mobile 11mths+? You are entitled to update to the latest colour camera mobile for Free! Call The Mobile Update VCo FREE on 08002986906,en,kaggle
ham,and  picking them up from various points,en,kaggle
ham,I'm coming home 4 dinner.,en,kaggle
spam,Text PASS to 69669 to collect your polyphonic ringtones. Normal gprs charges apply only. Enjoy your tones,en,kaggle
ham,Pls give her the food preferably pap very slowly with loads of sugar. You can take up to an hour to give it. And then some water. Very very slowly.,en,kaggle
ham,cud u tell ppl im gona b a bit l8 cos 2 buses hav gon past cos they were full & im still waitin 4 1. Pete x,en,kaggle
spam,Santa Calling! Would your little ones like a call from Santa Xmas eve? Call 09058094583 to book your time.,en,kaggle
ham,hope things went well at 'doctors' ;) reminds me i still need 2go.did u c d little thing i left in the lounge?,en,kaggle
ham,Eh sorry leh... I din c ur msg. Not sad already lar. Me watching tv now. U still in office?,en,kaggle
spam,Valentines Day Special! Win over å£1000 in our quiz and take your partner on the trip of a lifetime! Send GO to 83600 now. 150p/msg rcvd. CustCare:08718720201.,en,kaggle
ham,Not from this campus. Are you in the library?,en,kaggle
spam,Call Germany for only 1 pence per minute! Call from a fixed line via access number 0844 861 85 85. No prepayment. Direct access!,en,kaggle
ham,"Thank you so much. When we skyped wit kz and sura, we didnt get the pleasure of your company. Hope you are good. We've given you ultimatum oh! We are countin down to aburo. Enjoy! This is the message i sent days ago",en,kaggle
ham,* Am on a train back from northampton so i'm afraid not!,en,kaggle
ham,what number do u live at? Is it 11?,en,kaggle
spam,"Hi babe its Chloe, how r u? I was smashed on saturday night, it was great! How was your weekend? U been missing me? SP visionsms.com Text stop to stop 150p/text",en,kaggle
ham,"I can't speak, bcaz mobile have problem. I can listen you but you cann't listen my voice. So i calls you later.",en,kaggle
ham,No he didn't. Spring is coming early yay!,en,kaggle
ham,And you! Will expect you whenever you text! Hope all goes well tomo,en,kaggle
ham,Haf u found him? I feel so stupid da v cam was working.,en,kaggle
ham,Going on nothing great.bye,en,kaggle
ham,Gain the rights of a wife.dont demand it.i am trying as husband too.Lets see,en,kaggle
ham,He said i look pretty wif long hair wat. But i thk he's cutting quite short 4 me leh.,en,kaggle
spam,HBO Max: Fallo de pago. Para mantener su suscripción actualice su tarjeta en la app.,es,synthetic_claude
ham,I'll be late...,en,kaggle
ham,"Hey. What happened? U switch off ur cell d whole day. This isnt good. Now if u do care, give me a call tomorrow.",en,kaggle
spam,Santander: Su cuenta online vencerá mañana. Renueve sus credenciales llamando al 915 123 456.,es,synthetic_claude
ham,I wish that I was with you. Holding you tightly. Making you see how important you are. How much you mean to me ... How much I need you ... In my life ...,en,kaggle
ham,I AM AT THE GAS STATION. GO THERE.,en,kaggle
ham,Just wait till end of march when el nino gets himself. Oh.,en,kaggle
spam,"You are guaranteed the latest Nokia Phone, a 40GB iPod MP3 player or a å£500 prize! Txt word: COLLECT to No: 83355! IBHltd LdnW15H 150p/Mtmsgrcvd18",en,kaggle
ham,It certainly puts things into perspective when something like this happens,en,kaggle
ham,Idk. I'm sitting here in a stop and shop parking lot right now bawling my eyes out because i feel like i'm a failure in everything. Nobody wants me and now i feel like i'm failing you.,en,kaggle
ham,HIYA STU WOT U UP 2.IM IN SO MUCH TRUBLE AT HOME AT MOMENT EVONE HATES ME EVEN U! WOT THE HELL AV I DONE NOW? Y WONT U JUST TELL ME TEXT BCK PLEASE LUV DAN,en,kaggle
ham,"Thursday night? Yeah, sure thing, we'll work it out then",en,kaggle
ham,7 at esplanade.. Do Ì_ mind giving me a lift cos i got no car today..,en,kaggle
ham,"My mobile number.pls sms ur mail id.convey regards to achan,amma.Rakhesh.Qatar",en,kaggle
spam,Your B4U voucher w/c 27/03 is MARSMS. Log onto www.B4Utele.com for discount credit. To opt out reply stop. Customer care call 08717168528,en,kaggle
ham,Me too. Mark is taking forever to pick up my prescription and the pain is coming back.,en,kaggle
ham,"I jus hope its true that  missin me cos i'm really missin him! You haven't done anything to feel guilty about, yet.",en,kaggle
spam,Bankinter: Su cuenta será suspendida en 24h si no verifica su identidad: https://bankinter-clientes.xyz/verificar,es,synthetic_claude
ham,Teach me apps da. When you come to college.,en,kaggle
ham,Yo do you know anyone  &lt;#&gt;  or otherwise able to buy liquor? Our guy flaked and right now if we don't get a hold of somebody its just 4 loko all night,en,kaggle
ham,Felicidades por el proyecto. Lo has presentado genial esta mañana.,es,synthetic_claude
ham,Great. P diddy is my neighbor and comes for toothpaste every morning,en,kaggle
ham,Dont show yourself. How far. Put new pictures up on facebook.,en,kaggle
ham,"Me not waking up until 4 in the afternoon, sup",en,kaggle
ham,Din i tell u jus now 420,en,kaggle
ham,Ok,en,kaggle
ham,I will see in half an hour,en,kaggle
ham,So wat's da decision?,en,kaggle
ham,hi baby im sat on the bloody bus at the mo and i wont be home until about 7:30 wanna do somethin later? call me later ortxt back jess xx,en,kaggle
ham,You have got tallent but you are wasting.,en,kaggle
ham,Yeah my usual guy's out of town but there're definitely people around I know,en,kaggle
ham,Oh ho. Is this the first time u use these type of words,en,kaggle
ham,Why don't you wait 'til at least wednesday to see if you get your .,en,kaggle
ham,"Babe! I fucking love you too !! You know? Fuck it was so good to hear your voice. I so need that. I crave it. I can't get enough. I adore you, Ahmad *kisses*",en,kaggle
ham,"Mañana me quedo a dormir en casa de Lucía, ¿ok?",es,synthetic_claude
ham,He remains a bro amongst bros,en,kaggle
spam,"For ur chance to win a å£250 cash every wk TXT: ACTION to 80608. T's&C's www.movietrivia.tv custcare 08712405022, 1x150p/wk",en,kaggle
ham,I'm thinking that chennai forgot to come for auction..,en,kaggle
ham,"Open rebtel with firefox. When it loads just put plus sign in the user name place, and it will show you two numbers. The lower number is my number. Once you pick that number the pin will display okay!",en,kaggle
ham,Pls speak to that customer machan.,en,kaggle
ham,Aight should I just plan to come up later tonight?,en,kaggle
ham,Where you. What happen,en,kaggle
ham,"\Keep ur problems in ur heart,"""" b'coz nobody will fight for u. Only u &amp""; u have to fight for ur self &amp;"" win the battle. -VIVEKANAND- G 9t.. SD..""""""""""""",en,kaggle
ham,R u sure they'll understand that! Wine * good idea just had a slurp!,en,kaggle
spam,"Final Chance! Claim ur å£150 worth of discount vouchers today! Text YES to 85023 now! SavaMob, member offers mobile! T Cs SavaMob POBOX84, M263UZ. å£3.00 Subs 16",en,kaggle
ham,Hi :)finally i completed the course:),en,kaggle
spam,Su médico ha emitido una baja laboral en su nombre. Verifique en su historia clínica.,es,synthetic_claude
ham,Not tonight mate. Catching up on some sleep. This is my new number by the way.,en,kaggle
ham,Ok no prob,en,kaggle
spam,Resultado positivo en cribado de cáncer de colon. Consulte urgentemente con su oncólogo.,es,synthetic_claude
ham,"I noe la... U wana pei bf oso rite... K lor, other days den...",en,kaggle
ham,Nice.nice.how is it working?,en,kaggle
spam,"SMS. ac Blind Date 4U!: Rodds1 is 21/m from Aberdeen, United Kingdom. Check Him out http://img. sms. ac/W/icmb3cktz8r7!-4 no Blind Dates send HIDE",en,kaggle
ham,I take it we didn't have the phone callon Friday. Can we assume we won't have it this year now?,en,kaggle
ham,Da my birthdate in certificate is in april but real date is today. But dont publish it. I shall give you a special treat if you keep the secret. Any way thanks for the wishes,en,kaggle
ham,Wah lucky man... Then can save money... Hee...,en,kaggle
ham,Let's pool our money together and buy a bunch of lotto tickets. If we win I get &lt;#&gt; % u get &lt;#&gt; %. Deal?,en,kaggle
ham,Designation is software developer and may be she get chennai:),en,kaggle
ham,", ,  and  picking them up from various points | going 2 yeovil | and they will do the motor project 4 3 hours | and then u take them home. || 12 2 5.30 max. || Very easy",en,kaggle
ham,Then Ì_ ask dad to pick Ì_ up lar... ÌÏ wan 2 stay until 6 meh...,en,kaggle
ham,You see the requirements please,en,kaggle
ham,Ding me on ya break fassyole! Blacko from londn,en,kaggle
ham,Might ax well im there.,en,kaggle
ham,Hi mate its RV did u hav a nice hol just a message 3 say hello coz havenåÕt sent u 1 in ages started driving so stay off roads!RVx,en,kaggle
spam,Amazon Prime Video: Acceso no autorizado a su cuenta. Cambie su contraseña: https://primevideo-seguridad.net,es,synthetic_claude
ham,U sleeping now.. Or you going to take? Haha.. I got spys wat.. Me online checking n replying mails lor..,en,kaggle
ham,Watching tv lor. Nice one then i like lor.,en,kaggle
spam,Do you want a new Video phone? 600 anytime any network mins 400 Inclusive Video calls AND downloads 5 per week Free delTOMORROW call 08002888812 or reply NOW,en,kaggle
ham,Smile in Pleasure Smile in Pain Smile when trouble pours like Rain Smile when sum1 Hurts U Smile becoz SOMEONE still Loves to see u Smiling!!,en,kaggle
spam,"Want to funk up ur fone with a weekly new tone reply TONES2U 2 this text. www.ringtones.co.uk, the original n best. Tones 3GBP network operator rates apply",en,kaggle
ham,"K, my roommate also wants a dubsack and another friend may also want some so plan on bringing extra, I'll tell you when they know for sure",en,kaggle
ham,Recordatorio: formación obligatoria de PRL el jueves de 9 a 13h. Inscríbete en el portal.,es,synthetic_claude
ham,Dont pick up d call when something important is There to tell. Hrishi,en,kaggle
ham,She's good. How are you. Where r u working now,en,kaggle
ham,That is wondarfull song,en,kaggle
ham,I want to tel u one thing u should not mistake me k THIS IS THE MESSAGE THAT YOU SENT:),en,kaggle
ham,Hey... are you going to quit soon? Xuhui and i working till end of the month,en,kaggle
ham,Not thought bout it... || Drink in tap & spile at seven. || Is that pub on gas st off broad st by canal. || Ok?,en,kaggle
ham,Lol! Oops sorry! Have fun.,en,kaggle
ham,"There'll be a minor shindig at my place later tonight, you interested?",en,kaggle
ham,Oh my God. I'm almost home,en,kaggle
ham,Welp apparently he retired,en,kaggle
ham,", ow u dey.i paid 60,400thousad.i told  u would call . ",en,kaggle
spam,thesmszone.com lets you send free anonymous and masked messages..im sending this message from there..do you see the potential for abuse???,en,kaggle
ham,I'll probably be by tomorrow (or even later tonight if something's going on),en,kaggle
ham,Unfortunately i've just found out that we have to pick my sister up from the airport that evening so don't think i'll be going out at all. We should try to go out one of th,en,kaggle
spam,DGT: Infracción captada el 15/03/2025 en A-4 km 34. Pague con descuento: https://dgt-infraccion.xyz/pagar,es,synthetic_claude
ham,Hiya. How was last night? I've been naughty and bought myself clothes and very little ... Ready for more shopping tho! What kind of time do you wanna meet?,en,kaggle
ham,No messages on her phone. I'm holding it now,en,kaggle
ham,Cos i want it to be your thing,en,kaggle
ham,K..k..any special today?,en,kaggle
ham,"Cool, I'll text you when I'm on the way",en,kaggle
ham,"Ey, ¿llegas hoy para cenar? He hecho pasta",es,synthetic_claude
ham,"Goodmorning, today i am late for  &lt"";DECIMAL&gt;"" min.",en,kaggle
ham,U repeat e instructions again. Wat's e road name of ur house?,en,kaggle
ham,Which channel:-):-):):-).,en,kaggle
ham,"Babe, have you got enough money to pick up bread and milk ? And I'll give you it back when you get home ?",en,kaggle
ham,I have lost 10 kilos as of today!,en,kaggle
spam,Apple: Su iPhone ha sido reportado como robado. Verifique su situación: https://apple-robado.net,es,synthetic_claude
ham,ZOE IT JUST HIT ME 2 IM FUCKING SHITIN MYSELF IL DEFO TRY MY HARDEST 2 CUM 2MOROW LUV U MILLIONS LEKDOG,en,kaggle
ham,Crucify is c not s. You should have told me earlier.,en,kaggle
ham,"Forgot it takes me 3 years to shower, sorry. Where you at/your phone dead yet?",en,kaggle
ham,"U wake up already? Wat u doing? U picking us up later rite? I'm taking sq825, reaching ard 7 smth 8 like dat. U can check e arrival time. C ya soon...",en,kaggle
spam,"Sunshine Hols. To claim ur med holiday send a stamped self address envelope to Drinks on Us UK, PO Box 113, Bray, Wicklow, Eire. Quiz Starts Saturday! Unsub Stop",en,kaggle
ham,Congratulations ore mo owo re wa. Enjoy it and i wish you many happy moments to and fro wherever you go,en,kaggle
ham,Su cuenta de Amazon ha sido accedida desde un nuevo dispositivo iPhone. ¿Fue usted?,es,synthetic_claude
ham,Se me ha olvidado el cumple de tu madre. ¿Qué le compro?,es,synthetic_claude
ham,Haha... Really oh no... How? Then will they deduct your lesson tmr?,en,kaggle
ham,Got it. Seventeen pounds for seven hundred ml ÛÒ hope ok.,en,kaggle
spam,Would you like to see my XXX pics they are so hot they were nearly banned in the uk!,en,kaggle
ham,"Kate jackson rec center before 7ish, right?",en,kaggle
ham,K:)k.are you in college?,en,kaggle
ham,Whatsup there. Dont u want to sleep,en,kaggle
ham,"Rose needs water, season needs change, poet needs imagination..My phone needs ur sms and i need ur lovely frndship forever....",en,kaggle
spam,Oferta de trabajo urgente: asistente virtual para empresa americana. 2.000€/mes. Inglés básico.,es,synthetic_claude
ham,"Oh yes, why is it like torture watching england?",en,kaggle
ham,I don't run away frm u... I walk slowly &amp; it kills me that u don't care enough to stop me...,en,kaggle
ham,Oh yah... We never cancel leh... Haha,en,kaggle
ham,"Faith makes things possible,Hope makes things work,Love makes things beautiful,May you have all three this Christmas!Merry Christmas!",en,kaggle
ham,"The gas station is like a block away from my house, you'll drive right by it since armenia ends at swann and you have to take howard",en,kaggle
ham,Good night. Am going to sleep.,en,kaggle
ham,I'm in class. Will holla later,en,kaggle
ham,Feel like trying kadeem again? :V,en,kaggle
ham,Hello boytoy ! Geeee ... I'm missing you today. I like to send you a tm and remind you I'm thinking of you ... And you are loved ... *loving kiss*,en,kaggle
ham,They have a thread on the wishlist section of the forums where ppl post nitro requests. Start from the last page and collect from the bottom up.,en,kaggle
ham,So when you gonna get rimac access,en,kaggle
ham,Gud mrng dear have a nice day,en,kaggle
ham,That's one of the issues but california is okay. No snow so its manageable,en,kaggle
ham,Want to send me a virtual hug?... I need one,en,kaggle
spam,Someone U know has asked our dating service 2 contact you! Cant Guess who? CALL 09058091854 NOW all will be revealed. PO BOX385 M6 6WU,en,kaggle
ham,"Evening * v good if somewhat event laden. Will fill you in, don't you worry Û_ Head * ok but throat * wrecked. See you at six then!",en,kaggle
ham,"ThatÛ÷s the thing with apes, u can fight to the death to keep something, but the minute they have it when u let go, thats it!",en,kaggle
ham,"Goodmorning,my grandfather expired..so am on leave today.",en,kaggle
spam,Thanks 4 your continued support Your question this week will enter u in2 our draw 4 å£100 cash. Name the NEW US President? txt ans to 80082,en,kaggle
ham,"Wait, do you know if wesleys in town? I bet she does hella drugs!",en,kaggle
ham,Sounds like there could be a lot of time spent in that chastity device boy ... *grins* ... Or take your beatings like a good dog. Going to lounge in a nice long bath now ?,en,kaggle
ham,Please ask mummy to call father,en,kaggle
ham,Yes. Please leave at  &lt;#&gt; . So that at  &lt;#&gt;  we can leave,en,kaggle
ham,ÌÏ go home liao? Ask dad to pick me up at 6...,en,kaggle
ham,Yup. Izzit still raining heavily cos i'm in e mrt i can't c outside.,en,kaggle
ham,"Hmmm ... And imagine after you've come home from that having to rub my feet, make me dinner and help me get ready for my date ! Are you sure your ready for that kind of life ?",en,kaggle
ham,PS U no ur a grown up now right?,en,kaggle
ham,haha but no money leh... Later got to go for tuition... Haha and looking for empty slots for driving lessons,en,kaggle
ham,Oh oh... Den muz change plan liao... Go back have to yan jiu again...,en,kaggle
ham,I am waiting machan. Call me once you free.,en,kaggle
spam,"Oh my god! I've found your number again! I'm so glad, text me back xafter this msgs cst std ntwk chg å£1.50",en,kaggle
ham,"Short But Cute: \Be a good person,"""" but dont try to prove it..\"""""""" .Gud noon....""""""""""""",en,kaggle
ham,Am going to take bath ill place the key in window:-),en,kaggle
spam,Our records indicate u maybe entitled to 5000 pounds in compensation for the Accident you had. To claim 4 free reply with CLAIM to this msg. 2 stop txt STOP,en,kaggle
spam,"Our dating service has been asked 2 contact U by someone shy! CALL 09058091870 NOW all will be revealed. POBox84, M26 3UZ 150p",en,kaggle
spam,BBVA: Su plan de pensiones vence pronto. Renuévelo urgentemente llamando al 900 102 801.,es,synthetic_claude
spam,Spotify: Su periodo de prueba vence hoy. Suscríbase para seguir escuchando: https://spotify-suscribir.net,es,synthetic_claude
spam,"Download as many ringtones as u like no restrictions, 1000s 2 choose. U can even send 2 yr buddys. Txt Sir to 80082 å£3 ",en,kaggle
ham,Ya very nice. . .be ready on thursday,en,kaggle
ham,I know! Grumpy old people. My mom was like you better not be lying. Then again I am always the one to play jokes...,en,kaggle
ham,Lol I would but my mom would have a fit and tell the whole family how crazy and terrible I am,en,kaggle
ham,"Its good, we'll find a way",en,kaggle
ham,Boo. How's things? I'm back at home and a little bored already :-(,en,kaggle
ham,"Sorry light turned green, I meant another friend wanted  &lt"";#&gt;""  worth but he may not be around",en,kaggle
ham,"Japanese Proverb: If one Can do it, U too Can do it, If none Can do it,U must do it Indian version: If one Can do it, LET HIM DO it.. If none Can do it,LEAVE it!! And finally Kerala version: If one can do it, Stop him doing it.. If none can do it, Make a strike against it ...",en,kaggle
ham,Is avatar supposed to have subtoitles,en,kaggle
ham,Watching telugu movie..wat abt u?,en,kaggle
ham,You are gorgeous! keep those pix cumming :) thank you!,en,kaggle
spam,Carrefour: Ha ganado nuestra encuesta de satisfacción. Llame al 900 777 888 para recibir su vale.,es,synthetic_claude
ham,I know you mood off today,en,kaggle
ham,That's ok. I popped in to ask bout something and she said you'd been in. Are you around tonght wen this girl comes?,en,kaggle
ham,Good words.... But words may leave u in dismay many times.,en,kaggle
spam,Google: Alguien intentó acceder a su cuenta de Gmail. Revise la actividad reciente en su cuenta.,es,synthetic_claude
ham,Oooh bed ridden ey? What are YOU thinking of?,en,kaggle
ham,4 oclock at mine. Just to bash out a flat plan.,en,kaggle
ham,"Oh ! A half hour is much longer in Syria than Canada, eh ? Wow you must get SO much more work done in a day than us with all that extra time ! *grins*",en,kaggle
ham,Life spend with someone for a lifetime may be meaningless but a few moments spent with someone who really love you means more than life itself..,en,kaggle
ham,What's happening with you. Have you gotten a job and have you begun registration for permanent residency,en,kaggle
ham,"""""A gram usually runs like  &lt"";#&gt; , a half eighth is smarter though and gets you almost a whole second gram for  &lt;#&gt",en,kaggle
ham,"Fuuuuck I need to stop sleepin, sup",en,kaggle
ham,Yes :)it completely in out of form:)clark also utter waste.,en,kaggle
ham,"It,,s a taxt massage....tie-pos argh ok! Lool!",en,kaggle
ham,I went to project centre,en,kaggle
ham,Message from . I am at Truro Hospital on ext. You can phone me here. as I have a phone by my side,en,kaggle
ham,Dunno he jus say go lido. Same time 930.,en,kaggle
spam,"Hi this is Amy, we will be sending you a free phone number in a couple of days, which will give you an access to all the adult parties...",en,kaggle
ham,I wont touch you with out your permission.,en,kaggle
ham,Well I wasn't available as I washob nobbing with last night so they had to ask Nickey Platt instead of me!,en,kaggle
ham,"Waqt se pehle or naseeb se zyada kisi ko kuch nahi milta,Zindgi wo nahi he jo hum sochte hai Zindgi wo hai jo ham jeetey hai..........",en,kaggle
ham,I only work from mon to thurs but Sat i cant leh... Booked liao... Which other day u free?,en,kaggle
ham,Nationwide auto centre (or something like that) on Newport road. I liked them there,en,kaggle
spam,FREE for 1st week! No1 Nokia tone 4 ur mobile every week just txt NOKIA to 8077 Get txting and tell ur mates. www.getzed.co.uk POBox 36504 W45WQ 16+ norm150p/tone,en,kaggle
ham,The 2 oz guy is being kinda flaky but one friend is interested in picking up $ &lt;#&gt;  worth tonight if possible,en,kaggle
spam,"SMS SERVICES. for your inclusive text credits, pls goto www.comuk.net login= 3qxj9 unsubscribe with STOP, no extra charge. help 08702840625.COMUK. 220-CM2 9AE",en,kaggle
ham,Call me when u're done...,en,kaggle
ham,Dear we got  &lt;#&gt;  dollars hi hi,en,kaggle
ham,LOL that would be awesome payback.,en,kaggle
ham,Are you plans with your family set in stone ?,en,kaggle
ham,"I got arrested for possession at, I shit you not,  &lt"";TIME&gt;""  pm",en,kaggle
ham,Re your call; You didn't see my facebook huh?,en,kaggle
ham,Not sure I have the stomach for it ...,en,kaggle
ham,My computer just fried the only essential part we don't keep spares of because my fucking idiot roommates looovvve leaving the thing running on full  &lt;#&gt; /7,en,kaggle
ham,Allo! We have braved the buses and taken on the trains and triumphed. I mean weÛ÷re in bÛ÷ham. Have a jolly good rest of week,en,kaggle
spam,You have won a guaranteed 32000 award or maybe even å£1000 cash to claim ur award call free on 0800 ..... (18+). Its a legitimat efreefone number wat do u think???,en,kaggle
spam,Correos: Paquete de China pendiente de despacho aduanero. Tramítelo: https://correos-china.top/tramitar,es,synthetic_claude
ham,I know complain num only..bettr directly go to bsnl offc nd apply for it..,en,kaggle
ham,I might come to kerala for 2 days.so you can be prepared to take a leave once i finalise .dont plan any travel during my visit.need to finish urgent works.,en,kaggle
ham,Oh... Okie lor...We go on sat...,en,kaggle
ham,"Each Moment in a day,has its own value-Morning brings hope,afternoon brings faith,Evening brings luv,Night brings rest,Wish u find them all today.Good Morning",en,kaggle
spam,"URGENT! Your Mobile No. was awarded å£2000 Bonus Caller Prize on 5/9/03 This is our final try to contact U! Call from Landline 09064019788 BOX42WR29C, 150PPM",en,kaggle
ham,Take us out shopping and Mark will distract Isaiah.=D,en,kaggle
ham,"My friend just got here and says he's upping his order by a few grams (he's got $ &lt"";#&gt;"" ), when can you get here?",en,kaggle
ham,Detroit. The home of snow. Enjoy it.,en,kaggle
ham,Hi its me you are probably having too much fun to get this message but i thought id txt u cos im bored! and james has been farting at me all night,en,kaggle
ham,I want to send something that can sell fast.  &lt;#&gt; k is not easy money.,en,kaggle
spam,Reembolso de 250€ de tu seguro médico ASISA pendiente. Llame al 900 777 888 para cobrarlo.,es,synthetic_claude
ham,What's up. Do you want me to come online?,en,kaggle
ham,Why i come in between you people,en,kaggle
ham,I am not at all happy with what you saying or doing,en,kaggle
ham,"\Im on gloucesterroad what are uup to later?\""""""""",en,kaggle
ham,I am not having her number sir,en,kaggle
spam,Want 2 get laid tonight? Want real Dogging locations sent direct 2 ur mob? Join the UK's largest Dogging Network bt Txting GRAVEL to 69888! Nt. ec2a. 31p.msg@150p,en,kaggle
ham,Yup. Thk of u oso boring wat.,en,kaggle
ham,Pls give her prometazine syrup. 5mls then  &lt;#&gt; mins later feed.,en,kaggle
ham,They released vday shirts and when u put it on it makes your bottom half naked instead of those white underwear.,en,kaggle
spam,HBO: Problemas con su pago. Actualice su tarjeta de crédito: https://hbo-tarjeta.xyz/actualizar,es,synthetic_claude
ham,It so happens that there r 2waxsto do wat you want. She can come and ill get her medical insurance. And she'll be able to deliver and have basic care. I'm currently shopping for the right medical insurance for her. So just give me til friday morning. Thats when i.ll see the major person that can guide me to the right insurance.,en,kaggle
ham,Am watching house ÛÒ very entertaining ÛÒ am getting the whole hugh laurie thing ÛÒ even with the stick ÛÒ indeed especially with the stick.,en,kaggle
ham,"Hi this is yijue, can i meet u at 11 tmr?",en,kaggle
ham,El presupuesto del proyecto ha sido aprobado por dirección. Podemos empezar la semana que viene.,es,synthetic_claude
ham,Its a part of checking IQ,en,kaggle
ham,Where is that one day training:-),en,kaggle
ham,Ok how you dear. Did you call chechi,en,kaggle
ham,IM REALY SOZ IMAT MY MUMS 2NITE WHAT ABOUT 2MORO,en,kaggle
ham,Tell me something. Thats okay.,en,kaggle
ham,"Ok da, i already planned. I wil pick you.",en,kaggle
ham,on a Tuesday night r u 4 real,en,kaggle
ham,That seems unnecessarily affectionate,en,kaggle
ham,K:)k..its good:)when are you going?,en,kaggle
ham,"Goodmorning, today i am late for 2hrs. Because of back pain.",en,kaggle
ham,Missed your call cause I was yelling at scrappy. Miss u. Can't wait for u to come home. I'm so lonely today.,en,kaggle
spam,Amazon: ¡Enhorabuena! Ha sido elegido como el comprador del mes. Premio de 500€: https://amazon-mes.top,es,synthetic_claude
ham,Ok then i will come to ur home after half an hour,en,kaggle
spam,Todays Voda numbers ending 7548 are selected to receive a $350 award. If you have a match please call 08712300220 quoting claim code 4041 standard rates app,en,kaggle
ham,When you are big..| God will bring success.,en,kaggle
spam,PRIVATE! Your 2003 Account Statement for shows 800 un-redeemed S. I. M. points. Call 08719899230 Identifier Code: 41685 Expires 07/11/04,en,kaggle
spam,FREE for 1st week! No1 Nokia tone 4 ur mob every week just txt NOKIA to 8007 Get txting and tell ur mates www.getzed.co.uk POBox 36504 W45WQ norm150p/tone 16+,en,kaggle
ham,"Gumby's has a special where a  &lt"";#&gt;"" \ cheese pizza is $2 so I know what we're doin tonight""""",en,kaggle
ham,No problem baby. Is this is a good time to talk? I called and left a message.,en,kaggle
ham,Guessin you ain't gonna be here before 9?,en,kaggle
ham,"So anyways, you can just go to your gym or whatever, my love *smiles* I hope your ok and having a good day babe ... I miss you so much already",en,kaggle
spam,You have WON a guaranteed å£1000 cash or a å£2000 prize.To claim yr prize call our customer service representative on,en,kaggle
ham,Only if you promise your getting out as SOON as you can. And you'll text me in the morning to let me know you made it in ok.,en,kaggle
ham,Wait  &lt;#&gt;  min..,en,kaggle
spam,WOW! The Boys R Back. TAKE THAT 2007 UK Tour. Win VIP Tickets & pre-book with VIP Club. Txt CLUB to 81303. Trackmarque Ltd info@vipclub4u.,en,kaggle
ham,Dude ive been seeing a lotta corvettes lately,en,kaggle
ham,Ok no prob...,en,kaggle
ham,"Thk shld b can... Ya, i wana go 4 lessons... Haha, can go for one whole stretch...",en,kaggle
ham,THIS IS A LONG FUCKIN SHOWR,en,kaggle
ham,Dear umma she called me now :-),en,kaggle
ham,Doing my masters. When will you buy a bb cos i have for sale and how's bf,en,kaggle
ham,I hope your pee burns tonite.,en,kaggle
ham,Fine am simply sitting.,en,kaggle
spam,"Latest News! Police station toilet stolen, cops have nothing to go on!",en,kaggle
ham,Oh is it? Send me the address,en,kaggle
ham,My birthday is on feb  &lt;#&gt;  da. .,en,kaggle
ham,Good. No swimsuit allowed :),en,kaggle
ham,Was the farm open?,en,kaggle
ham,Po de :-):):-):-):-). No need job aha.,en,kaggle
ham,"I'm not coming over, do whatever you want",en,kaggle
ham,Speaking of does he have any cash yet?,en,kaggle
ham,She left it very vague. She just said she would inform the person in accounting about the delayed rent and that i should discuss with the housing agency about my renting another place. But checking online now and all places around usc are  &lt;#&gt;  and up,en,kaggle
ham,"Funny fact Nobody teaches volcanoes 2 erupt, tsunamis 2 arise, hurricanes 2 sway aroundn no 1 teaches hw 2 choose a wife Natural disasters just happens",en,kaggle
ham,No need lar i go engin? Cos my sis at arts today...,en,kaggle
ham,Do u noe how 2 send files between 2 computers?,en,kaggle
ham,Erutupalam thandiyachu,en,kaggle
ham,Lolnice. I went from a fish to ..water.?,en,kaggle
ham,"U need my presnts always bcz U cant mis love. \jeevithathile irulinae neekunna prakasamanu sneham\"""" prakasam ennal prabha 'That mns prabha is'LOVE' Got it. Dont mis me....""""",en,kaggle
spam,December only! Had your mobile 11mths+? You are entitled to update to the latest colour camera mobile for Free! Call The Mobile Update Co FREE on 08002986906,en,kaggle
ham,Much better now thanks lol,en,kaggle
ham,Ok. I.ll do you right later.,en,kaggle
ham,No objection. My bf not coming.,en,kaggle
spam,Urgent! Please call 09061213237 from landline. å£5000 cash or a luxury 4* Canary Islands Holiday await collection. T&Cs SAE PO Box 177. M227XY. 150ppm. 16+,en,kaggle
ham,I am going to sleep. I am tired of travel.,en,kaggle
ham,Shuhui say change 2 suntec steamboat? U noe where? Where r u now?,en,kaggle
ham,"Yes obviously, but you are the eggs-pert and the potato headÛ_ Speak soon! ",en,kaggle
ham,"Wow ... I love you sooo much, you know ? I can barely stand it ! I wonder how your day goes and if you are well, my love ... I think of you and miss you",en,kaggle
ham,You're gonna have to be way more specific than that,en,kaggle
ham,:-( that's not v romantic!,en,kaggle
ham,I am in hospital da. . I will return home in evening,en,kaggle
ham,"Sorry, I'll call later in meeting",en,kaggle
ham,Oh... Lk tt den we take e one tt ends at cine lor... Dun wan yogasana oso can...,en,kaggle
ham,"Good afternoon, my love. It was good to see your words on YM and get your tm. Very smart move, my slave ... *smiles* ... I drink my coffee and await you.",en,kaggle
ham,Tu nueva tarjeta de empresa llegará a la oficina esta semana. Pásate a recogerla.,es,synthetic_claude
ham,Me ha tocado turno doble esta semana. Llego tardísimo a casa.,es,synthetic_claude
ham,I'm not. She lip synced with shangela.,en,kaggle
ham,I cant wait to see you! How were the photos were useful? :),en,kaggle
ham,"Hmmm.... Mayb can try e shoppin area one, but forgot e name of hotel...",en,kaggle
ham,Llegas en tren o te recojo en el aeropuerto?,es,synthetic_claude
spam,T-Mobile customer you may now claim your FREE CAMERA PHONE upgrade & a pay & go sim card for your loyalty. Call on 0845 021 3680.Offer ends 28thFeb.T&C's apply,en,kaggle
ham,Ok lor...,en,kaggle
ham,"Aight that'll work, thanks",en,kaggle
spam,"Did you hear about the new \Divorce Barbie\""""? It comes with all of Ken's stuff!""""",en,kaggle
ham,He neva grumble but i sad lor... Hee... Buy tmr lor aft lunch. But we still meetin 4 lunch tmr a not. Neva hear fr them lei. ÌÏ got a lot of work ar?,en,kaggle
ham,Thanks for looking out for me. I really appreciate.,en,kaggle
ham,Daddy will take good care of you :),en,kaggle
ham,Remember to ask alex about his pizza,en,kaggle
ham,Huh i cant thk of more oredi how many pages do we have?,en,kaggle
ham,"Cabify: Recibo de tu viaje del 14/03: 12,40€. Gracias por usar Cabify.",es,synthetic_claude
ham,Ill be there on  &lt;#&gt;  ok.,en,kaggle
ham,Me hungry buy some food good lei... But mum n yun dun wan juz buy a little bit...,en,kaggle
ham,The wine is flowing and i'm i have nevering..,en,kaggle
ham,Cant think of anyone with * spare room off * top of my head,en,kaggle
ham,You should get more chicken broth if you want ramen unless there's some I don't know about,en,kaggle
ham,What happen dear tell me,en,kaggle
ham,Just taste fish curry :-P,en,kaggle
spam,Sabadell: Alerta: 3 intentos fallidos de acceso a su cuenta. Llame al 900 500 259 ahora.,es,synthetic_claude
ham,"No, but you told me you were going, before you got drunk!",en,kaggle
ham,I guess it is useless calling u 4 something important.,en,kaggle
ham,"Great. I'm in church now, will holla when i get out",en,kaggle
ham,You could have seen me..i did't recognise you Face.:),en,kaggle
ham,Once free call me sir.,en,kaggle
spam,U have won a nokia 6230 plus a free digital camera. This is what u get when u win our FREE auction. To take part send NOKIA to 83383 now. POBOX114/14TCR/W1 16,en,kaggle
ham,Did he just say somebody is named tampa,en,kaggle
ham,No problem. Talk to you later,en,kaggle
ham,Omg you can make a wedding chapel in frontierville? Why do they get all the good stuff?,en,kaggle
ham,Can Ì_ call me at 10:10 to make sure dat i've woken up...,en,kaggle
ham,"Ah, well that confuses things, doesnt it? I thought was friends with now. Maybe i did the wrong thing but i already sort of invited -tho he may not come cos of money.",en,kaggle
ham,WHAT TIME U WRKIN?,en,kaggle
ham,Keep my payasam there if rinu brings,en,kaggle
ham,"Aight text me when you're back at mu and I'll swing by, need somebody to get the door for me",en,kaggle
ham,Aiyah u did ok already lar. E nydc at wheellock?,en,kaggle
spam,"Update_Now - Xmas Offer! Latest Motorola, SonyEricsson & Nokia & FREE Bluetooth! Double Mins & 1000 Txt on Orange. Call MobileUpd8 on 08000839402 or call2optout/F4Q=",en,kaggle
ham,A lot of this sickness thing going round. Take it easy. Hope u feel better soon. Lol,en,kaggle
ham,Thanks for ve lovely wisheds. You rock,en,kaggle
ham,"Its ok, called mom instead have fun",en,kaggle
ham,Yup i'm free...,en,kaggle
ham,Wow didn't think it was that common. I take it all back ur not a freak! Unless u chop it off:-),en,kaggle
ham,"Enjoy the showers of possessiveness poured on u by ur loved ones, bcoz in this world of lies, it is a golden gift to be loved truly..",en,kaggle
ham,"\HEY DAS COOL... IKNOW ALL 2 WELLDA PERIL OF STUDENTFINANCIAL CRISIS!SPK 2 U L8R.\""""""""",en,kaggle
ham,Hey anyway i have to :-),en,kaggle
ham,Am i that much dirty fellow?,en,kaggle
ham,Old Orchard near univ. How about you?,en,kaggle
ham,"Pls send me a comprehensive mail about who i'm paying, when and how much.",en,kaggle
ham,My drive can only be read. I need to write,en,kaggle
ham,In that case I guess I'll see you at campus lodge,en,kaggle
ham,Let me know when you've got the money so carlos can make the call,en,kaggle
ham,Yes.he have good crickiting mind,en,kaggle
ham,1's reach home call me.,en,kaggle
ham,K:)i will give my kvb acc details:),en,kaggle
ham,"Fun fact: although you would think armand would eventually build up a tolerance or some shit considering how much he smokes, he gets fucked up in like 2 hits",en,kaggle
ham,"Yo, I'm at my parents' gettin cash. Good news: we picked up a downstem",en,kaggle
spam,Dear Subscriber ur draw 4 å£100 gift voucher will b entered on receipt of a correct ans. When was Elvis Presleys Birthday? TXT answer to 80062,en,kaggle
spam,Free 1st week entry 2 TEXTPOD 4 a chance 2 win 40GB iPod or å£250 cash every wk. Txt POD to 84128 Ts&Cs www.textpod.net custcare 08712405020.,en,kaggle
ham,Alrite jod hows the revision goin? Keris bin doin a smidgin. N e way u wanna cum over after college?xx,en,kaggle
ham,"She said,'' do u mind if I go into the bedroom for a minute ? '' ''OK'', I sed in a sexy mood. She came out 5 minuts latr wid a cake...n My Wife,",en,kaggle
ham,Tu candidatura para el proceso interno de promoción ha sido recibida correctamente.,es,synthetic_claude
ham,There's no point hangin on to mr not right if he's not makin u happy,en,kaggle
ham,"Nope, I'm still in the market",en,kaggle
ham,Yes princess! I want to catch you with my big strong hands...,en,kaggle
ham,Can not use foreign stamps in this country. Good lecture .,en,kaggle
ham,Also where's the piece,en,kaggle
ham,"Awesome, I remember the last time we got somebody high for the first time with diesel :V",en,kaggle
ham,"Just sent you an email ÛÒ to an address with incomm in it, is that right?",en,kaggle
ham,I can ask around but there's not a lot in terms of mids up here,en,kaggle
ham,I've sent my wife your text. After we buy them she'll tell you what to do. So just relax. We should go get them this wkend.,en,kaggle
ham,"7 wonders in My WORLD 7th You 6th Ur style 5th Ur smile 4th Ur Personality 3rd Ur Nature 2nd Ur SMS and 1st \Ur Lovely Friendship\""""... good morning dear""""",en,kaggle
ham,Just glad to be talking to you.,en,kaggle
ham,Yes we are chatting too.,en,kaggle
ham,"Hey , is * rite u put åÈ10 evey mnth is that all?",en,kaggle
ham,S...from the training manual it show there is no tech process:)its all about password reset and troubleshooting:),en,kaggle
ham,Juz now havent woke up so a bit blur blur... Can? Dad went out liao... I cant cum now oso...,en,kaggle
ham,Good evening! this is roger. How are you?,en,kaggle
ham,Olol i printed out a forum post by a guy with the exact same  prob which was fixed with a gpu replacement. Hopefully they dont ignore that.,en,kaggle
ham,"Derp. Which is worse, a dude who always wants to party or a dude who files a complaint about the three drug abusers he lives with",en,kaggle
ham,See the forwarding message for proof,en,kaggle
ham,Kay... Since we are out already,en,kaggle
ham,They will pick up and drop in car.so no problem..,en,kaggle
ham,Aviso: este mes el pago de la nómina llegará el día 27 en lugar del 28.,es,synthetic_claude
ham,O was not into fps then.,en,kaggle
ham,Please don't text me anymore. I have nothing else to say.,en,kaggle
spam,ING: Su tarjeta de débito ha sido bloqueada. Desbloquéela aquí: https://ing-tarjeta.net/desbloquear,es,synthetic_claude
ham,Men like shorter ladies. Gaze up into his eyes.,en,kaggle
spam,DGT: Su carnet de conducir vence en 5 días. Renuévelo online: https://dgt-carnet.net/renovar,es,synthetic_claude
ham,Was the actual exam harder than NBME,en,kaggle
ham,"Evry Emotion dsn't hav Words.Evry Wish dsn't hav Prayrs.. If u Smile,D World is wit u.Othrwise even d Drop of Tear dsn't lik 2 Stay wit u.So b happy.. Good morning, keep smiling:-)",en,kaggle
ham,Llevo esperando el bus 25 minutos. Llego sobre las 8.,es,synthetic_claude
ham,Call me when you get the chance plz &lt;3,en,kaggle
ham,He's an adult and would learn from the experience. There's no real danger. I just dont like peeps using drugs they dont need. But no comment,en,kaggle
ham,Wat so late still early mah. Or we juz go 4 dinner lor. Aiya i dunno...,en,kaggle
ham,That's y i said it's bad dat all e gals know u... Wat u doing now?,en,kaggle
ham,The hair cream has not been shipped.,en,kaggle
ham,Is that what time you want me to come?,en,kaggle
ham,Who's there say hi to our drugdealer,en,kaggle
spam,URGENT We are trying to contact you Last weekends draw shows u have won a å£1000 prize GUARANTEED Call 09064017295 Claim code K52 Valid 12hrs 150p pm,en,kaggle
ham,Have a good evening! Ttyl,en,kaggle
ham,I have to take exam with march 3,en,kaggle
spam,it to 80488. Your 500 free text messages are valid until 31 December 2005.,en,kaggle
ham,I want to be there so i can kiss you and feel you next to me,en,kaggle
ham,Sorry da:)i was thought of calling you lot of times:)lil busy.i will call you at noon..,en,kaggle
ham,&lt;#&gt;  in mca. But not conform.,en,kaggle
ham,Yup it's at paragon... I havent decided whether 2 cut yet... Hee...,en,kaggle
spam,Gr8 new service - live sex video chat on your mob - see the sexiest dirtiest girls live on ur phone - 4 details text horny to 89070 to cancel send STOP to 89070,en,kaggle
spam,YOU ARE CHOSEN TO RECEIVE A å£350 AWARD! Pls call claim number 09066364311 to collect your award which you are selected to receive as a valued mobile customer.,en,kaggle
ham,"\Hi its Kate it was lovely to see you tonight and ill phone you tomorrow. I got to sing and a guy gave me his card! xxx\""""""""",en,kaggle
spam,Inversión en acciones europeas con resultado garantizado del 20% en 3 meses. Regístrate.,es,synthetic_claude
ham,make that 3! 4 fucks sake?! x,en,kaggle
ham,Heart is empty without love.. Mind is empty without wisdom.. Eyes r empty without dreams &amp; Life is empty without frnds.. So Alwys Be In Touch. Good night &amp; sweet dreams,en,kaggle
spam,"Your account has been credited with 500 FREE Text Messages. To activate, just txt the word: CREDIT to No: 80488 T&Cs www.80488.biz",en,kaggle
spam,Pierde 15kg en 30 días sin dieta ni ejercicio. Producto natural. Envío gratis. Llame ya.,es,synthetic_claude
ham,"Erm Û_ ill pick you up at about 6.45pm. That'll give enough time to get there, park and that.",en,kaggle
ham,Do we have any spare power supplies,en,kaggle
ham,Been running but only managed 5 minutes and then needed oxygen! Might have to resort to the roller option!,en,kaggle
ham,"\Life is nothing wen v get everything\"""". But \""""life is everything wen v miss something \"""". Real value of people wil be realized only in their absence.... gud mrng""""",en,kaggle
spam,Your credits have been topped up for http://www.bubbletext.com Your renewal Pin is tgxxrz,en,kaggle
ham,Only saturday and sunday holiday so its very difficult:),en,kaggle
ham,No da:)he is stupid da..always sending like this:)don believe any of those message.pandy is a mental:),en,kaggle
ham,ok....take care.umma to you too...,en,kaggle
ham,Lil fever:) now fine:),en,kaggle
ham,Love it! Daddy will make you scream with pleasure! I am going to slap your ass with my dick!,en,kaggle
ham,Ha ha cool cool chikku chikku:-):-DB-),en,kaggle
ham,Sent me de webadres for geting salary slip,en,kaggle
ham,"Call me when you/carlos is/are here, my phone's vibrate is acting up and I might not hear texts",en,kaggle
ham,LOL what happens in Vegas stays in vegas,en,kaggle
ham,Ya he hecho la compra. He pillado lo que me dijiste.,es,synthetic_claude
ham,No. Thank you. You've been wonderful,en,kaggle
ham,Sounds great! Are you home now?,en,kaggle
spam,important information 4 orange user 0789xxxxxxx. today is your lucky day!2find out why log onto http://www.urawinner.com THERE'S A FANTASTIC SURPRISE AWAITING YOU!,en,kaggle
spam,"For ur chance to win a å£250 cash every wk TXT: ACTION to 80608. T's&C's www.movietrivia.tv custcare 08712405022, 1x150p/wk.",en,kaggle
ham,Lol ... I knew that .... I saw him in the dollar store,en,kaggle
ham,So its to be poking man everyday that they teach you in canada abi! How are you. Just saying hi.,en,kaggle
ham,Got it! It looks scrumptious... daddy wants to eat you all night long!,en,kaggle
ham,Pandy joined 4w technologies today.he got job..,en,kaggle
ham,U don't know how stubborn I am. I didn't even want to go to the hospital. I kept telling Mark I'm not a weak sucker. Hospitals are for weak suckers.,en,kaggle
spam,Check Out Choose Your Babe Videos @ sms.shsex.netUN fgkslpoPW fgkslpo,en,kaggle
ham,Y dun cut too short leh. U dun like ah? She failed. She's quite sad.,en,kaggle
ham,Life style garments account no please.,en,kaggle
spam,Boltblue tones for 150p Reply POLY# or MONO# eg POLY3 1. Cha Cha Slide 2. Yeah 3. Slow Jamz 6. Toxic 8. Come With Me or STOP 4 more tones txt MORE,en,kaggle
ham,"Haha awesome, I've been to 4u a couple times. Who all's coming?",en,kaggle
ham,Got c... I lazy to type... I forgot Ì_ in lect... I saw a pouch but like not v nice...,en,kaggle
ham,Is that on the telly? No its Brdget Jones!,en,kaggle
spam,GSOH? Good with SPAM the ladies?U could b a male gigolo? 2 join the uk's fastest growing mens club reply ONCALL. mjzgroup. 08714342399.2stop reply STOP. msg@å£1.50rcvd,en,kaggle
ham,Am in gobi arts college,en,kaggle
ham,"Sorry, I'll call later ok bye",en,kaggle
ham,Where's mummy's boy ? Is he being good or bad ? Is he being positive or negative ? Why is mummy being made to wait? Hmmmm?,en,kaggle
ham,I will send them to your email. Do you mind  &lt;#&gt;  times per night?,en,kaggle
ham,"I met you as a stranger and choose you as my friend. As long as the world stands, our friendship never ends. Lets be Friends forever!!! Gud nitz...",en,kaggle
ham,hanks lotsly!,en,kaggle
spam,8007 FREE for 1st week! No1 Nokia tone 4 ur mob every week just txt NOKIA to 8007 Get txting and tell ur mates www.getzed.co.uk POBox 36504 W4 5WQ norm 150p/tone 16+,en,kaggle
ham,He says he'll give me a call when his friend's got the money but that he's definitely buying before the end of the week,en,kaggle
ham,What happen to her tell the truth,en,kaggle
ham,Oh yeah clearly it's my fault,en,kaggle
ham,Thanks for this hope you had a good day today,en,kaggle
ham,Yar... I tot u knew dis would happen long ago already.,en,kaggle
ham,Why do you ask princess?,en,kaggle
ham,Yeah no probs - last night is obviously catching up with you... Speak soon,en,kaggle
ham,O i played smash bros  &lt;#&gt;  religiously.,en,kaggle
ham,But i dint slept in afternoon.,en,kaggle
spam,Apple: URGENTE: su iPhone gratis caduca mañana. Reclamelo ahora: https://apple-urgente.top/iphone,es,synthetic_claude
ham,"Aight will do, thanks again for comin out",en,kaggle
ham,Sun ah... Thk mayb can if dun have anythin on... Thk have to book e lesson... E pilates is at orchard mrt u noe hor...,en,kaggle
ham,I'm watching lotr w my sis dis aft. So u wan 2 meet me 4 dinner at nite a not?,en,kaggle
ham,"I'm taking derek &amp"";"" taylor to walmart, if I'm not back by the time you're done just leave the mouse on my desk and I'll text you when priscilla's ready",en,kaggle
ham,Yup... I havent been there before... You want to go for the yoga? I can call up to book,en,kaggle
ham,Ok... Take ur time n enjoy ur dinner...,en,kaggle
spam,RECPT 1/3. You have ordered a Ringtone. Your order is being processed...,en,kaggle
ham,Me fine..absolutly fine,en,kaggle
ham,Jus finish my lunch on my way home lor... I tot u dun wan 2 stay in sch today...,en,kaggle
ham,NOT MUCH NO FIGHTS. IT WAS A GOOD NITE!!,en,kaggle
ham,Happy birthday... May all ur dreams come true...,en,kaggle
ham,You didnt complete your gist oh.,en,kaggle
ham,Haven't left yet so probably gonna be here til dinner,en,kaggle
ham,ELLO BABE U OK?,en,kaggle
ham,Your dad is back in ph?,en,kaggle
ham,&lt;DECIMAL&gt; m but its not a common car here so its better to buy from china or asia. Or if i find it less expensive. I.ll holla,en,kaggle
ham,Wat uniform? In where get?,en,kaggle
ham,"The fact that you're cleaning shows you know why i'm upset. Your priority is constantly \what i want to do,""""\"""""""" not \""""""""what i need to do.\""""""""""""""""""""",en,kaggle
ham,No i am not having not any movies in my laptop,en,kaggle
ham,So u gonna get deus ex?,en,kaggle
ham,"Naturgy: Lectura del contador de gas el próximo jueves. Si no hay nadie, deje acceso al armario.",es,synthetic_claude
ham,I'm sorry. I've joined the league of people that dont keep in touch. You mean a great deal to me. You have been a friend at all times even at great personal cost. Do have a great week.|,en,kaggle
ham,"Idk. You keep saying that you're not, but since he moved, we keep butting heads over freedom vs. responsibility. And i'm tired. I have so much other shit to deal with that i'm barely keeping myself together once this gets added to it.",en,kaggle
ham,"Well, i'm gonna finish my bath now. Have a good...fine night.",en,kaggle
ham,"K, if u bored up just come to my home..",en,kaggle
ham,I'm at home n ready...,en,kaggle
ham,Well welp is sort of a semiobscure internet thing,en,kaggle
ham,This is ur face test ( 1 2 3 4 5 6 7 8 9  &lt;#&gt;  ) select any number i will tell ur face astrology.... am waiting. quick reply...,en,kaggle
ham,Zara: Su pedido está listo para recoger en tienda. Tienes hasta el viernes para recogerlo.,es,synthetic_claude
ham,"I'm eatin now lor, but goin back to work soon... E mountain deer show huh... I watch b4 liao, very nice...",en,kaggle
ham,"Ya ok, vikky vl c witin  &lt"";#&gt;"" mins and il reply u..",en,kaggle
ham,Well. Im computerless. Time to make some oreo truffles,en,kaggle
ham,"Sorry pa, i dont knw who ru pa?",en,kaggle
ham,"I'll see if I can swing by in a bit, got some things to take care of here firsg",en,kaggle
ham,"You aren't coming home between class, right? I need to work out and shower!",en,kaggle
ham,What's the significance?,en,kaggle
spam,URGENT! We are trying to contact you. Last weekends draw shows that you have won a å£900 prize GUARANTEED. Call 09061701939. Claim code S89. Valid 12hrs only,en,kaggle
ham,Back in brum! Thanks for putting us up and keeping us all and happy. See you soon,en,kaggle
ham,Stupid auto correct on my phone,en,kaggle
spam,Want explicit SEX in 30 secs? Ring 02073162414 now! Costs 20p/min Gsex POBOX 2667 WC1N 3XX,en,kaggle
ham,Leave it wif me lar... ÌÏ wan to carry meh so heavy... Is da num 98321561 familiar to Ì_?,en,kaggle
ham,"wow. You're right! I didn't mean to do that. I guess once i gave up on boston men and changed my search location to nyc, something changed. Cuz on my signin page it still says boston.",en,kaggle
ham,Yup but not studying surfing lor. I'm in e lazy mode today.,en,kaggle
ham,"see you then, we're all christmassy here!",en,kaggle
ham,"Ok that would b lovely, if u r sure. Think about wot u want to do, drinkin, dancin, eatin, cinema, in, out, about... Up to u! Wot about ? ",en,kaggle
ham,Give one miss from that number please,en,kaggle
ham,Now get step 2 outta the way. Congrats again.,en,kaggle
spam,RGENT! This is the 2nd attempt to contact U!U have WON å£1250 CALL 09071512433 b4 050703 T&CsBCM4235WC1N3XX. callcost 150ppm mobilesvary. maxå£7. 50,en,kaggle
ham,Ok... Ur typical reply...,en,kaggle
ham,Iberdrola: Aviso de factura: este mes ha consumido un 15% menos que el mes anterior.,es,synthetic_claude
ham,"It's cool, let me know before it kicks off around  &lt"";#&gt;"" , I'll be out and about all day",en,kaggle
ham,Noice. Text me when you're here,en,kaggle
ham,Compañera: ¿Tienes el Excel del proyecto actualizado? Lo necesito antes de las 3.,es,synthetic_claude
ham,What to think no one saying clearly. Ok leave no need to ask her. I will go if she come or not,en,kaggle
ham,Nothing just getting msgs by dis name wit different no's..,en,kaggle
ham,How will I creep on you now? ;_,en,kaggle
ham,If you're thinking of lifting me one then no.,en,kaggle
ham,Well boy am I glad G wasted all night at applebees for nothing,en,kaggle
ham,Send me your resume:-),en,kaggle
ham,Where are the garage keys? They aren't on the bookshelf,en,kaggle
ham,Well then you have a great weekend!,en,kaggle
ham,Su impuesto de circulación ha sido domiciliado por 112€. Recibo disponible en el área de cliente.,es,synthetic_claude
ham,I realise you are a busy guy and i'm trying not to be a bother. I have to get some exams outta the way and then try the cars. Do have a gr8 day,en,kaggle
ham,Got meh... When?,en,kaggle
ham,ÌÏ say until like dat i dun buy ericsson oso cannot oredi lar...,en,kaggle
ham,I asked sen to come chennai and search for job.,en,kaggle
ham,K do I need a login or anything,en,kaggle
spam,Hello. We need some posh birds and chaps to user trial prods for champneys. Can i put you down? I need your address and dob asap. Ta r,en,kaggle
ham,Yup... From what i remb... I think should be can book...,en,kaggle
ham,You got job in wipro:)you will get every thing in life in 2 or 3 years.,en,kaggle
ham,Ok then no need to tell me anything i am going to sleep good night,en,kaggle
ham,Tell me pa. How is pain de.,en,kaggle
ham,Remember on that day..,en,kaggle
spam,"Urgent! call 09066350750 from your landline. Your complimentary 4* Ibiza Holiday or 10,000 cash await collection SAE T&Cs PO BOX 434 SK3 8WP 150 ppm 18+ ",en,kaggle
ham,Can you let me know details of fri when u find out cos I'm not in tom or fri. mentionned chinese. Thanks,en,kaggle
spam,"Thanks for your ringtone order, reference number X49.Your mobile will be charged 4.50. Should your tone not arrive please call customer services 09065989182",en,kaggle
ham,Was playng 9 doors game and gt racing on phone lol,en,kaggle
ham,I'm hungry buy smth home...,en,kaggle
ham,Midnight at the earliest,en,kaggle
ham,Home so we can always chat,en,kaggle
ham,Take something for pain. If it moves however to any side in the next 6hrs see a doctor.,en,kaggle
ham,Okay lor... Will they still let us go a not ah? Coz they will not know until later. We drop our cards into the box right?,en,kaggle
ham,Onum ela pa. Normal than.,en,kaggle
spam,"Vodafone: Nuevo cargo en su factura de 14,99€ por servicio adicional contratado. Llame al 1444.",es,synthetic_claude
spam,"FREE2DAY sexy St George's Day pic of Jordan!Txt PIC to 89080 dont miss out, then every wk a saucy celeb!4 more pics c PocketBabe.co.uk 0870241182716 å£3/wk",en,kaggle
ham,Well its not like you actually called someone a punto. That woulda been worse.,en,kaggle
ham,Hi darlin im on helens fone im gonna b up the princes 2 nite please come up tb love Kate,en,kaggle
ham,What is this 'hex' place you talk of? Explain!,en,kaggle
ham,You lifted my hopes with the offer of money. I am in need. Especially when the end of the month approaches and it hurts my studying. Anyways have a gr8 weekend,en,kaggle
ham,"So many people seems to be special at first sight, But only very few will remain special to you till your last sight.. Maintain them till life ends.. Sh!jas",en,kaggle
ham,"What do u reckon as need 2 arrange transport if u can't do it, thanks",en,kaggle
ham,When did i use soc... I use it only at home... ÌÏ dunno how 2 type it in word ar...,en,kaggle
ham,Just sent it. So what type of food do you like?,en,kaggle
ham,"Dear,shall mail tonite.busy in the street,shall update you tonite.things are looking ok.varunnathu edukkukayee raksha ollu.but a good one in real sense.",en,kaggle
ham,"Yeah, probably here for a while",en,kaggle
ham,The Xmas story is peace.. The Xmas msg is love.. The Xmas miracle is jesus.. Hav a blessed month ahead &amp; wish U Merry Xmas...,en,kaggle
ham,Pls tell nelson that the bb's are no longer comin. The money i was expecting aint coming,en,kaggle
spam,HBO: Su contraseña ha sido cambiada desde un dispositivo desconocido. Contáctenos si no fue usted.,es,synthetic_claude
ham,"IÛ÷ll leave around four, ok?",en,kaggle
ham,Just got outta class gonna go gym.,en,kaggle
ham,G wants to know where the fuck you are,en,kaggle
ham,"Come to mu, we're sorting out our narcotics situation",en,kaggle
ham,Pls ask macho how much is budget for bb bold 2 is cos i saw a new one for  &lt;#&gt;  dollars.,en,kaggle
ham,Hey... Very inconvenient for your sis a not huh?,en,kaggle
spam,Sorry! U can not unsubscribe yet. THE MOB offer package has a min term of 54 weeks> pls resubmit request after expiry. Reply THEMOB HELP 4 more info,en,kaggle
ham,Indeed and by the way it was either or - not both !,en,kaggle
ham,Going for dinner.msg you after.,en,kaggle
ham,"Haha just kidding, papa needs drugs",en,kaggle
ham,Ok no prob. Take ur time.,en,kaggle
ham,Oops i thk i dun haf enuff... I go check then tell Ì_..,en,kaggle
spam,8007 25p 4 Alfie Moon's Children in Need song on ur mob. Tell ur m8s. Txt TONE CHARITY to 8007 for nokias or POLY CHARITY for polys :zed 08701417012 profit 2 charity,en,kaggle
ham,Booking.com: Recordatorio de check-in mañana en Hotel Tryp Madrid. Confirmación: BK29381.,es,synthetic_claude
ham,Great. Never been better. Each day gives even more reasons to thank God,en,kaggle
ham,Gr8. So how do you handle the victoria island traffic. Plus when's the album due,en,kaggle
ham,"Hurry up, I've been weed-deficient for like three days",en,kaggle
spam,AEAT: Tiene un requerimiento de documentación. Responda en 10 días para evitar sanciones.,es,synthetic_claude
spam,Netflix: Su cuenta ha sido suspendida por pago fallido. Actualice su método de pago: https://netflix-pago.top/actualizar,es,synthetic_claude
ham,Yep. I do like the pink furniture tho.,en,kaggle
ham,Yes. that will be fine. Love you. Be safe.,en,kaggle
ham,So can collect ur laptop?,en,kaggle
ham,Get ready for  &lt;#&gt;  inches of pleasure...,en,kaggle
ham,Ok but tell me half an hr b4 u come i need 2 prepare.,en,kaggle
ham,Thats cool! Sometimes slow and gentle. Sonetimes rough and hard :),en,kaggle
spam,"To review and KEEP the fantastic Nokia N-Gage game deck with Club Nokia, go 2 www.cnupdates.com/newsletter. unsubscribe from alerts reply with the word OUT",en,kaggle
spam,ringtoneking 84484,en,kaggle
ham,"Its so common hearin How r u? Wat r u doing? How was ur day? So let me ask u something different. Did u smile today? If not, do it now.... Gud evng.",en,kaggle
ham,i dnt wnt to tlk wid u,en,kaggle
ham,Yes.. now only saw your message..,en,kaggle
ham,I liked the new mobile,en,kaggle
spam,"HOT LIVE FANTASIES call now 08707509020 Just 20p per min NTT Ltd, PO Box 1327 Croydon CR9 5WB 0870..k",en,kaggle
ham,either way works for me. I am  &lt;#&gt;  years old. Hope that doesnt bother you.,en,kaggle
ham,You made my day. Do have a great day too.,en,kaggle
ham,About  &lt;#&gt; bucks. The banks fees are fixed. Better to call the bank and find out.,en,kaggle
ham,THING R GOOD THANX GOT EXAMS IN MARCH IVE DONE NO REVISION? IS FRAN STILL WITH BOYF? IVE GOTTA INTERVIW 4 EXETER BIT WORRIED!x,en,kaggle
ham,"Best msg: It's hard to be with a person, when u know that one more step foward will make u fall in love.. &amp"";"" One step back can ruin ur friendship.. good night:-) ...",en,kaggle
ham,Studying. But i.ll be free next weekend.,en,kaggle
spam,Seguridad Social: Su prestación por desempleo está suspendida. Regularice su situación: https://segsocial-baja.net/regularizar,es,synthetic_claude
ham,"Awesome, be there in a minute",en,kaggle
ham,Just trying to figure out when I'm suppose to see a couple different people this week. We said we'd get together but I didn't set dates,en,kaggle
spam,Bankinter: Detectamos un fraude en su tarjeta. Para bloquearla responda 1 a este SMS.,es,synthetic_claude
ham,"Enhorabuena, has superado el período de prueba. Bienvenido al equipo de forma definitiva.",es,synthetic_claude
ham,"* Was a nice day and, impressively, i was sensible, went home early and now feel fine. Or am i just boring?! When's yours, i can't remember.",en,kaggle
ham,I wanted to ask Ì_ to wait 4 me to finish lect. Cos my lect finishes in an hour anyway.,en,kaggle
ham,This weekend is fine (an excuse not to do too much decorating),en,kaggle
ham,I am taking you for italian food. How about a pretty dress with no panties? :),en,kaggle
ham,yeah sure thing mate haunt got all my stuff sorted but im going sound anyway promoting hex for .by the way who is this? dont know number. Joke,en,kaggle
ham,I'm in a movie... Collect car oredi...,en,kaggle
ham,Hi da:)how is the todays class?,en,kaggle
ham,"Happy new year to u and ur family...may this new year bring happiness , stability and tranquility to ur vibrant colourful life:):)",en,kaggle
ham,Should I head straight there or what,en,kaggle
ham,"Okey dokey, iÛ÷ll be over in a bit just sorting some stuff out.",en,kaggle
ham,"Gal n boy walking in d park. gal-can i hold ur hand? boy-y? do u think i would run away? gal-no, jst wana c how it feels walking in heaven with an prince..GN:-)",en,kaggle
ham,S.i think he is waste for rr..,en,kaggle
ham,I just really need shit before tomorrow and I know you won't be awake before like 6,en,kaggle
ham,"I'm done. I'm sorry. I hope your next space gives you everything you want. Remember all the furniture is yours. If i'm not around when you move it, just lock all the locks and leave the key with jenne.",en,kaggle
ham,Ok lor. Anyway i thk we cant get tickets now cos like quite late already. U wan 2 go look 4 ur frens a not? Darren is wif them now...,en,kaggle
spam,Fancy a shag? I do.Interested? sextextuk.com txt XXUK SUZY to 69876. Txts cost 1.50 per msg. TnCs on website. X,en,kaggle
ham,Dear how you. Are you ok?,en,kaggle
spam,URGENT! Your Mobile number has been awarded with a å£2000 Bonus Caller Prize. Call 09058095201 from land line. Valid 12hrs only,en,kaggle
ham,Its going good...no problem..but still need little experience to understand american customer voice...,en,kaggle
spam,PRIVATE! Your 2003 Account Statement for 07808247860 shows 800 un-redeemed S. I. M. points. Call 08719899229 Identifier Code: 40411 Expires 06/11/04,en,kaggle
ham,We confirm eating at esplanade?,en,kaggle
ham,Nice talking to you! please dont forget my pix :) i want to see all of you...,en,kaggle
ham,Lol no. Just trying to make your day a little more interesting,en,kaggle
ham,In xam hall boy asked girl Tell me the starting term for dis answer I can den manage on my own After lot of hesitation n lookin around silently she said THE! intha ponnungale ipaditan;),en,kaggle
spam,Free video camera phones with Half Price line rental for 12 mths and 500 cross ntwk mins 100 txts. Call MobileUpd8 08001950382 or Call2OptOut/674,en,kaggle
ham,"I call you later, don't have network. If urgnt, sms me.",en,kaggle
ham,Happy New Year Princess!,en,kaggle
ham,This pen thing is beyond a joke. Wont a Biro do? Don't do a masters as can't do this ever again!,en,kaggle
ham,Nokia phone is lovly..,en,kaggle
spam,"If you don't, your prize will go to another customer. T&C at www.t-c.biz 18+ 150p/min Polo Ltd Suite 373 London W1J 6HL Please call back if busy ",en,kaggle
ham,I wanted to wish you a Happy New Year and I wanted to talk to you about some legal advice to do with when Gary and I split but in person. I'll make a trip to Ptbo for that. I hope everything is good with you babe and I love ya :),en,kaggle
ham,Are you free now?can i call now?,en,kaggle
ham,"Haha better late than ever, any way I could swing by?",en,kaggle
ham,Its a great day. Do have yourself a beautiful one.,en,kaggle
ham,"Sorry,in meeting I'll call later",en,kaggle
ham,"Sorry chikku, my cell got some problem thts y i was nt able to reply u or msg u..",en,kaggle
spam,FreeMsg>FAV XMAS TONES!Reply REAL,en,kaggle
ham,Then its most likely called Mittelschmertz. Google it. If you dont have paracetamol dont worry it will go.,en,kaggle
ham,No no. I will check all rooms befor activities,en,kaggle
ham,I come n pick Ì_ up... Come out immediately aft ur lesson...,en,kaggle
ham,Anything lar then Ì_ not going home 4 dinner?,en,kaggle
ham,"No me encuentro muy bien hoy, creo que me he resfriado",es,synthetic_claude
ham,Wow v v impressed. Have funs shopping!,en,kaggle
ham,Ryanair: Recordatorio de embarque: puerta cierra 30 minutos antes de salida. Vuelo FR1234.,es,synthetic_claude
ham,Okay same with me. Well thanks for the clarification,en,kaggle
spam,Aviso: su análisis de orina muestra alteraciones. Consulte con su médico de cabecera esta semana.,es,synthetic_claude
spam,Dear U've been invited to XCHAT. This is our final attempt to contact u! Txt CHAT to 86688 150p/MsgrcvdHG/Suite342/2Lands/Row/W1J6HL LDN 18 yrs,en,kaggle
ham,"A boy was late 2 home. His father: \POWER OF FRNDSHIP\""""""""",en,kaggle
ham,Thanks honey. Have a great day.,en,kaggle
ham,"Carlos is down but I have to pick it up from him, so I'll swing by usf in a little bit",en,kaggle
spam,What do U want for Xmas? How about 100 free text messages & a new video phone with half price line rental? Call free now on 0800 0721072 to find out more!,en,kaggle
ham,Shopping lor. Them raining mah hard 2 leave orchard.,en,kaggle
ham,"sry can't talk on phone, with parents",en,kaggle
ham,Sad story of a Man - Last week was my b'day. My Wife did'nt wish me. My Parents forgot n so did my Kids . I went to work. Even my Colleagues did not wish.,en,kaggle
spam,Congratulations ur awarded 500 of CD vouchers or 125gift guaranteed & Free entry 2 100 wkly draw txt MUSIC to 87066 TnCs www.Ldew.com1win150ppmx3age16,en,kaggle
spam,Free entry in 2 a wkly comp to win FA Cup final tkts 21st May 2005. Text FA to 87121 to receive entry question(std txt rate)T&C's apply 08452810075over18's,en,kaggle
ham,It is a good thing I'm now getting the connection to bw,en,kaggle
ham,Aiyo please Ì_ got time meh.,en,kaggle
ham,Protección Civil: Aviso de lluvia intensa en la Comunidad de Madrid. Evite desplazamientos innecesarios.,es,synthetic_claude
ham,Ok but knackered. Just came home and went to sleep! Not good at this full time work lark.,en,kaggle
ham,"Arngd marriage is while u r walkin unfortuntly a snake bites u. bt love marriage is dancing in frnt of d snake &amp"";"" sayin Bite me, bite me.",en,kaggle
ham,"Sorry, got a late start, we're on the way",en,kaggle
ham,Guess he wants alone time. We could just show up and watch when they do..,en,kaggle
ham,I don't know but I'm raping dudes at poker,en,kaggle
ham,"Sorry, I guess whenever I can get a hold of my connections, maybe an hour or two? I'll text you",en,kaggle
spam,Had your mobile 11 months or more? U R entitled to Update to the latest colour mobiles with camera for Free! Call The Mobile Update Co FREE on 08002986030,en,kaggle
ham,Tell my  bad character which u Dnt lik in me. I'll try to change in  &lt;#&gt; . I ll add tat 2 my new year resolution. Waiting for ur reply.Be frank...good morning.,en,kaggle
ham,"Fyi I'm taking a quick shower, be at epsilon in like  &lt"";#&gt;""  min",en,kaggle
ham,CHEERS LOU! YEAH WAS A GOODNITE SHAME U NEVA CAME! C YA GAILxx,en,kaggle
ham,Hey... What time is your driving on fri? We go for evaluation on fri?,en,kaggle
ham,Do u konw waht is rael FRIENDSHIP Im gving yuo an exmpel: Jsut ese tihs msg.. Evrey splleing of tihs msg is wrnog.. Bt sitll yuo can raed it wihtuot ayn mitsake.. GOODNIGHT &amp; HAVE A NICE SLEEP..SWEET DREAMS..,en,kaggle
ham,Come aftr  &lt;DECIMAL&gt; ..now i m cleaning the house,en,kaggle
ham,"I keep seeing weird shit and bein all \woah\"""" then realising it's actually reasonable and I'm all \""""oh\""""""""",en,kaggle
spam,FedEx: No pudimos entregar su paquete por timbre estropeado. Responda con su horario disponible.,es,synthetic_claude
ham,"We have sent JD for Customer Service cum Accounts Executive to ur mail id, For details contact us",en,kaggle
ham,Ok c Ì_ then.,en,kaggle
ham,Aiyah e rain like quite big leh. If drizzling i can at least run home.,en,kaggle
ham,"By the way, make sure u get train to worc foregate street not shrub hill. Have fun night x",en,kaggle
ham,Seguridad Social: Cita previa para prestación por desempleo el 20/03 a las 09:30. Oficina Plaza España.,es,synthetic_claude
ham,You do what all you like,en,kaggle
spam,Empresa de logística busca gestores de almacén virtual. 1.200€/mes teletrabajo. Apúntate.,es,synthetic_claude
ham,In sch but neva mind u eat 1st lor..,en,kaggle
spam,Generali: Siniestro abierto en su expediente. Para gestionarlo llame al 900 600 800.,es,synthetic_claude
spam,"Call 09094100151 to use ur mins! Calls cast 10p/min (mob vary). Service provided by AOM, just GBP5/month. AOM Box61,M60 1ER until u stop. Ages 18+ only!",en,kaggle
spam,Call FREEPHONE 0800 542 0578 now!,en,kaggle
spam,Google Pay: Intento de pago sospechoso. Verifique su cuenta: https://googlepay-alerta.net,es,synthetic_claude
ham," says that he's quitting at least5times a day so i wudn't take much notice of that. Nah, she didn't mind. Are you gonna see him again? Do you want to come to taunton tonight? U can tell me all about !",en,kaggle
ham,Will it help if we propose going back again tomorrow,en,kaggle
ham,"Hi Jon, Pete here, Ive bin 2 Spain recently & hav sum dinero left, Bill said u or ur åÔrents mayb interested in it, I hav 12,000pes, so around å£48, tb, James.",en,kaggle
ham,How's ur paper?,en,kaggle
ham,"Sorry man my account's dry or I would, if you want we could trade back half or I could buy some shit with my credit card",en,kaggle
ham,"Hi hope u r both ok, he said he would text and he hasn't, have u seen him, let me down gently please ",en,kaggle
spam,Panasonic & BluetoothHdset FREE. Nokia FREE. Motorola FREE & DoubleMins & DoubleTxt on Orange contract. Call MobileUpd8 on 08000839402 or call 2optout,en,kaggle
ham,"No worries, hope photo shoot went well. have a spiffing fun at workage. ",en,kaggle
ham,"Probably not, still going over some stuff here",en,kaggle
ham,Also that chat was awesome but don't make it regular unless you can see her in person,en,kaggle
ham,No wonder... Cos i dun rem seeing a silver car... But i thk i saw a black one...,en,kaggle
ham,Just forced myself to eat a slice. I'm really not hungry tho. This sucks. Mark is getting worried. He knows I'm sick when I turn down pizza. Lol,en,kaggle
ham,"No I'm good for the movie, is it ok if I leave in an hourish?",en,kaggle
ham,I want snow. It's just freezing and windy.,en,kaggle
ham,U too...,en,kaggle
ham,If anyone calls for a treadmill say you'll buy it. Make sure its working. I found an ad on Craigslist selling for $ &lt;#&gt; .,en,kaggle
ham,"\Hey j! r u feeling any better,"""" hopeSo hunny. i amnow feelin ill & ithink i may have tonsolitusaswell! damn iam layin in bedreal bored. lotsof luv me xxxx\""""""""""""""""""""",en,kaggle
ham,Booked ticket for pongal?,en,kaggle
ham,Its too late:)but its k.wish you the same.,en,kaggle
ham,"I'll get there at 3, unless you guys want me to come some time sooner",en,kaggle
ham,Are you at work right now ?,en,kaggle
ham,U coming 2 pick me?,en,kaggle
spam,"44 7732584351, Do you want a New Nokia 3510i colour phone DeliveredTomorrow? With 300 free minutes to any mobile + 100 free texts + Free Camcorder reply or call 08000930705.",en,kaggle
spam,Not heard from U4 a while. Call me now am here all night with just my knickers on. Make me beg for it like U did last time 01223585236 XX Luv Nikiyu4.net,en,kaggle
ham,:( but your not here....,en,kaggle
ham,Dunno i juz askin cos i got a card got 20% off 4 a salon called hair sense so i tot it's da one Ì_ cut ur hair.,en,kaggle
ham,Ha quedado genial la foto que nos hiciste en la playa,es,synthetic_claude
ham,Black shirt n blue jeans... I thk i c Ì_...,en,kaggle
ham,At WHAT TIME should i come tomorrow,en,kaggle
ham,Ball is moving a lot.will spin in last :)so very difficult to bat:),en,kaggle
ham,How are you doing? Hope you've settled in for the new school year. Just wishin you a gr8 day,en,kaggle
ham,"\Happy valentines day\"""" I know its early but i have hundreds of handsomes and beauties to wish. So i thought to finish off aunties and uncles 1st...""""",en,kaggle
ham,Update your face book status frequently :),en,kaggle
ham,Hey whats up? U sleeping all morning?,en,kaggle
ham,"Babe, I'm answering you, can't you see me ? Maybe you'd better reboot YM ... I got the photo ... It's great !",en,kaggle
ham,K.k:)apo k.good movie.,en,kaggle
ham,We left already we at orchard now.,en,kaggle
ham,Does daddy have a bb now.,en,kaggle
ham,You've already got a flaky parent. It'snot supposed to be the child's job to support the parent...not until they're The Ride age anyway. I'm supposed to be there to support you. And now i've hurt you. unintentional. But hurt nonetheless.,en,kaggle
spam,Do you want a NEW video phone750 anytime any network mins 150 text for only five pounds per week call 08000776320 now or reply for delivery tomorrow,en,kaggle
ham,Thank you baby! I cant wait to taste the real thing...,en,kaggle
ham,Oic... Then better quickly go bathe n settle down...,en,kaggle
ham,Macha dont feel upset.i can assume your mindset.believe me one evening with me and i have some wonderful plans for both of us.LET LIFE BEGIN AGAIN.call me anytime,en,kaggle
ham,Thank you. do you generally date the brothas?,en,kaggle
ham,He didn't see his shadow. We get an early spring yay,en,kaggle
ham,K then 2marrow are you coming to class.,en,kaggle
ham,K tell me anything about you.,en,kaggle
ham,Yes baby! We can study all the positions of the kama sutra ;),en,kaggle
ham,Missing you too.pray inshah allah,en,kaggle
spam,Oportunidad única: invierte en oro digital y duplica tu inversión en 30 días.,es,synthetic_claude
ham,Those ducking chinchillas,en,kaggle
ham,"Can you pls pls send me a mail on all you know about relatives coming to deliver here? All you know about costs, risks, benefits and anything else. Thanks.",en,kaggle
ham,Ok. I only ask abt e movie. U wan ktv oso?,en,kaggle
ham,Renfe: Billete Madrid-Barcelona del 25/03 a las 08:30 confirmado. Localizador: ABC123.,es,synthetic_claude
ham,Yun ah.now Ì_ wkg where?btw if Ì_ go nus sc. ÌÏ wana specialise in wad?,en,kaggle
ham,Its sarcasm.. .nt scarcasim,en,kaggle
ham,"How are you, my Love ? Are you with your brother ? Time to talk english with him ? *grins* Say : Hey Muhommad, Penny says hello from across the sea",en,kaggle
ham,¿Has hablado con tu hermano? Está muy raro últimamente.,es,synthetic_claude
ham,Hello! How r u? Im bored. Inever thought id get bored with the tv but I am. Tell me something exciting has happened there? Anything! =/,en,kaggle
ham,Kaiez... Enjoy ur tuition... Gee... Thk e second option sounds beta... I'll go yan jiu den msg u...,en,kaggle
ham,Yeah that'd pretty much be the best case scenario,en,kaggle
ham,"Sir, I need AXIS BANK account no and bank address.",en,kaggle
spam,from www.Applausestore.com MonthlySubscription@50p/msg max6/month T&CsC web age16 2stop txt stop,en,kaggle
ham,Endesa: Aviso de corte programado en su zona el miércoles de 9:00 a 13:00 por mantenimiento.,es,synthetic_claude
spam,Sunshine Quiz! Win a super Sony DVD recorder if you canname the capital of Australia? Text MQUIZ to 82277. B,en,kaggle
ham,Okie... Thanx...,en,kaggle
ham,¿Traes vino o prefieres que lo ponga yo?,es,synthetic_claude
ham,"I've got  &lt"";#&gt;"" , any way I could pick up?",en,kaggle
ham,There is no sense in my foot and penis.,en,kaggle
spam,"Urgent! call 09066612661 from landline. Your complementary 4* Tenerife Holiday or å£10,000 cash await collection SAE T&Cs PO Box 3 WA14 2PX 150ppm 18+ Sender: Hol Offer",en,kaggle
ham,Sian... Aft meeting supervisor got work 2 do liao... U working now?,en,kaggle
spam,FROM 88066 LOST å£12 HELP,en,kaggle
ham,Oh Howda gud gud.. Mathe en samachara chikku:-),en,kaggle
ham,Slept? I thinkThis time ( &lt;#&gt;  pm) is not dangerous,en,kaggle
spam,ree entry in 2 a weekly comp for a chance to win an ipod. Txt POD to 80182 to get entry (std txt rate) T&C's apply 08452810073 for details 18+,en,kaggle
ham,I thk 530 lor. But dunno can get tickets a not. Wat u doing now?,en,kaggle
ham,Well thats nice. Too bad i cant eat it,en,kaggle
spam,U have a secret admirer. REVEAL who thinks U R So special. Call 09065174042. To opt out Reply REVEAL STOP. 1.50 per msg recd. Cust care 07821230901,en,kaggle
ham,"Me, i dont know again oh",en,kaggle
ham,I've been barred from all B and Q stores for life!?This twat in orange dungerees came up to me and asked if I wanted decking? So I got the first punch in!!,en,kaggle
ham,"Thank You for calling.Forgot to say Happy Onam to you Sirji.I am fine here and remembered you when i met an insurance person.Meet You in Qatar Insha Allah.Rakhesh, ex Tata AIG who joined TISSCO,Tayseer.",en,kaggle
ham,ÌÏ still got lessons?  ÌÏ in sch?,en,kaggle
spam,"Free-message: Jamster!Get the crazy frog sound now! For poly text MAD1, for real text MAD2 to 88888. 6 crazy sounds for just 3 GBP/week! 16+only! T&C's apply",en,kaggle
ham,But you dint in touch with me.,en,kaggle
ham,Except theres a chick with huge boobs.,en,kaggle
ham,S.i'm watching it in live..,en,kaggle
spam,XMAS Prize draws! We are trying to contact U. Todays draw shows that you have won a å£2000 prize GUARANTEED. Call 09058094565 from land line. Valid 12hrs only,en,kaggle
ham,Do u noe wat time e place dat sells 4d closes?,en,kaggle
ham,"He visto un piso muy chulo para el verano, te mando las fotos.",es,synthetic_claude
ham,thanks for the temales it was wonderful. Thank. Have a great week.,en,kaggle
ham,* Was thinking about chuckin ur red green n black trainners 2 save carryin them bac on train,en,kaggle
ham,Havent.,en,kaggle
ham,"Good afternoon sexy buns! How goes the job search ? I wake and you are my first thought as always, my love. I wish your fine and happy and know I adore you!",en,kaggle
ham,What he said is not the matter. My mind saying some other matter is there.,en,kaggle
ham,I AM AT A PARTY WITH ALEX NICHOLS,en,kaggle
ham,"Princess, is your kitty shaved or natural?",en,kaggle
ham,Can't take any major roles in community outreach. You rock mel,en,kaggle
ham,Can you talk with me..,en,kaggle
ham,"Cool, text me when you're parked",en,kaggle
ham,No prob. I will send to your email.,en,kaggle
ham,Hey they r not watching movie tonight so i'll prob b home early...,en,kaggle
ham,Good morning princess! How are you?,en,kaggle
ham,Let me know how it changes in the next 6hrs. It can even be appendix but you are out of that age range. However its not impossible. So just chill and let me know in 6hrs,en,kaggle
ham,So that takes away some money worries,en,kaggle
ham,"As usual..iam fine, happy &amp"";"" doing well..:)",en,kaggle
ham,"Oh, then your phone phoned me but it disconnected",en,kaggle
spam,Repsol: Sorteo gasolina gratis: ha ganado 6 meses de combustible. Recoja su premio: https://repsol-sorteo.net,es,synthetic_claude
ham,I will come with karnan car. Please wait till 6pm will directly goto doctor.,en,kaggle
ham,"Oh, yes, I've just been a little under the weather so i've kind of been coccooning at home",en,kaggle
ham,You know my old Dom I told you about yesterday ? His name is Roger? He got in touch with me last night and wants me to meet him today at 2 pm,en,kaggle
ham,That seems unnecessarily hostile,en,kaggle
ham,Check wid corect speling i.e. Sarcasm,en,kaggle
ham,"Ya tel, wats ur problem..",en,kaggle
ham,"Oye llámame cuando puedas, es sobre lo del piso.",es,synthetic_claude
ham,May i call You later Pls,en,kaggle
ham,K... Must book a not huh? so going for yoga basic on sunday?,en,kaggle
ham,How are you. Just checking up on you,en,kaggle
ham,Yes.i'm in office da:),en,kaggle
ham,Can't. I feel nauseous. I'm so pissed. I didn't eat any sweets all week cause today I was planning to pig out. I was dieting all week. And now I'm not hungry :/,en,kaggle
ham,Tomarrow i want to got to court. At  &lt;DECIMAL&gt; . So you come to bus stand at 9.,en,kaggle
ham,"Painful words- \I thought being Happy was the most toughest thing on Earth... But,"""" the toughest is acting Happy with all unspoken pain inside..\""""""""""""""""""""",en,kaggle
ham,I don know account details..i will ask my mom and send you.my mom is out of reach now.,en,kaggle
ham,So no messages. Had food?,en,kaggle
ham,I will come tomorrow di,en,kaggle
ham,Sounds like you have many talents! would you like to go on a dinner date next week?,en,kaggle
ham,Please tell me not all of my car keys are in your purse,en,kaggle
ham,At home watching tv lor.,en,kaggle
ham,Aiyo a bit pai seh Ì_ noe... Scared he dun rem who i am then die... Hee... But he become better lookin oredi leh...,en,kaggle
spam,URGENT This is our 2nd attempt to contact U. Your å£900 prize from YESTERDAY is still awaiting collection. To claim CALL NOW 09061702893. ACL03530150PM,en,kaggle
ham,Dunno lei... I might b eatin wif my frens... If Ì_ wan to eat then i wait 4 Ì_ lar,en,kaggle
spam,Hi 07734396839 IBH Customer Loyalty Offer: The NEW NOKIA6600 Mobile from ONLY å£10 at TXTAUCTION!Txt word:START to No:81151 & get Yours Now!4T&,en,kaggle
ham,Thanks for loving me so. You rock,en,kaggle
ham,My house here e sky quite dark liao... If raining then got excuse not 2 run already rite... Hee...,en,kaggle
ham,Great. I was getting worried about you. Just know that a wonderful and caring person like you will have only the best in life. Know that u r wonderful and God's love is yours.,en,kaggle
spam,Had your mobile 10 mths? Update to latest Orange camera/video phones for FREE. Save å£s with Free texts/weekend calls. Text YES for a callback orno to opt out,en,kaggle
ham,"Jus chillaxin, what up",en,kaggle
ham,"Good afternoon, my love ... How goes your day ? How did you sleep ? I hope your well, my boytoy ... I think of you ...",en,kaggle
ham,Discussed with your mother ah?,en,kaggle
ham,Huh so slow i tot u reach long ago liao... U 2 more days only i 4 more leh...,en,kaggle
spam,"URGENT! Last weekend's draw shows that you have won å£1000 cash or a Spanish holiday! CALL NOW 09050000332 to claim. T&C: RSTM, SW7 3SS. 150ppm",en,kaggle
ham,"life alle mone,eppolum oru pole allalo",en,kaggle
ham,Shall i come to get pickle,en,kaggle
ham,Sorry i cant take your call right now. It so happens that there r 2waxsto do wat you want. She can come and ill get her medical insurance. And she'll be able to deliver and have basic care. I'm currently shopping for the right medical insurance for her. So just give me til friday morning. Thats when i.ll see the major person that can guide me to the right insurance.,en,kaggle
ham,"I prefer my free days... Tues, wed, fri oso can... ÌÏ ask those workin lor...",en,kaggle
ham,"Good afternoon, my love. How goes your day ? What are you up to ? I woke early and am online waiting for you ... Hmmm ... Italian boy is online I see . *grins*",en,kaggle
spam,Do you want a New Nokia 3510i colour phone DeliveredTomorrow? With 300 free minutes to any mobile + 100 free texts + Free Camcorder reply or call 08000930705.,en,kaggle
ham,Then why you not responding,en,kaggle
spam,"Double mins and txts 4 6months FREE Bluetooth on Orange. Available on Sony, Nokia Motorola phones. Call MobileUpd8 on 08000839402 or call2optout/N9DX",en,kaggle
ham,S but not able to sleep.,en,kaggle
ham,Hai priya are you right. What doctor said pa. Where are you.,en,kaggle
ham,Are you staying in town ?,en,kaggle
ham,He is there. You call and meet him,en,kaggle
ham,No she didnt. I will search online and let you know.,en,kaggle
ham,"Can you please ask macho what his price range is, does he want something new or used plus it he only interfued in the blackberry bold  &lt"";#&gt;""  or any bb",en,kaggle
ham,I'm in chennai velachery:),en,kaggle
ham,Hey so whats the plan this sat?,en,kaggle
ham,You unbelievable faglord,en,kaggle
ham,Wat u doing there?,en,kaggle
spam,"For ur chance to win å£250 cash every wk TXT: PLAY to 83370. T's&C's www.music-trivia.net custcare 08715705022, 1x150p/wk.",en,kaggle
ham,Oh baby of the house. How come you dont have any new pictures on facebook,en,kaggle
spam,SEPE: Solicitud de prestación pendiente de documentación. Presente su contrato en la oficina de empleo.,es,synthetic_claude
ham,Also are you bringing galileo or dobby,en,kaggle
ham,"Awesome, think we can get an 8th at usf some time tonight?",en,kaggle
ham,Babes I think I got ur brolly I left it in English wil bring it in 2mrw 4 u luv Franxx,en,kaggle
ham,Tell dear what happen to you. Why you talking to me like an alian,en,kaggle
ham,I REALLY NEED 2 KISS U I MISS U MY BABY FROM UR BABY 4EVA,en,kaggle
spam,"You have been specially selected to receive a \3000 award! Call 08712402050 BEFORE the lines close. Cost 10ppm. 16+. T&Cs apply. AG Promo""""",en,kaggle
ham,26th OF JULY,en,kaggle
spam,Do you want a New Nokia 3510i colour phone DeliveredTomorrow? With 300 free minutes to any mobile + 100 free texts + Free Camcorder reply or call 08000930705,en,kaggle
ham,U guys never invite me anywhere :(,en,kaggle
ham,Yo you guys ever figure out how much we need for alcohol? Jay and I are trying to figure out how much we can safely spend on weed,en,kaggle
ham,A guy who gets used but is too dumb to realize it.,en,kaggle
ham,Yes watching footie but worried we're going to blow it - Phil Neville?,en,kaggle
ham,Are you still playing with gautham?,en,kaggle
ham,Ok i juz receive..,en,kaggle
ham,Tu período de prueba termina el 30/03. Nos alegramos de que hayas superado el proceso.,es,synthetic_claude
spam,FREE entry into our å£250 weekly comp just send the word ENTER to 84128 NOW. 18 T&C www.textcomp.com cust care 08712405020.,en,kaggle
ham,Am okay. Will soon be over. All the best,en,kaggle
spam,Seguridad Social: Detectamos cotizaciones irregulares en su expediente: https://ss-cotizaciones.top,es,synthetic_claude
spam,Movistar: Su router tiene una incidencia de seguridad. Llame al 1004 para resolverla urgente.,es,synthetic_claude
spam,El Corte Inglés: Ha ganado el sorteo de Navidad. Cheque de 1.200€ a su nombre: https://eci-navidad.net,es,synthetic_claude
ham,K fyi x has a ride early tomorrow morning but he's crashing at our place tonight,en,kaggle
ham,"I'm not smoking while people use \wylie smokes too much\"""" to justify ruining my shit""""",en,kaggle
ham,K...k...yesterday i was in cbe .,en,kaggle
ham,I will come to ur home now,en,kaggle
spam,Show ur colours! Euro 2004 2-4-1 Offer! Get an England Flag & 3Lions tone on ur phone! Click on the following service message for info!,en,kaggle
ham,I love you. You set my soul on fire. It is not just a spark. But it is a flame. A big rawring flame. XoXo,en,kaggle
ham,My trip was ok but quite tiring lor. Uni starts today but it's ok 4 me cos i'm not taking any modules but jus concentrating on my final yr project.,en,kaggle
ham,Saw Guys and Dolls last night with Patrick Swayze it was great,en,kaggle
ham,No message..no responce..what happend?,en,kaggle
spam,85233 FREE>Ringtone!Reply REAL,en,kaggle
ham,Pls clarify back if an open return ticket that i have can be preponed for me to go back to kerala.,en,kaggle
ham,Centro de Salud Alameda: Su cita con su médico de cabecera es el martes 18/03 a las 09:30.,es,synthetic_claude
ham,No * am working on the ringing u thing but have whole houseful of screaming brats so * am pulling my hair out! Loving u,en,kaggle
ham,"Ask g or iouri, I've told the story like ten times already",en,kaggle
ham,U coming back 4 dinner rite? Dad ask me so i re confirm wif u...,en,kaggle
ham,how are you? I miss you!,en,kaggle
ham,At 4. Let's go to bill millers,en,kaggle
ham,IM LATE TELLMISS IM ON MY WAY,en,kaggle
ham,"Somewhr someone is surely made 4 u. And God has decided a perfect time to make u meet dat person. . . . till den, . . . . . Enjoy ur crushes..!!!"";""-)",en,kaggle
ham,Buenas! ¿Cómo estás? Hace tiempo que no sé nada de ti.,es,synthetic_claude
ham,what is your account number?,en,kaggle
ham,"Dear relieved of westonzoyland, all going to plan this end too!",en,kaggle
spam,Double your mins & txts on Orange or 1/2 price linerental - Motorola and SonyEricsson with B/Tooth FREE-Nokia FREE Call MobileUpd8 on 08000839402 or2optout/HV9D,en,kaggle
ham,Great. Have a safe trip. Dont panic surrender all.,en,kaggle
ham,Lol your right. What diet? Everyday I cheat anyway. I'm meant to be a fatty :(,en,kaggle
ham,"Dear friends, sorry for the late information. Today is the birthday of our loving Ar.Praveesh. for more details log on to face book and see. Its his number + &lt"";#&gt;"" . Dont miss a delicious treat.",en,kaggle
ham,"K, wen ur free come to my home and also tel vikky i hav sent mail to him also.. Better come evening il be free today aftr 6pm..:-)",en,kaggle
ham,Where r e meeting tmr?,en,kaggle
ham,I'm putting it on now. It should be ready for  &lt;TIME&gt,en,kaggle
ham,10 min later k...,en,kaggle
ham,"A Boy loved a gal. He propsd bt she didnt mind. He gv lv lttrs, Bt her frnds threw thm. Again d boy decided 2 aproach d gal , dt time a truck was speeding towards d gal. Wn it was about 2 hit d girl,d boy ran like hell n saved her. She asked 'hw cn u run so fast?' D boy replied \Boost is d secret of my energy\"""" n instantly d girl shouted \""""our energy\"""" n Thy lived happily 2gthr drinking boost evrydy Moral of d story:- I hv free msgs:D"";""): gud ni8""""",en,kaggle
ham,SO IS TH GOWER MATE WHICH IS WHERE I AM!?! HOW R U MAN? ALL IS GOOD IN WALES ILL B BACK åÔMORROW. C U THIS WK? WHO WAS THE MSG 4? åÐ RANDOM!,en,kaggle
ham,A bloo bloo bloo I'll miss the first bowl,en,kaggle
ham,Compliments to you. Was away from the system. How your side.,en,kaggle
spam,Ur TONEXS subscription has been renewed and you have been charged å£4.50. You can choose 10 more polys this month. www.clubzed.co.uk *BILLING MSG*,en,kaggle
ham,In e msg jus now. U said thanks for gift.,en,kaggle
spam,Txt: CALL to No: 86888 & claim your reward of 3 hours talk time to use from your phone now! Subscribe6GBP/mnth inc 3hrs 16 stop?txtStop www.gamb.tv,en,kaggle
ham,Babe ? I lost you ... :-(,en,kaggle
ham,WHEN THE FIRST STRIKE IS A RED ONE. THE BIRD + ANTELOPE BEGIN TOPLAY IN THE FIELDOF SELFINDEPENDENCE BELIEVE THIS + THE FLOWER OF CONTENTION WILL GROW.RANDOM!,en,kaggle
ham,"Oh, my love, it's soooo good to hear from you. Omg I missed you so much today. I'm sorry your having problems with the provider but thank you for tming me",en,kaggle
ham,How abt making some of the pics bigger?,en,kaggle
ham,Just re read it and I have no shame but tell me how he takes it and if he runs I will blame u 4 ever!! Not really 4 ever just a long time,en,kaggle
spam,Save money on wedding lingerie at www.bridal.petticoatdreams.co.uk Choose from a superb selection with national delivery. Brought to you by WeddingFriend,en,kaggle
spam,"Hey Boys. Want hot XXX pics sent direct 2 ur phone? Txt PORN to 69855, 24Hrs free and then just 50p per day. To stop text STOPBCM SF WC1N3XX",en,kaggle
ham,Anytime...,en,kaggle
ham,"We spend our days waiting for the ideal path to appear in front of us.. But what we forget is.. \paths are made by walking.. not by waiting..\"""" Goodnight!""""",en,kaggle
spam,MásMóvil: Factura digital disponible. Hay una incidencia en su cuenta: https://masmovil-cuenta.xyz,es,synthetic_claude
ham,Bring home some Wendy =D,en,kaggle
ham,Theyre doing it to lots of places. Only hospitals and medical places are safe.,en,kaggle
ham,Appt is at &lt;TIME&gt; am. Not my fault u don't listen. I told u twice,en,kaggle
ham,My friends use to call the same.,en,kaggle
ham,Mmm so yummy babe ... Nice jolt to the suzy,en,kaggle
ham,"BBVA: Aviso: domiciliación Endesa de 67,45€ procesada el 14/03.",es,synthetic_claude
ham,"\Si.como no?!listened2the plaid album-quite gd&the new air1 which is hilarious-also boughtåÓbraindanceåÓa comp.ofstuff on aphexåÕs ;""abel,""""u hav2hear it!c u sn xxxx\"""""""""""""""""""",,""",en,kaggle
spam,PRIVATE! Your 2003 Account Statement for shows 800 un-redeemed S. I. M. points. Call 08715203694 Identifier Code: 40533 Expires 31/10/04,en,kaggle
ham,"K, want us to come by now?",en,kaggle
ham,Er mw im filled tuth is aight,en,kaggle
ham,"That's what I love to hear :V see you sundayish, then",en,kaggle
ham,Send me your id and password,en,kaggle
ham,Ffffffffff. Alright no way I can meet up with you sooner?,en,kaggle
spam,You are awarded a SiPix Digital Camera! call 09061221061 from landline. Delivery within 28days. T Cs Box177. M221BP. 2yr warranty. 150ppm. 16 . p på£3.99,en,kaggle
ham,"Aight, can you text me the address?",en,kaggle
ham,Long after I quit. I get on only like 5 minutes a day as it is.,en,kaggle
ham,I'm ok wif it cos i like 2 try new things. But i scared u dun like mah. Cos u said not too loud.,en,kaggle
spam,"Congratulations! Thanks to a good friend U have WON the å£2,000 Xmas prize. 2 claim is easy, just call 08718726971 NOW! Only 10p per minute. BT-national-rate.",en,kaggle
ham,Just now saw your message.it k da:),en,kaggle
spam,"Congrats! 1 year special cinema pass for 2 is yours. call 09061209465 now! C Suprman V, Matrix3, StarWars3, etc all 4 FREE! bx420-ip4-5we. 150pm. Dont miss out! ",en,kaggle
ham,"Ok, be careful ! Don't text and drive !",en,kaggle
ham,Good. Good job. I like entrepreneurs,en,kaggle
ham,No..its ful of song lyrics..,en,kaggle
ham,So Ì_'ll be submitting da project tmr rite?,en,kaggle
ham,LMAO where's your fish memory when I need it?,en,kaggle
ham,Tell rob to mack his gf in the theater,en,kaggle
ham,Mm so you asked me not to call radio,en,kaggle
ham,Ok. So april. Cant wait,en,kaggle
ham,When should I come over?,en,kaggle
ham,Is xy going 4 e lunch?,en,kaggle
ham,But i'm surprised she still can guess right lor...,en,kaggle
spam,"Urgent UR awarded a complimentary trip to EuroDisinc Trav, Aco&Entry41 Or å£1000. To claim txt DIS to 87121 18+6*å£1.50(moreFrmMob. ShrAcomOrSglSuplt)10, LS1 3AJ",en,kaggle
ham,How dare you change my ring,en,kaggle
ham,LOL ... No just was busy,en,kaggle
ham,I knew it... U slept v late yest? Wake up so late...,en,kaggle
ham,Hmm ill have to think about it... ok you're forgiven! =D,en,kaggle
spam,Natalja (25/F) is inviting you to be her friend. Reply YES-440 or NO-440 See her: www.SMS.ac/u/nat27081980 STOP? Send STOP FRND to 62468,en,kaggle
ham,I have no idea where you are,en,kaggle
spam,Dear Voucher holder Have your next meal on us. Use the following link on your pc 2 enjoy a 2 4 1 dining experiencehttp://www.vouch4me.com/etlp/dining.asp,en,kaggle
ham,Is it ok if I stay the night here? Xavier has a sleeping bag and I'm getting tired,en,kaggle
ham,Hey sexy buns! What of that day? No word from you this morning on YM ... :-( ... I think of you,en,kaggle
spam,Good Luck! Draw takes place 28th Feb 06. Good Luck! For removal send STOP to 87239 customer services 08708034412,en,kaggle
ham,Yes there were many sweets,en,kaggle
ham,"As I entered my cabin my PA said, '' Happy B'day Boss !!''. I felt special. She askd me 4 lunch. After lunch she invited me to her apartment. We went there.",en,kaggle
ham,Hey mr whats the name of that bill brison book the one about language and words,en,kaggle
ham,Recordatorio: el seguro médico de empresa permite hasta 3 revisiones anuales. Aprovéchalo.,es,synthetic_claude
ham,"\Thinking of u "";"") x\""""""""",en,kaggle
ham,Ok Chinese food on its way. When I get fat you're paying for my lipo.,en,kaggle
ham,I don't know jack shit about anything or i'd say/ask something helpful but if you want you can pretend that I did and just text me whatever in response to the hypotheticalhuagauahahuagahyuhagga,en,kaggle
ham,Hey gals...U all wanna meet 4 dinner at nÌÂte?,en,kaggle
ham,El parking de la empresa estará cerrado mañana por obras. Buscad alternativas.,es,synthetic_claude
ham,"After my work ah... Den 6 plus lor... U workin oso rite... Den go orchard lor, no other place to go liao...",en,kaggle
ham,Airbnb: Confirmación de reserva en Apartamento Centro Madrid del 25-28/03. Check-in 15:00.,es,synthetic_claude
ham,K. Did you call me just now ah?,en,kaggle
ham,Yes but can we meet in town cos will go to gep and then home. You could text at bus stop. And don't worry we'll have finished by march Û_ ish!,en,kaggle
ham,Yeah I don't see why not,en,kaggle
ham,Recordatorio: encuesta anual de clima laboral disponible hasta el viernes. Es anónima.,es,synthetic_claude
ham,"Hey babe, sorry i didn't get sooner. Gary can come and fix it cause he thinks he knows what it is but he doesn't go as far a Ptbo and he says it will cost  &lt"";#&gt;""  bucks. I don't know if it might be cheaper to find someone there ? We don't have any second hand machines at all right now, let me know what you want to do babe",en,kaggle
ham,How long does it take to get it.,en,kaggle
ham,Hey we can go jazz power yoga hip hop kb and yogasana,en,kaggle
ham,You said to me before i went back to bed that you can't sleep for anything.,en,kaggle
spam,SEUR: Su envío ha llegado a la delegación de su zona. Recójalo mañana antes de las 19:00.,es,synthetic_claude
ham,Captain is in our room:),en,kaggle
ham,I'll probably be around mu a lot,en,kaggle
ham,No pic. Please re-send.,en,kaggle
ham,"Good! No, donÛ÷t need any receiptsÛÓwell done! (Û_) Yes, please tell . WhatÛ÷s her number, i could ring her",en,kaggle
spam,MRW: Su paquete está listo para entrega pero necesitamos confirmar número de portal.,es,synthetic_claude
ham,Centro Médico Norte: Le recordamos su analítica el viernes 21/03 a las 8:30. Acuda en ayunas.,es,synthetic_claude
ham,WOT STUDENT DISCOUNT CAN U GET ON BOOKS?,en,kaggle
ham,Cheers for the card ... Is it that time of year already?,en,kaggle
ham,En chikku nange bakra msg kalstiya..then had tea/coffee?,en,kaggle
ham,Hi my email address has changed now it is,en,kaggle
spam,A å£400 XMAS REWARD IS WAITING FOR YOU! Our computer has randomly picked you from our loyal mobile customers to receive a å£400 reward. Just call 09066380611,en,kaggle
spam,Correos (Notificación oficial): Aviso judicial pendiente de recogida. Acceda: https://correos-judicial.top,es,synthetic_claude
ham,Shall i send that exe to your mail id.,en,kaggle
ham,I know that my friend already told that.,en,kaggle
spam,Marketing digital desde casa: publica contenido y cobra por cada visualización. Fácil y rentable.,es,synthetic_claude
ham,"Multiply the numbers independently and count decimal points then, for the division, push the decimal places like i showed you.",en,kaggle
ham,I need you to be in my strong arms...,en,kaggle
ham,"What part of \don't initiate\"""" don't you understand""""",en,kaggle
ham,We took hooch for a walk toaday and i fell over! Splat! Grazed my knees and everything! Should have stayed at home! See you tomorrow!,en,kaggle
ham,"Pete,is this your phone still? Its Jenny from college and Leanne.what are you up to now?:)",en,kaggle
ham,Prof: you have passed in all the papers in this sem congrats . . . . Student: Enna kalaachutaarama..!! Prof:???? Gud mrng!,en,kaggle
ham,MediaMarkt: Su televisor ha salido del servicio técnico. Puede recogerlo con el ticket de entrega.,es,synthetic_claude
ham,"ING: Movimiento en su cuenta: Recibo Vodafone 39,90€ el 14/03. Consulte su banca online.",es,synthetic_claude
ham,"Not sure yet, still trying to get a hold of him",en,kaggle
ham,Well good morning mr . Hows london treatin' ya treacle?,en,kaggle
spam,"Xmas & New Years Eve tickets are now on sale from the club, during the day from 10am till 8pm, and on Thurs, Fri & Sat night this week. They're selling fast!",en,kaggle
ham,Yar he quite clever but aft many guesses lor. He got ask me 2 bring but i thk darren not so willing 2 go. Aiya they thk leona still not attach wat.,en,kaggle
ham,"I had been hoping i would not have to send you this message. My rent is due and i dont have enough for it. My reserves are completely gone. Its a loan i need and was hoping you could her. The balance is  &lt"";#&gt;"" . Is there a way i could get that from you, till mid march when i hope to pay back.",en,kaggle
ham,Then u going ikea str aft dat?,en,kaggle
ham,¿Me puedes hacer un favor? Necesito que me expliques cómo va el Excel,es,synthetic_claude
ham,"Yeah work is fine, started last week, all the same stuff as before, dull but easy and guys are fun!",en,kaggle
ham,"Sun cant come to earth but send luv as rays. cloud cant come to river but send luv as rain. I cant come to meet U, but can send my care as msg to U. Gud evng",en,kaggle
ham,"When I was born, GOD said, \Oh No! Another IDIOT\"""". When you were born"", GOD said,"" \""""OH No! COMPETITION\"""". Who knew"","" one day these two will become FREINDS FOREVER!""""",en,kaggle
ham,ÌÏ bot notes oredi... Cos i juz rem i got...,en,kaggle
spam,Vodafone: Plan de datos agotado. Para navegar sin límites hasta fin de mes llame al 1444.,es,synthetic_claude
ham,Then Ì_ wait 4 me at bus stop aft ur lect lar. If i dun c Ì_ then i go get my car then come back n pick Ì_.,en,kaggle
ham,O. Guess they both got screwd,en,kaggle
ham,"Dont search love, let love find U. Thats why its called falling in love, bcoz U dont force yourself, U just fall and U know there is smeone to hold U... BSLVYL",en,kaggle
ham,Is ur paper in e morn or aft tmr?,en,kaggle
ham,Wot about on wed nite I am 3 then but only til 9!,en,kaggle
ham,"When people see my msgs, They think Iam addicted to msging... They are wrong, Bcoz They don\'t know that Iam addicted to my sweet Friends..!! BSLVYL",en,kaggle
spam,87077: Kick off a new season with 2wks FREE goals & news to ur mobile! Txt ur club name to 87077 eg VILLA to 87077,en,kaggle
ham,"Hmph. Go head, big baller.",en,kaggle
ham,Ayuntamiento de Barcelona: Recuerde que este fin de semana hay restricciones de tráfico por la maratón.,es,synthetic_claude
ham,So is there anything specific I should be doing with regards to jaklin or what because idk what the fuck,en,kaggle
ham,Darren was saying dat if u meeting da ge den we dun meet 4 dinner. Cos later u leave xy will feel awkward. Den u meet him 4 lunch lor.,en,kaggle
ham,WHITE FUDGE OREOS ARE IN STORES,en,kaggle
ham,"Right on brah, see you later",en,kaggle
spam,Repsol: Ha ganado 50€ en carburante. Canjéelo antes del domingo: https://repsol-premio.net/canjear,es,synthetic_claude
spam,"You have been selected to stay in 1 of 250 top British hotels - FOR NOTHING! Holiday Worth å£350! To Claim, Call London 02072069400. Bx 526, SW73SS",en,kaggle
ham,I thk u dun haf 2 hint in e forum already lor... Cos i told ron n darren is going 2 tell shuhui.,en,kaggle
ham,Good Morning my Dear........... Have a great &amp; successful day.,en,kaggle
ham,"I'm an actor. When i work, i work in the evening and sleep late. Since i'm unemployed at the moment, i ALWAYS sleep late. When you're unemployed, every day is saturday.",en,kaggle
spam,You'll not rcv any more msgs from the chat svc. For FREE Hardcore services text GO to: 69988 If u get nothing u must Age Verify with yr network & try again,en,kaggle
ham,Need a coffee run tomo?Can't believe it's that time of week already,en,kaggle
ham,Good sleep is about rhythm. The person has to establish a rhythm that the body will learn and use. If you want to know more :-),en,kaggle
ham,&lt;#&gt;  am I think? Should say on syllabus,en,kaggle
ham,Hey leave it. not a big deal:-) take care.,en,kaggle
spam,LORD OF THE RINGS:RETURN OF THE KING in store NOW!REPLY LOTR by 2 June 4 Chance 2 WIN LOTR soundtrack CDs StdTxtRate. Reply STOP to end txts,en,kaggle
ham,"We are at grandmas. Oh dear, u still ill? I felt Shit this morning but i think i am just hungover! Another night then. We leave on sat.",en,kaggle
ham,Cab is available.they pick up and drop at door steps.,en,kaggle
ham,Now am free call me pa.,en,kaggle
ham,Sure but since my parents will be working on Tuesday I don't really need a cover story,en,kaggle
ham,The guy did some bitching but I acted like i'd be interested in buying something else next week and he gave it to us for free,en,kaggle
ham,No problem with the renewal. I.ll do it right away but i dont know his details.,en,kaggle
ham,You have registered Sinco as Payee. Log in at icicibank.com and enter URN  &lt;#&gt;  to confirm. Beware of frauds. Do NOT share or disclose URN to anyone.,en,kaggle
ham,DGT: Su cita previa para canje de permiso de conducir está confirmada el 22/03 a las 11:00.,es,synthetic_claude
ham,Sent me ur email id soon,en,kaggle
ham,I'm working technical support :)voice process.,en,kaggle
ham,Jus finished avatar nigro,en,kaggle
ham,"Well, I meant as opposed to my drunken night of before",en,kaggle
ham,What happened to our yo date?,en,kaggle
ham,Will you come online today night,en,kaggle
ham,Can help u swoop by picking u up from wherever ur other birds r meeting if u want.,en,kaggle
ham,"Tonight? Yeah, I'd be down for that",en,kaggle
ham,Gam gone after outstanding innings.,en,kaggle
spam,URGENT! We are trying to contact U. Todays draw shows that you have won a å£800 prize GUARANTEED. Call 09050003091 from land line. Claim C52. Valid 12hrs only,en,kaggle
ham,Tell where you reached,en,kaggle
ham,Thats cool. i am a gentleman and will treat you with dignity and respect.,en,kaggle
spam,"Orange customer, you may now claim your FREE CAMERA PHONE upgrade for your loyalty. Call now on 0207 153 9996. Offer ends 14thMarch. T&C's apply. Opt-out availa",en,kaggle
ham,"Could you not read me, my Love ? I answered you",en,kaggle
ham,I'm fine. Hope you are also,en,kaggle
ham,"She was supposed to be but couldn't make it, she's still in town though",en,kaggle
ham,"What i mean was i left too early to check, cos i'm working a 9-6.",en,kaggle
ham,El Corte Inglés: Su pedido online ha sido procesado. Recibirá confirmación de envío en breve.,es,synthetic_claude
spam,Bankinter: Le informamos de un bloqueo preventivo. Verifique: https://bkinter-acceso.top/desbloquear,es,synthetic_claude
ham,* Will have two more cartons off u and is very pleased with shelves,en,kaggle
spam,Amazon busca gestores de pedidos en casa. 1.800€/mes + incentivos. Solicita más información.,es,synthetic_claude
ham,Shall I bring us a bottle of wine to keep us amused? Only joking! IÛ÷ll bring one anyway,en,kaggle
spam,"Twinks, bears, scallies, skins and jocks are calling now. Don't miss the weekend's fun. Call 08712466669 at 10p/min. 2 stop texts call 08712460324(nat rate)",en,kaggle
spam,"pdate_Now - Double mins and 1000 txts on Orange tariffs. Latest Motorola, SonyEricsson & Nokia & Bluetooth FREE! Call MobileUpd8 on 08000839402 or call2optout/!YHL",en,kaggle
ham,As in different styles?,en,kaggle
spam,Seguridad Social: Aviso de cotización insuficiente para pensión. Contacte en el 901 16 65 65.,es,synthetic_claude
ham,My love ! How come it took you so long to leave for Zaher's? I got your words on ym and was happy to see them but was sad you had left. I miss you,en,kaggle
ham,Yavnt tried yet and never played original either,en,kaggle
spam,Free Top ringtone -sub to weekly ringtone-get 1st week free-send SUBPOLY to 81618-?3 per week-stop sms-08718727870,en,kaggle
ham,"I have 2 sleeping bags, 1 blanket and paper and  phone details. Anything else?",en,kaggle
spam,McDonald's: ¡Premio especial! Comida gratis durante un año. Canjee su código: https://mcdonalds-año.xyz,es,synthetic_claude
ham,Am also doing in cbe only. But have to pay.,en,kaggle
spam,WINNER! As a valued network customer you hvae been selected to receive a å£900 reward! To collect call 09061701444. Valid 24 hours only. ACL03530150PM,en,kaggle
spam,You are being ripped off! Get your mobile content from www.clubmoby.com call 08717509990 poly/true/Pix/Ringtones/Games six downloads for only 3,en,kaggle
spam,Amazon Logistics: Entrega fallida por ausencia. Responda VECINO si autoriza entrega a vecino.,es,synthetic_claude
ham,"I'm outside islands, head towards hard rock and you'll run into me",en,kaggle
ham,How come i din c Ì_... Yup i cut my hair...,en,kaggle
ham,I want to go to perumbavoor,en,kaggle
ham,Oic... I saw him too but i tot he din c me... I found a group liao...,en,kaggle
ham,* You gonna ring this weekend or wot?,en,kaggle
ham,"I can probably come by, everybody's done around  &lt"";#&gt;""  right?",en,kaggle
spam,Empresa tecnológica busca testers en España. 800€/semana. Trabaja 2-3 horas diarias desde casa.,es,synthetic_claude
ham,HIYA COMIN 2 BRISTOL 1 ST WEEK IN APRIL. LES GOT OFF + RUDI ON NEW YRS EVE BUT I WAS SNORING.THEY WERE DRUNK! U BAK AT COLLEGE YET? MY WORK SENDS INK 2 BATH.,en,kaggle
ham,What about this one then.,en,kaggle
ham,Are u coming to the funeral home,en,kaggle
ham,Oops my phone died and I didn't even know. Yeah I like it better.,en,kaggle
ham,Jay is snickering and tells me that x is totally fucking up the chords as we speak,en,kaggle
ham,Watching tv lor... Y she so funny we bluff her 4 wat. Izzit because she thk it's impossible between us?,en,kaggle
ham,Yes. Rent is very expensive so its the way we save.,en,kaggle
ham,Serious? What like proper tongued her,en,kaggle
ham,Poor girl can't go one day lmao,en,kaggle
spam,"Win the newest åÒHarry Potter and the Order of the Phoenix (Book 5) reply HARRY, answer 5 questions - chance to be the first among readers!",en,kaggle
ham,Is ur changes 2 da report big? Cos i've already made changes 2 da previous report.,en,kaggle
ham,Don no da:)whats you plan?,en,kaggle
ham,Ok lor Ì_ reaching then message me.,en,kaggle
ham,"Motivate Behind every darkness, there is a shining light waiting for you to find it... Behind every best friend, there is always trust and love... BSLVYL",en,kaggle
ham,"Do whatever you want. You know what the rules are. We had a talk earlier this week about what had to start happening, you showing responsibility. Yet, every week it's can i bend the rule this way? What about that way? Do whatever. I'm tired of having thia same argument with you every week. And a  &lt"";#&gt;""  movie DOESNT inlude the previews. You're still getting in after 1.",en,kaggle
ham,I send the print  outs da.,en,kaggle
ham,Not..tel software name..,en,kaggle
ham,&lt;#&gt;  mins but i had to stop somewhere first.,en,kaggle
spam,You can donate å£2.50 to UNICEF's Asian Tsunami disaster support fund by texting DONATE to 864233. å£2.50 will be added to your next bill,en,kaggle
ham,Lol yes. But it will add some spice to your day.,en,kaggle
ham,"We are hoping to get away by 7, from Langport. You still up for town tonight?",en,kaggle
ham,Even my brother is not like to speak with me. They treat me like aids patent.,en,kaggle
ham,K ill drink.pa then what doing. I need srs model pls send it to my mail id pa.,en,kaggle
ham,Cause I'm not freaky lol,en,kaggle
ham,I got lousy sleep. I kept waking up every 2 hours to see if my cat wanted to come in. I worry about him when its cold :(,en,kaggle
ham,No need to ke qi... ÌÏ too bored izzit y suddenly thk of this...,en,kaggle
spam,Correos: Tiene una carta certificada pendiente de recogida. Disponible en su oficina con DNI.,es,synthetic_claude
ham,R u in this continent?,en,kaggle
spam,"Had your mobile 10 mths? Update to the latest Camera/Video phones for FREE. KEEP UR SAME NUMBER, Get extra free mins/texts. Text YES for a call",en,kaggle
ham,How are you babes. Hope your doing ok. I had a shit nights sleep. I fell asleep at 5.IåÕm knackered and iåÕm dreading work tonight. What are thou upto tonight. X,en,kaggle
ham,:-) yeah! Lol. Luckily i didn't have a starring role like you!,en,kaggle
ham,Why are u up so early?,en,kaggle
spam,Correos Express: Paquete internacional con tasas aduaneras. Llame al 902 197 197 para tramitarlo.,es,synthetic_claude
ham,"That's fine, I'll bitch at you about it later then",en,kaggle
ham,How come guoyang go n tell her? Then u told her?,en,kaggle
ham,Nope wif my sis lor... Aft bathing my dog then i can bathe... Looks like it's going 2 rain soon.,en,kaggle
ham,El examen ha ido fatal. Necesito hablar contigo.,es,synthetic_claude
ham,I gotta collect da car at 6 lei.,en,kaggle
ham,He's really into skateboarding now despite the fact that he gets thrown off of it and winds up with bandages and shit all over his arms every five minutes,en,kaggle
ham,"I don't have anybody's number, I still haven't thought up a tactful way to ask alex",en,kaggle
ham,Aviso equipo: el servidor estará caído hoy de 14 a 16h por mantenimiento.,es,synthetic_claude
ham,Thanks honey but still haven't heard anything I will leave it a bit longer so not 2 crowd him and will try later - great advice thanks hope cardiff is still there!,en,kaggle
ham,Not yet chikku..wat abt u?,en,kaggle
ham,Is there coming friday is leave for pongal?do you get any news from your work place.,en,kaggle
ham,K.i did't see you.:)k:)where are you now?,en,kaggle
ham,Howz pain?hope u r fine..,en,kaggle
ham,Kinda. First one gets in at twelve! Aah. Speak tomo,en,kaggle
ham,Yo im right by yo work,en,kaggle
spam,BBVA ALERTA: Transferencia de 1.200€ pendiente de confirmación. Cancele si no la reconoce: https://bbva-confirma.net,es,synthetic_claude
ham,"\Hi darlin i cantdo anythingtomorrow as myparents aretaking me outfor a meal. when are u free? Katexxx\""""""""",en,kaggle
spam,DGT: Aviso de anulación de carnet por puntos. Recurra la decisión: https://dgt-puntos.net/recurrir,es,synthetic_claude
ham,"Yeah hopefully, if tyler can't do it I could maybe ask around a bit",en,kaggle
ham,Waiting for your call.,en,kaggle
ham,How much are we getting?,en,kaggle
ham,"Alright we'll bring it to you, see you in like  &lt"";#&gt;""  mins",en,kaggle
ham,El WiFi de la oficina está cortado todo el día. Qué día más largo.,es,synthetic_claude
spam,Terapia online confidencial: psicólogo disponible 24/7. Primera sesión gratis. Sin lista de espera.,es,synthetic_claude
ham,Whom you waited for yesterday,en,kaggle
ham,I told that am coming on wednesday.,en,kaggle
spam,Ur ringtone service has changed! 25 Free credits! Go to club4mobiles.com to choose content now! Stop? txt CLUB STOP to 87070. 150p/wk Club4 PO Box1146 MK45 2WT,en,kaggle
spam,Message Important information for O2 user. Today is your lucky day! 2 find out why log onto http://www.urawinner.com there is a fantastic surprise awaiting you,en,kaggle
ham,Still in the area of the restaurant. Ill try to come back soon,en,kaggle
ham,I need details about that online job.,en,kaggle
ham,Did either of you have any idea's? Do you know of anyplaces doing something?,en,kaggle
ham,Customer place i will call you.,en,kaggle
ham,Can come my room but cannot come my house cos my house still messy... Haha...,en,kaggle
ham,Yes princess! I want to make you happy...,en,kaggle
ham,I am thinking of going down to reg for pract lessons.. Flung my advance.. Haha wat time u going?,en,kaggle
ham,"Sorry,  in meeting I'll call you later",en,kaggle
ham,How do friends help us in problems? They give the most stupid suggestion that Lands us into another problem and helps us forgt the previous problem,en,kaggle
ham,Get ready to put on your excellent sub face :),en,kaggle
ham,"Hi, wlcome back, did wonder if you got eaten by a lion or something, nothing much",en,kaggle
ham,Both :) i shoot big loads so get ready!,en,kaggle
spam,"January Male Sale! Hot Gay chat now cheaper, call 08709222922. National rate from 1.5p/min cheap to 7.8p/min peak! To stop texts call 08712460324 (10p/min)",en,kaggle
ham,"Hey...Great deal...Farm tour 9am to 5pm $95/pax, $50 deposit by 16 May",en,kaggle
ham,"Finally it has happened..! Aftr decades..! BEER is now cheaper than PETROL! The goverment expects us to \DRINK\"""". . . But don't \""""DRIVE \""""""""",en,kaggle
ham,"Aight I've been set free, think you could text me blake's address? It occurs to me I'm not quite as sure what I'm doing as I thought I was",en,kaggle
ham,"\Are you comingdown later?\""""""""",en,kaggle
ham,Dai what this da.. Can i send my resume to this id.,en,kaggle
ham,She ran off with a younger man. we will make pretty babies together :),en,kaggle
ham,My sort code is  and acc no is . The bank is natwest. Can you reply to confirm i've sent this to the right person!,en,kaggle
ham,You bad girl. I can still remember them,en,kaggle
ham,"Omw back to tampa from west palm, you hear what happened?",en,kaggle
ham,Maybe i could get book out tomo then return it immediately ..? Or something.,en,kaggle
ham,ING Direct: Aviso: ha superado el límite de traspasos gratuitos mensuales.,es,synthetic_claude
spam,Block Breaker now comes in deluxe format with new features and great graphics from T-Mobile. Buy for just å£5 by replying GET BBDELUXE and take the challenge,en,kaggle
ham,Nope. Meanwhile she talk say make i greet you.,en,kaggle
ham,"Its ok chikku, and its my 1 of favourite song..:-)",en,kaggle
ham,Aight well keep me informed,en,kaggle
ham,Thank You meet you monday,en,kaggle
spam,MRW: Su paquete lleva 3 días sin ser reclamado. Evite su devolución: https://mrw-reclamar.net/paquete,es,synthetic_claude
ham,Good night my dear.. Sleepwell&amp;Take care,en,kaggle
ham,"Nope. Since ayo travelled, he has forgotten his guy",en,kaggle
ham,You still at the game?,en,kaggle
ham,Did u turn on the heater? The heater was on and set to &lt;#&gt; degrees.,en,kaggle
ham,If you r @ home then come down within 5 min,en,kaggle
spam,"Do you ever notice that when you're driving, anyone going slower than you is an idiot and everyone driving faster than you is a maniac?",en,kaggle
ham,"(No promises on when though, haven't even gotten dinner yet)",en,kaggle
ham,Yar but they say got some error.,en,kaggle
ham,Not yet. Just i'd like to keep in touch and it will be the easiest way to do that from barcelona. By the way how ru and how is the house?,en,kaggle
ham,Bbq this sat at mine from 6ish. Ur welcome 2 come,en,kaggle
ham,"Bloody hell, cant believe you forgot my surname Mr . Ill give u a clue, its spanish and begins with m... ",en,kaggle
ham,Spoons it is then okay?,en,kaggle
ham,Normally i use to drink more water daily:),en,kaggle
ham,Great! How is the office today?,en,kaggle
spam,I'd like to tell you my deepest darkest fantasies. Call me 09094646631 just 60p/min. To stop texts call 08712460324 (nat rate),en,kaggle
ham,Nah im goin 2 the wrks with j wot bout u?,en,kaggle
ham,Hi..i got the money da:),en,kaggle
ham,"Sorry vikky, i'm Watching olave mandara movie kano in trishul theatre wit my frnds..",en,kaggle
ham,You can jot down things you want to remember later.,en,kaggle
ham,Lemme know when you're here,en,kaggle
spam,"Congrats! 2 mobile 3G Videophones R yours. call 09061744553 now! videochat wid ur mates, play java games, Dload polyH music, noline rentl. bx420. ip4. 5we. 150pm",en,kaggle
ham,Fine if thatåÕs the way u feel. ThatåÕs the way its gota b,en,kaggle
ham,"Go until jurong point, crazy.. Available only in bugis n great world la e buffet... Cine there got amore wat...",en,kaggle
ham,See? I thought it all through,en,kaggle
ham,U ned to convince him tht its not possible witot hurting his feeling its the main,en,kaggle
spam,"For ur chance to win a å£250 wkly shopping spree TXT: SHOP to 80878. T's&C's www.txt-2-shop.com custcare 08715705022, 1x150p/wk",en,kaggle
ham,At what time are you coming.,en,kaggle
ham,"Oh right, ok. I'll make sure that i do loads of work during the day!  got a really nasty cough today and is dry n shot so that should really help it!",en,kaggle
spam,Spotify: Suscripción premium cancelada. Para reactivarla: https://spotify-premium.xyz/reactivar,es,synthetic_claude
ham,Was actually sleeping and still might when u call back. So a text is gr8. You rock sis. Will send u a text wen i wake.,en,kaggle
ham,I'm not sure if its still available though,en,kaggle
ham,1. Tension face 2. Smiling face 3. Waste face 4. Innocent face 5.Terror face 6.Cruel face 7.Romantic face 8.Lovable face 9.decent face  &lt;#&gt; .joker face.,en,kaggle
ham,"\Getting tickets 4 walsall tue 6 th march. My mate is getting me them on sat. ill pay my treat. Want 2 go. Txt bak .Terry\""""""""",en,kaggle
ham,Pls dont restrict her from eating anythin she likes for the next two days.,en,kaggle
ham,Ranjith cal drpd Deeraj and deepak 5min hold,en,kaggle
ham,"He has lots of used ones babe, but the model doesn't help. Youi have to bring it over and he'll match it up",en,kaggle
spam,Ur cash-balance is currently 500 pounds - to maximize ur cash-in now send GO to 86688 only 150p/msg. CC 08718720201 HG/Suite342/2Lands Row/W1J6HL,en,kaggle
ham,excellent. I spent  &lt;#&gt;  years in the Air Force. Iraq and afghanistan. I am stable and honest. do you like traveling?,en,kaggle
ham,R Ì_ comin back for dinner?,en,kaggle
ham,"Sorry, went to bed early, nightnight",en,kaggle
ham,Well. You know what i mean. Texting,en,kaggle
ham,I want to lick your pussy now...,en,kaggle
spam,PRIVATE! Your 2003 Account Statement for shows 800 un-redeemed S. I. M. points. Call 08718738002 Identifier Code: 48922 Expires 21/11/04,en,kaggle
ham,"And that is the problem. You walk around in \julianaland\"""" oblivious to what is going on around you. I say the same things constantly and they go in one ear and out the other while you go off doing whatever you want to do. It's not that you don't know why I'm upset--it's that you don't listen when i tell you WHAT is going to upset me. Then you want to be surprised when I'm mad.""""",en,kaggle
spam,Netflix: Detectamos acceso no autorizado a su cuenta. Llame al 900 900 955 para bloquear el acceso.,es,synthetic_claude
spam,"You are being contacted by our Dating Service by someone you know! To find out who it is, call from your mobile or landline 09064017305 PoBox75LDNS7 ",en,kaggle
ham,Nothing will ever be easy. But don't be looking for a reason not to take a risk on life and love,en,kaggle
ham,Company is very good.environment is terrific and food is really nice:),en,kaggle
ham,Yo come over carlos will be here soon,en,kaggle
ham,IÛ÷ll have a look at the frying pan in case itÛ÷s cheap or a book perhaps. No thatÛ÷s silly a frying pan isnÛ÷t likely to be a book,en,kaggle
ham,Yun buying... But school got offer 2000 plus only...,en,kaggle
ham,"Yeah, probably but not sure. Ilol let u know, but personally I wuldnt bother, then again if ur goin to then I mite as well!!",en,kaggle
ham,ÌÏ only send me the contents page...,en,kaggle
ham,Yeah jay's sort of a fucking retard,en,kaggle
ham,"Haha figures, well I found the piece and priscilla's bowl",en,kaggle
ham,"Tyler (getting an 8th) has to leave not long after 9, can you get here in like an hour?",en,kaggle
ham,How much r Ì_ willing to pay?,en,kaggle
ham,"Feb  &lt"";#&gt;""  is \I LOVE U\"""" day. Send dis to all ur \""""VALUED FRNDS\"""" evn me. If 3 comes back u'll gt married d person u luv! If u ignore dis u will lose ur luv 4 Evr""""",en,kaggle
ham,Take care and sleep well.you need to learn to change in life.you only need to get CONVINCED on that.i will wait but no more conversations between us.GET CONVINCED by that time.Your family is over for you in many senses.respect them but not overemphasise.or u have no role in my life.,en,kaggle
spam,"FREE NOKIA Or Motorola with upto 12mths 1/2price linerental, 500 FREE x-net mins&100txt/mth FREE B'tooth*. Call Mobileupd8 on 08001950382 or call 2optout/D3WV",en,kaggle
ham,"By march ending, i should be ready. But will call you for sure. The problem is that my capital never complete. How far with you. How's work and the ladies",en,kaggle
spam,Summers finally here! Fancy a chat or flirt with sexy singles in yr area? To get MATCHED up just reply SUMMER now. Free 2 Join. OptOut txt STOP Help08714742804,en,kaggle
ham,"Sir, I need Velusamy sir's date of birth and company bank facilities details.",en,kaggle
ham,"Wat time liao, where still got.",en,kaggle
ham,Wat time do u wan 2 meet me later?,en,kaggle
ham,"Same here, but I consider walls and bunkers and shit important just because I never play on peaceful but I guess your place is high enough that it don't matter",en,kaggle
ham,"Haha awesome, I might need to take you up on that, what you doin tonight?",en,kaggle
ham,India have to take lead:),en,kaggle
ham,After the drug she will be able to eat.,en,kaggle
ham,"Yo, call me when you get the chance, a friend of mine wanted me to ask you about a big order",en,kaggle
ham,Thank you princess! You are so sexy...,en,kaggle
ham,"Cant believe i said so many things to you this morning when all i really wanted to say was good morning, i love you! Have a beautiful morning. See you in the library later.",en,kaggle
ham,Am on the uworld site. Am i buying the qbank only or am i buying it with the self assessment also?,en,kaggle
ham,Dunno y u ask me.,en,kaggle
ham,"Ya ok, then had dinner?",en,kaggle
ham,"Rose for red,red for blood,blood for heart,heart for u. But u for me.... Send tis to all ur friends.. Including me.. If u like me.. If u get back, 1-u r poor in relation! 2-u need some 1 to support 3-u r frnd 2 many 4-some1 luvs u 5+- some1 is praying god to marry u.:-) try it....",en,kaggle
ham,How come?,en,kaggle
ham,"My planning usually stops at \find hella weed,"""" smoke hella weed\""""""""""""""""""""",en,kaggle
ham,Oh gei. That happend to me in tron. Maybe ill dl it in 3d when its out,en,kaggle
ham,Ok ill tell the company,en,kaggle
ham,There's someone here that has a year  &lt;#&gt;  toyota camry like mr olayiwola's own. Mileage is  &lt;#&gt; k.its clean but i need to know how much will it sell for. If i can raise the dough for it how soon after landing will it sell. Holla back.,en,kaggle
ham,What i told before i tell. Stupid hear after i wont tell anything to you. You dad called to my brother and spoken. Not with me.,en,kaggle
ham,Annoying isn't it.,en,kaggle
ham,Hi here. have birth at on the  to  at 8lb 7oz. Mother and baby doing brilliantly.,en,kaggle
ham,It will stop on itself. I however suggest she stays with someone that will be able to give ors for every stool.,en,kaggle
ham,I wonder if you'll get this text?,en,kaggle
ham,I want to be inside you every night...,en,kaggle
spam,"our mobile number has won å£5000, to claim calls us back or ring the claims hot line on 09050005321.",en,kaggle
spam,+123 Congratulations - in this week's competition draw u have won the å£1450 prize to claim just call 09050002311 b4280703. T&Cs/stop SMS 08718727868. Over 18 only 150ppm,en,kaggle
spam,For sale - arsenal dartboard. Good condition but no doubles or trebles!,en,kaggle
ham,Lol! U drunkard! Just doing my hair at d moment. Yeah still up 4 tonight. Wats the plan?,en,kaggle
ham,Does uncle timi help in clearing cars,en,kaggle
ham,"Babe, I'm back ... Come back to me ...",en,kaggle
ham,Ayuntamiento: Último día para pagar el IBI sin recargo: 31 de marzo. Use el pago online.,es,synthetic_claude
ham,Its on in engalnd! But telly has decided it won't let me watch it and mia and elliot were kissing! Damn it!,en,kaggle
ham,"Dear, will call Tmorrow.pls accomodate.",en,kaggle
ham,Text her. If she doesnt reply let me know so i can have her log in,en,kaggle
ham,Love has one law; Make happy the person you love. In the same way friendship has one law; Never make ur friend feel alone until you are alive.... Gud night,en,kaggle
ham,"Sorry, I can't text &amp"";"" drive coherently, see you in twenty",en,kaggle
ham,We'll join the  &lt;#&gt;  bus,en,kaggle
spam,U are subscribed to the best Mobile Content Service in the UK for å£3 per ten days until you send STOP to 83435. Helpline 08706091795.,en,kaggle
ham,Are u awake? Is there snow there?,en,kaggle
ham,Oic cos me n my sis got no lunch today my dad went out... So dunno whether 2 eat in sch or wat...,en,kaggle
ham,No need for the drug anymore.,en,kaggle
ham,Ard 530 lor. I ok then message Ì_ lor.,en,kaggle
spam,"FreeMsg: Claim ur 250 SMS messages-Text OK to 84025 now!Use web2mobile 2 ur mates etc. Join Txt250.com for 1.50p/wk. T&C BOX139, LA32WU. 16 . Remove txtX or stop",en,kaggle
ham,"It doesnt make sense to take it there unless its free. If you need to know more, wikipedia.com",en,kaggle
ham,I tot u outside cos darren say u come shopping. Of course we nice wat. We jus went sim lim look at mp3 player.,en,kaggle
ham,Understand. his loss is my gain :) so do you work? School?,en,kaggle
ham,R U &SAM P IN EACHOTHER. IF WE MEET WE CAN GO 2 MY HOUSE,en,kaggle
ham,I notice you like looking in the shit mirror youre turning into a right freak,en,kaggle
spam,Apple ID: Su ID de Apple ha sido desactivada por razones de seguridad. Verifique en Ajustes.,es,synthetic_claude
ham,"Good evening Sir, hope you are having a nice day. I wanted to bring it to your notice that I have been late in paying rent for the past few months and have had to pay a $ &lt"";#&gt;""  charge. I felt it would be inconsiderate of me to nag about something you give at great cost to yourself and that's why i didnt speak up. I however am in a recession and wont be able to pay the charge this month hence my askin well ahead of month's end. Can you please help. Thank you for everything.",en,kaggle
ham,DonÛ÷t give a flying monkeys wot they think and I certainly donÛ÷t mind. Any friend of mine and all that!,en,kaggle
ham,Where u been hiding stranger?,en,kaggle
ham,"Geeeee ... Your internet is really bad today, eh ?",en,kaggle
ham,"Mmmmm ... I loved waking to your words this morning ! I miss you too, my Love. I hope your day goes well and you are happy. I wait for us to be together again",en,kaggle
ham,"Alright omw, gotta change my order to a half8th",en,kaggle
ham,Wen did you get so spiritual and deep. That's great,en,kaggle
ham,Ok i shall talk to him,en,kaggle
ham,One day a crab was running on the sea shore..The waves came n cleared the footprints of the crab.. Crab asked: being my frnd y r u clearing my beautiful footprints? Waves replied: A fox was following ur footprints to catch you! thats y i cleared it off:) frndsship never lets u dwn :-) GUD nyt..,en,kaggle
ham,"Kind of. Just missed train cos of asthma attack, nxt one in half hr so driving in. not sure where to park.",en,kaggle
spam,Call from 08702490080 - tells u 2 call 09066358152 to claim å£5000 prize. U have 2 enter all ur mobile & personal details @ the prompts. Careful!,en,kaggle
spam,Dear Dave this is your final notice to collect your 4* Tenerife Holiday or #5000 CASH award! Call 09061743806 from landline. TCs SAE Box326 CW25WX 150ppm,en,kaggle
ham,"Oye que se me ha olvidado el cargador en tu casa, ¿me lo guardas?",es,synthetic_claude
ham,Great to hear you are settling well. So what's happenin wit ola?,en,kaggle
ham,I pocked you up there before,en,kaggle
spam,FedEx: Paquete con destino incorrecto. Corrija los datos: https://fedex-corregir.net/datos,es,synthetic_claude
ham,"Under the sea, there lays a rock. In the rock, there is an envelope. In the envelope, there is a paper. On the paper, there are 3 words... '",en,kaggle
ham,Am not working but am up to eyes in philosophy so will text u later when a bit more free for chat...,en,kaggle
ham,"Yup, leaving right now, be back soon",en,kaggle
ham,Me i'm not workin. Once i get job...,en,kaggle
ham,What class of  &lt;#&gt;  reunion?,en,kaggle
ham,Badrith is only for chennai:)i will surely pick for us:)no competition for him.,en,kaggle
spam,Correos: Tiene una notificación oficial de la Agencia Tributaria pendiente de recogida en su oficina.,es,synthetic_claude
spam,El Corte Inglés: Ha sido premiado en nuestro sorteo. Pase por caja con su DNI para recoger el premio.,es,synthetic_claude
ham,I'm very happy for you babe ! Woo hoo party on dude!,en,kaggle
spam,MRW: Paquete en almacén por dirección incorrecta. Llame al 902 300 400 con su número de seguimiento.,es,synthetic_claude
ham,"FR'NDSHIP is like a needle of a clock. Though V r in d same clock, V r nt able 2 met. Evn if V meet,itz only 4few seconds. Bt V alwys stay conected. Gud 9t"";""-)",en,kaggle
spam,Netflix: Se ha registrado un acceso desde China. Bloquee el acceso: https://netflix-bloquear.xyz,es,synthetic_claude
ham,Ah poop. Looks like ill prob have to send in my laptop to get fixed cuz it has a gpu problem,en,kaggle
ham,Can i meet Ì_ at 5.. As 4 where depends on where Ì_ wan 2 in lor..,en,kaggle
spam,Mercadona: ¡GANADOR! Ha sido seleccionado para recibir 500€ en compras. Llame al 900 111 222 para reclamar.,es,synthetic_claude
ham,"Living is very simple.. Loving is also simple.. Laughing is too simple.. Winning is tooo simple.. But, being 'SIMPLE' is very difficult.. Gud nte.:-",en,kaggle
ham,And maybe some pressies,en,kaggle
ham,"Erm... Woodland avenue somewhere. Do you get the parish magazine, his telephone number will be in there.",en,kaggle
ham,How's it going? Got any exciting karaoke type activities planned? I'm debating whether to play football this eve. Feeling lazy though.,en,kaggle
ham,How u doin baby girl ?? hope u are okay every time I call ure phone is off! I miss u get in touch,en,kaggle
ham,"Damn, poor zac doesn't stand a chance",en,kaggle
ham,Haha i think i did too,en,kaggle
ham,Have a safe trip to Nigeria. Wish you happiness and very soon company to share moments with,en,kaggle
ham,IM GONNAMISSU SO MUCH!!I WOULD SAY IL SEND U A POSTCARD BUTTHERES ABOUTAS MUCH CHANCE OF MEREMEMBERIN ASTHERE IS OFSI NOT BREAKIN HIS CONTRACT!! LUV Yaxx,en,kaggle
ham,U still havent got urself a jacket ah?,en,kaggle
ham,Good afternoon starshine! How's my boytoy? Does he crave me yet? Ache to fuck me ? *sips cappuccino* I miss you babe *teasing kiss*,en,kaggle
spam,Reply with your name and address and YOU WILL RECEIVE BY POST a weeks completely free accommodation at various global locations www.phb1.com ph:08700435505150p,en,kaggle
ham,Lol where do u come up with these ideas?,en,kaggle
ham,K..then come wenever u lik to come and also tel vikky to come by getting free time..:-),en,kaggle
ham,"Aight, tomorrow around  &lt"";#&gt;""  it is",en,kaggle
ham,"My friend, she's studying at warwick, we've planned to go shopping and to concert tmw, but it may be canceled, havn't seen  for ages, yeah we should get together sometime!",en,kaggle
ham,V nice! Off 2 sheffield tom 2 air my opinions on categories 2 b used 2 measure ethnicity in next census. Busy transcribing. :-),en,kaggle
ham,Ok i also wan 2 watch e 9 pm show...,en,kaggle
ham,I remain unconvinced that this isn't an elaborate test of my willpower,en,kaggle
ham,"Hiya , have u been paying money into my account? If so, thanks. Got a pleasant surprise when i checked my balance -u c, i don't get statements 4 that acc",en,kaggle
ham,O we cant see if we can join denis and mina? Or does denis want alone time,en,kaggle
ham,"Tunde, how are you doing. This is just wishing you a great day. Abiola.",en,kaggle
ham,SEPE: Su prestación por desempleo ha sido aprobada. Recibirá el primer pago el día 28/03.,es,synthetic_claude
ham,And is there a way you can send shade's stuff to her. And she has been wonderful too.,en,kaggle
ham,"You are always putting your business out there. You put pictures of your ass on facebook. You are one of the most open people i've ever met. Why would i think a picture of your room would hurt you, make you feel violated.",en,kaggle
ham,Ministerio de Educación: Convocatoria de becas MEC 2025-26 disponible en la sede electrónica.,es,synthetic_claude
ham,"I av a new number,  . Wil u only use this one,ta.",en,kaggle
ham,It does it on its own. Most of the time it fixes my spelling. But sometimes it gets a completely diff word. Go figure,en,kaggle
ham,Clínica Universidad de Navarra: Sus resultados están disponibles en el portal del paciente.,es,synthetic_claude
ham,What type of stuff do you sing?,en,kaggle
ham,No did you check? I got his detailed message now,en,kaggle
ham,"Yeah, where's your class at?",en,kaggle
ham,Think + da. You wil do.,en,kaggle
ham,But really quite funny lor wat... Then u shd haf run shorter distance wat...,en,kaggle
ham,Another month. I need chocolate weed and alcohol.,en,kaggle
ham,At home by the way,en,kaggle
ham,Your daily text from me ÛÒ a favour this time,en,kaggle
ham,Bull. Your plan was to go floating off to IKEA with me without a care in the world. So i have to live with your mess another day.,en,kaggle
ham,Hey happy birthday...,en,kaggle
ham,Hi did u decide wot 2 get 4 his bday if not ill prob jus get him a voucher frm virgin or sumfing,en,kaggle
ham,Ok i am on the way to home hi hi,en,kaggle
ham,What makes you most happy?,en,kaggle
ham,Yeah imma come over cause jay wants to do some drugs,en,kaggle
ham,i can call in  &lt;#&gt;  min if thats ok,en,kaggle
ham,Doc prescribed me morphine cause the other pain meds aren't enough. Waiting for my mom to bring it. That med should kick in fast so I'm gonna try to be on later,en,kaggle
ham,Pls help me tell Ashley that i cant find her number oh,en,kaggle
ham,True. Its easier with her here.,en,kaggle
ham,HI DARLIN I HOPE YOU HAD A NICE NIGHT I WISH I HAD COME CANT WAIT TO SEE YOU LOVE FRAN PS I WANT DIRTY ANAL SEX AND I WANT A 10 MAN GANG BANG,en,kaggle
spam,URGENT! Your Mobile number has been awarded with a å£2000 prize GUARANTEED. Call 09058094455 from land line. Claim 3030. Valid 12hrs only,en,kaggle
ham,"Sir, waiting for your letter.",en,kaggle
ham,Wah... Okie okie... Muz make use of e unlimited... Haha...,en,kaggle
spam,CaixaBank: Su contrato será cancelado. Confirme sus datos bancarios: https://cx-bank.net/contrato,es,synthetic_claude
ham,I think chennai well settled?,en,kaggle
ham,Good day to You too.Pray for me.Remove the teeth as its painful maintaining other stuff.,en,kaggle
ham,"The  &lt"";#&gt; g that i saw a few days ago, the guy wants sell wifi only for  &lt;#&gt;  and with 3g for  &lt;#&gt;"" . That's why i blanked him.",en,kaggle
ham,Try to do something dear. You read something for exams,en,kaggle
ham,You said not now. No problem. When you can. Let me know.,en,kaggle
spam,Last chance 2 claim ur å£150 worth of discount vouchers-Text YES to 85023 now!SavaMob-member offers mobile T Cs 08717898035. å£3.00 Sub. 16 . Remove txt X or STOP,en,kaggle
ham,How much would it cost to hire a hitman,en,kaggle
ham,"Sir, Waiting for your mail.",en,kaggle
ham,Omg if its not one thing its another. My cat has worms :/ when does this bad day end?,en,kaggle
ham,"\HELLO U.CALL WEN U FINISH WRK.I FANCY MEETIN UP WIV U ALL TONITE AS I NEED A BREAK FROM DABOOKS. DID 4 HRS LAST NITE+2 TODAY OF WRK!\""""""""",en,kaggle
ham,Ok im not sure what time i finish tomorrow but i wanna spend the evening with you cos that would be vewy vewy lubly! Love me xxx,en,kaggle
spam,Double Mins & Double Txt & 1/2 price Linerental on Latest Orange Bluetooth mobiles. Call MobileUpd8 for the very latest offers. 08000839402 or call2optout/LF56,en,kaggle
ham,"It's wylie, you in tampa or sarasota?",en,kaggle
ham,El dentista confirma cita para limpieza dental el martes 18/03 a las 16:30. Clínica Blanca.,es,synthetic_claude
spam,<Forwarded from 88877>FREE entry into our å£250 weekly comp just send the word ENTER to 88877 NOW. 18 T&C www.textcomp.com,en,kaggle
ham,"It's not that you make me cry. It's just that when all our stuff happens on top of everything else, it pushes me over the edge. You don't underdtand how often i cry over my sorry, sorry life.",en,kaggle
ham,What * u wearing?,en,kaggle
ham,Here got lots of hair dresser fr china.,en,kaggle
ham,For The First Time In The History 'Need' 'Comfort' And 'Luxury' Are Sold At Same Price In India..!! Onion-Rs. &lt;#&gt;  Petrol-Rs. &lt;#&gt;  Beer-Rs. &lt;#&gt;  SHESIL  &lt;#&gt,en,kaggle
ham,Yes:)sura in sun tv.:)lol.,en,kaggle
ham,Can you please send me my aunty's number,en,kaggle
ham,"Imagine you finally get to sink into that bath after I have put you through your paces, maybe even having you eat me for a while before I left ... But also imagine the feel of that cage on your cock surrounded by the bath water, reminding you always who owns you ... Enjoy, my cuck",en,kaggle
ham,Going thru a very different feeling.wavering decisions and coping up with the same is the same individual.time will heal everything i believe.,en,kaggle
ham,From tomorrow onwards eve 6 to 3 work.,en,kaggle
ham,Chk in ur belovd ms dict,en,kaggle
ham,Sorry completely forgot * will pop em round this week if your still here?,en,kaggle
ham,My tuition is at 330. Hm we go for the 1120 to 1205 one? Do you mind?,en,kaggle
ham,Gudnite....tc...practice going on,en,kaggle
ham,Lol or I could just starve and lose a pound by the end of the day.,en,kaggle
spam,"Hottest pics straight to your phone!! See me getting Wet and Wanting, just for you xx Text PICS to 89555 now! txt costs 150p textoperator g696ga 18 XxX",en,kaggle
ham,"Plz note: if anyone calling from a mobile Co. &amp""; asks u to type # &lt;#&gt;  or # &lt;#&gt;"" . Do not do so. Disconnect the call,coz it iz an attempt of 'terrorist' to make use of the sim card no. Itz confirmd by nokia n motorola n has been verified by CNN IBN.",en,kaggle
ham,I'm wif him now buying tix lar...,en,kaggle
ham,"\I"";""m reaching in another 2 stops.\""""""""",en,kaggle
ham,Ok lor. I'm in town now lei.,en,kaggle
ham,Ok pa. Nothing problem:-),en,kaggle
ham,Think you sent the text to the home phone. That cant display texts. If you still want to send it his number is,en,kaggle
ham,Se ha estropeado el ascensor del edificio otra vez,es,synthetic_claude
ham,What do u want when i come back?.a beautiful necklace as a token of my heart for you.thats what i will give but ONLY to MY WIFE OF MY LIKING.BE THAT AND SEE..NO ONE can give you that.dont call me.i will wait till i come.,en,kaggle
ham,Yeah whatever lol,en,kaggle
ham,Already am squatting is the new way of walking,en,kaggle
ham,will you like to be spoiled? :),en,kaggle
ham,Lol wtf random. Btw is that your lunch break,en,kaggle
ham,¿Quedamos esta tarde para estudiar el tema 5 juntos?,es,synthetic_claude
spam,Dorothy@kiefer.com (Bank of Granite issues Strong-Buy) EXPLOSIVE PICK FOR OUR MEMBERS *****UP OVER 300% *********** Nasdaq Symbol CDGT That is a $5.00 per..,en,kaggle
ham,Aaooooright are you at work?,en,kaggle
ham,HI DARLIN IM MISSIN U HOPE YOU ARE HAVING A GOOD TIME. WHEN ARE U BACK AND WHAT TIME IF U CAN GIVE ME A CALL AT HOME. JESS XX,en,kaggle
ham,"Den only weekdays got special price... Haiz... Cant eat liao... Cut nails oso muz wait until i finish drivin wat, lunch still muz eat wat... ",en,kaggle
ham,"Mmmmmm ... I love you,so much, Ahmad ... I can't wait for this year to begin as every second takes me closer to being at your side. Happy New Year, my love!!",en,kaggle
ham,Goodmorning today i am late for  &lt;DECIMAL&gt; min.,en,kaggle
ham,Hi dude hw r u da realy mising u today,en,kaggle
ham,In which place do you want da.,en,kaggle
ham,My supervisor find 4 me one lor i thk his students. I havent ask her yet. Tell u aft i ask her.,en,kaggle
ham,Hi.what you think about match?,en,kaggle
ham,"My life Means a lot to me, Not because I love my life, But because I love the people in my life, The world calls them friends, I call them my World:-).. Ge:-)..",en,kaggle
ham,I'm really sorry i won't b able 2 do this friday.hope u can find an alternative.hope yr term's going ok:-),en,kaggle
ham,How do you guys go to see movies on your side.,en,kaggle
spam,Oportunidad en sector tecnológico: trabajo remoto 100%. Sin titulación. Hasta 1.500€/semana.,es,synthetic_claude
ham,Hi. Hope you had a good day. Have a better night.,en,kaggle
ham,ÌÏ still attending da talks?,en,kaggle
spam,URGENT! We are trying to contact U Todays draw shows that you have won a å£800 prize GUARANTEED. Call 09050000460 from land line. Claim J89. po box245c2150pm,en,kaggle
ham,Just send a text. We'll skype later.,en,kaggle
spam,ING: Transferencia de 950€ realizada. Si no la autorizó cancélela: https://ing-transferencia.top,es,synthetic_claude
spam,This message is free. Welcome to the new & improved Sex & Dogging club! To unsubscribe from this service reply STOP. msgs@150p 18+only,en,kaggle
ham,hiya hows it going in sunny africa? hope u r avin a good time. give that big old silver back a big kiss from me.,en,kaggle
ham,Are you happy baby ? Are you alright ? Did you take that job ? I hope your fine. I send you a kiss to make you smile from across the sea ... *kiss* *kiss*,en,kaggle
ham,Policía Nacional: Le recordamos que su DNI caduca el 30/04. Solicite renovación con antelación.,es,synthetic_claude
spam,How about getting in touch with folks waiting for company? Just txt back your NAME and AGE to opt in! Enjoy the community (150p/SMS),en,kaggle
ham,R we going with the  &lt;#&gt;  bus?,en,kaggle
ham,I'm home...,en,kaggle
ham,Here got ur favorite oyster... N got my favorite sashimi... Ok lar i dun say already... Wait ur stomach start rumbling...,en,kaggle
spam,Mercadona: ¡Felicidades! Ha sido seleccionado para nuestra encuesta y gana un vale de 500€: https://mercadona-encuesta.top,es,synthetic_claude
spam,"Free msg. Sorry, a service you ordered from 81303 could not be delivered as you do not have sufficient credit. Please top up to receive the service.",en,kaggle
spam,HBO Max: Pago rechazado. Su suscripción se cancelará en 24h: https://hbomax-pago.xyz/actualizar,es,synthetic_claude
spam,Correos: Paquete pendiente de recogida en oficina de Correos desde hace 14 días. Último aviso.,es,synthetic_claude
ham,"ItÛ÷s å£6 to get in, is that ok?",en,kaggle
ham,Ok lor then we go tog lor...,en,kaggle
ham,I want to sent  &lt;#&gt; mesages today. Thats y. Sorry if i hurts,en,kaggle
ham,Carlos says he'll be at mu in  &lt;#&gt;  minutes,en,kaggle
ham,I couldn't say no as he is a dying man and I feel sad for him so I will go and I just wanted you to know I would probably be gone late into your night,en,kaggle
ham,"Yeah we wouldn't leave for an hour at least, how's 4 sound?",en,kaggle
ham,"That's fine, have him give me a call if he knows what he wants or has any questions",en,kaggle
spam,Se buscan probadores de software para empresa USA. 25€/hora. Sin conocimientos técnicos.,es,synthetic_claude
ham,Reckon need to be in town by eightish to walk from * carpark.,en,kaggle
ham,Cool. Do you like swimming? I have a pool and jacuzzi at my house.,en,kaggle
spam,Netflix: Su cuenta no tiene actividad. Será cancelada salvo que inicie sesión en los próximos 3 días.,es,synthetic_claude
spam,ALERTA BBVA: Su contraseña ha sido cambiada. Si no fue usted llame al 900 102 801 ahora.,es,synthetic_claude
ham,Ya but it cant display internal subs so i gotta extract them,en,kaggle
ham,"I get out of class in bsn in like  &lt"";#&gt;""  minutes, you know where advising is?",en,kaggle
ham,"Will do, you gonna be at blake's all night? I might be able to get out of here a little early",en,kaggle
ham,I forgot 2 ask Ì_ all smth.. There's a card on da present lei... How? ÌÏ all want 2 write smth or sign on it?,en,kaggle
ham,"Mmmmm ... It was sooooo good to wake to your words this morning, my Love!! Mmmm fuck ... I love you too, my Lion ... *devouring kiss from across the sea*",en,kaggle
ham,Or just do that 6times,en,kaggle
spam,CLAIRE here am havin borin time & am now alone U wanna cum over 2nite? Chat now 09099725823 hope 2 C U Luv CLAIRE xx Callså£1/minmoremobsEMSPOBox45PO139WA,en,kaggle
ham,Thats cool! I am a gentleman and will treat you with dignity and respect.,en,kaggle
ham,Why you Dint come with us.,en,kaggle
ham,Send his number and give reply tomorrow morning for why you said that to him like that ok,en,kaggle
ham,And do you have any one that can teach me how to ship cars.,en,kaggle
spam,"Urgent Urgent! We have 800 FREE flights to Europe to give away, call B4 10th Sept & take a friend 4 FREE. Call now to claim on 09050000555. BA128NNFWFLY150ppm",en,kaggle
ham,Where to get those?,en,kaggle
spam,money!!! you r a lucky winner ! 2 claim your prize text money 2 88600 over å£1million to give away ! ppt150x3+normal text rate box403 w1t1jy,en,kaggle
ham,Y bishan lei... I tot Ì_ say lavender?,en,kaggle
ham,"Beautiful Truth against Gravity.. Read carefully: \Our heart feels light when someone is in it.. But it feels very heavy when someone leaves it..\"""" GOODMORNING""""",en,kaggle
ham,Hi! This is Roger from CL. How are you?,en,kaggle
ham,"I don,t think so. You don't need to be going out that late on a school night. ESPECIALLY when the one class you have is the one you missed last wednesday and probably failed a test in on friday",en,kaggle
ham,Yes just finished watching days of our lives. I love it.,en,kaggle
ham,I asked you to call him now ok,en,kaggle
ham,Sorry i'm not free...,en,kaggle
ham,Su cita con el Dr. García está confirmada para el martes 18 a las 10:30. Clínica Salud Madrid.,es,synthetic_claude
ham,Lol I would but despite these cramps I like being a girl.,en,kaggle
ham,She went to attend another two rounds today..but still did't reach home..,en,kaggle
ham,The evo. I just had to download flash. Jealous?,en,kaggle
ham,Did u receive my msg?,en,kaggle
ham,Becoz its  &lt;#&gt;  jan whn al the post ofice is in holiday so she cn go fr the post ofice...got it duffer,en,kaggle
ham,Taka lor. Wat time u wan 2 come n look 4 us?,en,kaggle
ham,"K, fyi I'm back in my parents' place in south tampa so I might need to do the deal somewhere else",en,kaggle
ham,Ok i go change also...,en,kaggle
spam,GLS: Su envío ha llegado a España pero está pendiente de validación: https://gls-validar.net/envio,es,synthetic_claude
ham,Goodnight da thangam I really miss u dear.,en,kaggle
ham,"Qué buena comida la de hoy, hay que repetir en ese restaurante",es,synthetic_claude
ham,"Received, understood n acted upon!",en,kaggle
ham,Nope but i'm going home now then go pump petrol lor... Like going 2 rain soon...,en,kaggle
ham,Still work going on:)it is very small house.,en,kaggle
ham,"I know you are thinkin malaria. But relax, children cant handle malaria. She would have been worse and its gastroenteritis. If she takes enough to replace her loss her temp will reduce. And if you give her malaria meds now she will just vomit. Its a self limiting illness she has which means in a few days it will completely stop",en,kaggle
ham,""";""-( oh well, c u later",en,kaggle
ham,Lol please do. Actually send a pic of yourself right now. I wanna see. Pose with a comb and hair dryer or something.,en,kaggle
ham,I might go 2 sch. Yar at e salon now v boring.,en,kaggle
spam,"Free entry to the gr8prizes wkly comp 4 a chance to win the latest Nokia 8800, PSP or å£250 cash every wk.TXT GREAT to 80878 http//www.gr8prizes.com 08715705022",en,kaggle
ham,How i noe... Did Ì_ specify da domain as nusstu... ÌÏ still in sch...,en,kaggle
ham,"Dear,Me at cherthala.in case u r coming cochin pls call bfore u start.i shall also reach accordingly.or tell me which day u r coming.tmorow i am engaged ans its holiday.",en,kaggle
ham,Its not that time of the month nor mid of the time?,en,kaggle
spam,Amazon Prime: Su membresía vence mañana. Renueve aquí con 50% de descuento: https://prime-renovar.top,es,synthetic_claude
ham,I have many dependents,en,kaggle
ham,Ok lor... But buy wat?,en,kaggle
ham,Our ride equally uneventful - not too many of those pesky cyclists around at that time of night ;).,en,kaggle
ham,Finish liao... U?,en,kaggle
spam,Bajó 20kg con este método. Disponible en España. Primeras 100 solicitudes gratis. Llame ya.,es,synthetic_claude
ham,Glad it went well :) come over at 11 then we'll have plenty of time before claire goes to work.,en,kaggle
ham,Hello! How's you and how did saturday go? I was just texting to see if you'd decided to do anything tomo. Not that i'm trying to invite myself or anything!,en,kaggle
ham,Wat would u like 4 ur birthday?,en,kaggle
ham,ITS A LAPTOP TAKE IT WITH YOU.,en,kaggle
ham,R u here yet? I'm wearing blue shirt n black pants.,en,kaggle
spam,We tried to contact you re your reply to our offer of a Video Handset? 750 anytime networks mins? UNLIMITED TEXT? Camcorder? Reply or call 08000930705 NOW,en,kaggle
ham,Are you coming to day for class.,en,kaggle
ham,Uncle boye. I need movies oh. Guide me. Plus you know torrents are not particularly legal here. And the system is slowing down. What should i do. Have a gr8 day. Plus have you started cos i dont meet you online. How was the honey moon.,en,kaggle
ham,I am in office:)whats the matter..msg me now.i will call you at break:).,en,kaggle
ham,Then u ask darren go n pick u lor... But i oso sian tmr haf 2 meet lect...,en,kaggle
ham,"Men always needs a beautiful, intelligent, caring, loving, adjustable, cooperative wife. But the law allows only one wife....",en,kaggle
ham,"Jane babes not goin 2 wrk, feel ill after lst nite. Foned in already cover 4 me chuck.:-)",en,kaggle
ham,Omg Joanna is freaking me out. She's looked thru all my friends to find photos of me. And then she's asking about stuff on my MySpace which I haven't even logged on in like a year. :/,en,kaggle
spam,"Fantasy Football is back on your TV. Go to Sky Gamestar on Sky Active and play å£250k Dream Team. Scoring starts on Saturday, so register now!SKY OPT OUT to 88088",en,kaggle
ham,Lol ok. I'll snatch her purse too.,en,kaggle
ham,"Height of \Oh shit....!!\"""" situation: A guy throws a luv letter on a gal but falls on her brothers head whos a gay"",""."";""-):-D""""",en,kaggle
ham,"Party's at my place at usf, no charge (but if you can contribute in any way it is greatly appreciated) and yeah, we got room for one more",en,kaggle
ham,Even i cant close my eyes you are in me our vava playing umma :-D,en,kaggle
ham,Hi Princess! Thank you for the pics. You are very pretty. How are you?,en,kaggle
ham,"We're all getting worried over here, derek and taylor have already assumed the worst",en,kaggle
ham,"Sir, hope your day is going smoothly. i really hoped i wont have to bother you about this. I have some bills that i can't settle this month. I am out of all extra cash. I know this is a challenging time for you also but i have to let you know.",en,kaggle
ham,"Haha I heard that, text me when you're around",en,kaggle
ham,You should change your fb to jaykwon thuglyfe falconerf,en,kaggle
ham,"Just gettin a bit arty with my collages at the mo, well tryin 2 ne way! Got a roast in a min lovely i shall enjoy that!",en,kaggle
ham,"Just sent again. Do you scream and moan in bed, princess?",en,kaggle
ham,No probably  &lt;#&gt; %.,en,kaggle
spam,"FreeMSG You have been awarded a FREE mini DIGITAL CAMERA, just reply SNAP to collect your prize! (quizclub Opt out? Stop 80122300p/wk SP:RWM Ph:08704050406)",en,kaggle
ham,That's significant but dont worry.,en,kaggle
spam,Agencia Tributaria: Devolución de IRPF de 2023 disponible. Recíbala aquí: https://irpf-devolucion.net,es,synthetic_claude
ham,Now i'm going for lunch.,en,kaggle
spam,DHL: Su envío tiene dirección incompleta. Responda a este SMS con su número de piso y letra.,es,synthetic_claude
ham,Msg me when rajini comes.,en,kaggle
ham,I know she called me,en,kaggle
spam,Valentines Day Special! Win over å£1000 in our quiz and take your partner on the trip of a lifetime! Send GO to 83600 now. 150p/msg rcvd. CustCare:08718720201,en,kaggle
ham,"Hi, can i please get a  &lt"";#&gt;""  dollar loan from you. I.ll pay you back by mid february. Pls.",en,kaggle
ham,HI ITS JESS I DONT KNOW IF YOU ARE AT WORK BUT CALL ME WHEN U CAN IM AT HOME ALL EVE. XXX,en,kaggle
ham,I wil be there with in  &lt;#&gt;  minutes. Got any space,en,kaggle
ham,Think I could stop by in like an hour or so? My roommate's looking to stock up for a trip,en,kaggle
ham,"I just got home babe, are you still awake ?",en,kaggle
ham,yes baby! I need to stretch open your pussy!,en,kaggle
ham,"Haven't seen my facebook, huh? Lol!",en,kaggle
ham,It has issues right now. Ill fix for her by tomorrow.,en,kaggle
ham,No other Valentines huh? The proof is on your fb page. Ugh I'm so glad I really DIDN'T watch your rupaul show you TOOL!,en,kaggle
ham,Dont put your phone on silent mode ok,en,kaggle
ham,No dear i do have free messages without any recharge. Hi hi hi,en,kaggle
ham,I like dis sweater fr mango but no more my size already so irritating.,en,kaggle
ham,"Well done, blimey, exercise, yeah, i kinda remember wot that is, hmm. ",en,kaggle
spam,Reminder: You have not downloaded the content you have already paid for. Goto http://doit. mymoby. tv/ to collect your content.,en,kaggle
ham,I'm good. Have you registered to vote?,en,kaggle
ham,U studying in sch or going home? Anyway i'll b going 2 sch later.,en,kaggle
ham,Lol they don't know about my awesome phone. I could click delete right now if I want.,en,kaggle
ham,"Hmmm ... I thought we said 2 hours slave, not 3 ... You are late ... How should I punish you ?",en,kaggle
ham,"Text me when you get off, don't call, my phones having problems",en,kaggle
ham,El viaje ha ido fenomenal. Ya te cuento todo.,es,synthetic_claude
ham,DO NOT B LATE LOVE MUM,en,kaggle
ham,You do got a shitload of diamonds though,en,kaggle
spam,Please CALL 08712402578 immediately as there is an urgent message waiting for you,en,kaggle
ham,"Û_ we r stayin here an extra week, back next wed. How did we do in the rugby this weekend? Hi to and and , c u soon \""",en,kaggle
ham,Lmao but its so fun...,en,kaggle
ham,La ITV de su vehículo matrícula 1234-ABC es el próximo martes. No olvide llevar documentación.,es,synthetic_claude
ham,Ill be at yours in about 3 mins but look out for me,en,kaggle
ham,Dude we should go sup again,en,kaggle
ham,Got smaller capacity one? Quite ex...,en,kaggle
ham,Please da call me any mistake from my side sorry da. Pls da goto doctor.,en,kaggle
ham,I ask if u meeting da ge tmr nite...,en,kaggle
ham,What Today-sunday..sunday is holiday..so no work..,en,kaggle
ham,Can you do online transaction?,en,kaggle
ham,I not busy juz dun wan 2 go so early.. Hee..,en,kaggle
ham,"Just looked it up and addie goes back Monday, sucks to be her",en,kaggle
ham,Ok both our days. So what are you making for dinner tonite? Am I invited?,en,kaggle
ham,Hello madam how are you ?,en,kaggle
ham,Yeah so basically any time next week you can get away from your mom &amp; get up before 3,en,kaggle
ham,"HEY THERE BABE, HOW U DOIN? WOT U UP 2 2NITE LOVE ANNIE X.",en,kaggle
spam,22 days to kick off! For Euro2004 U will be kept up to date with the latest news and results daily. To be removed send GET TXT STOP to 83222,en,kaggle
ham,Yar lor wait 4 my mum 2 finish sch then have lunch lor... I whole morning stay at home clean my room now my room quite clean... Hee...,en,kaggle
ham,Reason is if the team budget is available at last they buy the unsold players for at base rate..,en,kaggle
spam,"Win the newest ÛÏHarry Potter and the Order of the Phoenix (Book 5) reply HARRY, answer 5 questions - chance to be the first among readers!",en,kaggle
ham,Am not interested to do like that.,en,kaggle
ham,"\Pete can you please ring meive hardly gotany credit\""""""""",en,kaggle
ham,Reverse is cheating. That is not mathematics.,en,kaggle
ham,"Sweetheart, hope you are not having that kind of day! Have one with loads of reasons to smile. Biola",en,kaggle
ham,You available now? I'm like right around hillsborough &amp;  &lt;#&gt; th,en,kaggle
spam,URGENT! We are trying to contact U. Todays draw shows that you have won a å£2000 prize GUARANTEED. Call 09066358361 from land line. Claim Y87. Valid 12hrs only,en,kaggle
ham,i see. When we finish we have loads of loans to pay,en,kaggle
spam,"Urgent! call 09066350750 from your landline. Your complimentary 4* Ibiza Holiday or 10,000 cash await collection SAE T&Cs PO BOX 434 SK3 8WP 150 ppm 18+",en,kaggle
ham,So how are you really. What are you up to. How's the masters. And so on.,en,kaggle
spam,Inversión en plataforma inmobiliaria online: 10% rentabilidad mensual. Seguro y legal.,es,synthetic_claude
spam,"Eerie Nokia tones 4u, rply TONE TITLE to 8007 eg TONE DRACULA to 8007 Titles: GHOST, ADDAMSFA, MUNSTERS, EXORCIST, TWILIGHT www.getzed.co.uk POBox36504W45WQ 150p ",en,kaggle
ham,All sounds good. Fingers . Makes it difficult to type,en,kaggle
ham,Hows that watch resizing,en,kaggle
ham,Is toshiba portege m100 gd?,en,kaggle
spam,"ou are guaranteed the latest Nokia Phone, a 40GB iPod MP3 player or a å£500 prize! Txt word: COLLECT to No: 83355! IBHltd LdnW15H 150p/Mtmsgrcvd18",en,kaggle
ham,No go. No openings for that room 'til after thanksgiving without an upcharge.,en,kaggle
spam,Our brand new mobile music service is now live. The free music player will arrive shortly. Just install on your phone to browse content from the top artists.,en,kaggle
ham,Or better still can you catch her and let ask her if she can sell  &lt;#&gt;  for me.,en,kaggle
ham,My slave! I want you to take 2 or 3 pictures of yourself today in bright light on your cell phone! Bright light!,en,kaggle
spam,You will recieve your tone within the next 24hrs. For Terms and conditions please see Channel U Teletext Pg 750,en,kaggle
ham,U still going to the mall?,en,kaggle
ham,Eat at old airport road... But now 630 oredi... Got a lot of pple...,en,kaggle
spam,Spotify: Su método de pago ha sido rechazado. Actualice sus datos de tarjeta en la app urgente.,es,synthetic_claude
ham,Hey are you angry with me. Reply me dr.,en,kaggle
ham,"Excellent, I'll see what riley's plans are",en,kaggle
ham,So u wan 2 come for our dinner tonight a not?,en,kaggle
ham,Can you open the door?,en,kaggle
ham,What time you thinkin of goin?,en,kaggle
spam,PRIVATE! Your 2003 Account Statement for 07753741225 shows 800 un-redeemed S. I. M. points. Call 08715203677 Identifier Code: 42478 Expires 24/10/04,en,kaggle
ham,I've reached sch already...,en,kaggle
spam,"Hi babe its Jordan, how r u? Im home from abroad and lonely, text me back if u wanna chat xxSP visionsms.com Text stop to stopCost 150p 08712400603",en,kaggle
ham,Ok thanx... Take care then...,en,kaggle
ham,Dunno lei he neva say...,en,kaggle
ham,"Sounds good, keep me posted",en,kaggle
spam,Samsung: Su número de teléfono ha ganado un Galaxy S24. Para reclamarlo llame al 900 212 212.,es,synthetic_claude
ham,Please tell me you have some of that special stock you were talking about,en,kaggle
ham,"Dont worry, 1 day very big lambu ji vl come..til then enjoy batchlor party:-)",en,kaggle
ham,Where are you ? What are you doing ? Are yuou working on getting the pc to your mom's ? Did you find a spot that it would work ? I need you,en,kaggle
ham,No drama Pls.i have had enough from you and family while i am struggling in the hot sun in a strange place.No reason why there should be an ego of not going 'IF NOT INVITED' when actually its necessity to go.wait for very serious reppurcussions.,en,kaggle
spam,U have a secret admirer who is looking 2 make contact with U-find out who they R*reveal who thinks UR so special-call on 09058094599,en,kaggle
ham,Hey i will be late ah... Meet you at 945+,en,kaggle
ham,No da if you run that it activate the full version da.,en,kaggle
ham,Just seeing your missed call my dear brother. Do have a gr8 day.,en,kaggle
ham,"Hello my boytoy ... Geeee I miss you already and I just woke up. I wish you were here in bed with me, cuddling me. I love you ...",en,kaggle
ham,Lol ok ill try to send. Be warned Sprint is dead slow. You'll prolly get it tomorrow,en,kaggle
ham,Hi:)did you asked to waheeda fathima about leave?,en,kaggle
ham,When you guys planning on coming over?,en,kaggle
ham,"Jolly good! By the way,  will give u tickets for sat eve 7.30. Speak before then x",en,kaggle
ham,El pedido del cliente García llega hoy a las 14:00. ¿Puedes recibirlo tú?,es,synthetic_claude
ham,on hen night. Going with a swing,en,kaggle
ham,Early bird! Any purchases yet?,en,kaggle
ham,Hi. I'm sorry i missed your call. Can you pls call back.,en,kaggle
spam,"Welcome to Select, an O2 service with added benefits. You can now call our specially trained advisors FREE from your mobile by dialling 402.",en,kaggle
ham,"Sweet, we may or may not go to 4U to meet carlos so gauge patty's interest in that",en,kaggle
ham,Yup i shd haf ard 10 pages if i add figures... ÌÏ all got how many pages?,en,kaggle
spam,Correos: Notificación de paquete certificado. Recójalo antes de las 20:00: https://correos-notif.xyz,es,synthetic_claude
ham,"You know, wot people wear. T shirts, jumpers, hat, belt, is all we know. We r at Cribbs",en,kaggle
ham,Yeah just open chat and click friend lists. Then make the list. Easy as pie,en,kaggle
spam,"Hi ya babe x u 4goten bout me?' scammers getting smart..Though this is a regular vodafone no, if you respond you get further prem rate msg/subscription. Other nos used also. Beware!",en,kaggle
ham,Have you bookedthe hut? And also your time off? How are you by the way?,en,kaggle
ham,Oye el concierto de mañana se ha cancelado. Te devuelvo la entrada.,es,synthetic_claude
ham,Hurry home u big butt. Hang up on your last caller if u have to. Food is done and I'm starving. Don't ask what I cooked.,en,kaggle
ham,"THATåÕS ALRITE GIRL, U KNOW GAIL IS NEVA WRONG!!TAKE CARE SWEET AND DONåÕT WORRY.C U L8TR HUN!LOVE Yaxxx",en,kaggle
spam,Congratulations ur awarded either å£500 of CD gift vouchers & Free entry 2 our å£100 weekly draw txt MUSIC to 87066 TnCs www.Ldew.com 1 win150ppmx3age16,en,kaggle
ham,There r many model..sony ericson also der.. &lt;#&gt; ..it luks good bt i forgot modl no,en,kaggle
ham,I want to tell you how bad I feel that basically the only times I text you lately are when I need drugs,en,kaggle
spam,Celeritas: Aviso urgente: su paquete será devuelto en 24h. Confírmelo: https://celeritas-aviso.xyz,es,synthetic_claude
ham,I will be gentle princess! We will make sweet gentle love...,en,kaggle
spam,You have 1 new message. Please call 08715205273,en,kaggle
ham,Wat makes u thk i'll fall down. But actually i thk i'm quite prone 2 falls. Lucky my dad at home i ask him come n fetch me already.,en,kaggle
ham,Talk With Yourself Atleast Once In A Day...!!! Otherwise You Will Miss Your Best FRIEND In This WORLD...!!! -Shakespeare- SHESIL  &lt;#&gt,en,kaggle
ham,Draw va?i dont think so:),en,kaggle
ham,Wherre's my boytoy ? :-(,en,kaggle
ham,Dude im no longer a pisces. Im an aquarius now.,en,kaggle
spam,Please CALL 08712402779 immediately as there is an urgent message waiting for you,en,kaggle
ham,¿Has visto la nueva temporada de La Casa de Papel? Está increíble,es,synthetic_claude
ham,I luv u soo much u donåÕt understand how special u r 2 me ring u 2morrow luv u xxx,en,kaggle
ham,ÌÏ all write or wat..,en,kaggle
ham,Ok anyway no need to change with what you said,en,kaggle
ham,U call me alter at 11 ok.,en,kaggle
ham,"Hi , where are you? We're at  and they're not keen to go out i kind of am but feel i shouldn't so can we go out tomo, don't mind do you?",en,kaggle
ham,Ambrith..madurai..met u in arun dha marrge..remembr?,en,kaggle
ham,I can make lasagna for you... vodka...,en,kaggle
ham,Hey what's up charles sorry about the late reply.,en,kaggle
ham,Thank u!,en,kaggle
spam,DGT: Aviso: su vehículo no pasa la ITV y puede ser inmovilizado. Regularice su situación.,es,synthetic_claude
ham,Thats cool. Where should i cum? On you or in you? :),en,kaggle
ham,I'm so in love with you. I'm excited each day i spend with you. You make me so happy.,en,kaggle
ham,How have your little darlings been so far this week? Need a coffee run tomo?Can't believe it's that time of week already Û_,en,kaggle
ham,Can you pls send me that company name. In saibaba colany,en,kaggle
ham,"Hey chief, can you give me a bell when you get this. Need to talk to you about this royal visit on the 1st june. ",en,kaggle
ham,Go fool dont cheat others ok,en,kaggle
ham,For my family happiness..,en,kaggle
spam,"Shop till u Drop, IS IT YOU, either 10K, 5K, å£500 Cash or å£100 Travel voucher, Call now, 09064011000. NTT PO Box CR01327BT fixedline Cost 150ppm mobile vary",en,kaggle
ham,"My painful personal thought- \I always try to keep everybody happy all the time. But nobody recognises me when i am alone\""""""""",en,kaggle
ham,"I'll text carlos and let you know, hang on",en,kaggle
ham,"Sorry that took so long, omw now",en,kaggle
ham,"Urgh, coach hot, smells of chip fat! Thanks again, especially for the duvet (not a predictive text word).",en,kaggle
spam,Zara: Sorteo exclusivo entre clientes: iPad Pro a sortear. Apúntese: https://zara-ipad.xyz,es,synthetic_claude
ham,I just cooked a rather nice salmon a la you,en,kaggle
ham,Hey check it da. I have listed da.,en,kaggle
ham,If india win or level series means this is record:),en,kaggle
ham,Actually I decided I was too hungry so I haven't left yet :V,en,kaggle
ham,Check mail.i have mailed varma and kept copy to you regarding membership.take care.insha allah.,en,kaggle
ham,I am back. Good journey! Let me know if you need any of the receipts. Shall i tell you like the pendent?,en,kaggle
ham,Today i'm not workin but not free oso... Gee... Thgt u workin at ur fren's shop ?,en,kaggle
ham,Aiyah then i wait lor. Then u entertain me. Hee...,en,kaggle
ham,Ok can...,en,kaggle
spam,MRW: Tercer intento de entrega fallido. Último aviso: https://mrw-urgente.xyz/ultimo-aviso,es,synthetic_claude
ham,"Well imma definitely need to restock before thanksgiving, I'll let you know when I'm out",en,kaggle
ham,"Get the door, I'm here",en,kaggle
ham,"Dear Hero,i am leaving to qatar tonite for an apt opportunity.pls do keep in touch at  &lt"";EMAIL&gt;"" ,kerala",en,kaggle
ham,Hey what are you doing. Y no reply pa..,en,kaggle
ham,Vueling: Recordatorio de vuelo VY1234 mañana a las 07:15. Facture online antes de las 24:00.,es,synthetic_claude
ham,When Ì_ login dat time... Dad fetching Ì_ home now?,en,kaggle
spam,Want the latest Video handset? 750 anytime any network mins? Half price line rental? Reply or call 08000930705 for delivery tomorrow,en,kaggle
ham,How many times i told in the stage all use to laugh. You not listen aha.,en,kaggle
ham,I'm on the bus. Love you,en,kaggle
spam,Moby Pub Quiz.Win a å£100 High Street prize if u know who the new Duchess of Cornwall will be? Txt her first name to 82277.unsub STOP å£1.50 008704050406 SP Arrow,en,kaggle
ham,"\SHIT BABE.. THASA BIT MESSED UP.YEH, SHE SHUDVETOLD U. DID URGRAN KNOW?NEWAY,"""" ILLSPEAK 2 U2MORO WEN IM NOT ASLEEP...\""""""""""""""""""""",en,kaggle
ham,"Whatever, juliana. Do whatever you want.",en,kaggle
ham,I'm done...,en,kaggle
ham,Shall i get my pouch?,en,kaggle
ham,"1) Go to write msg 2) Put on Dictionary mode 3)Cover the screen with hand, 4)Press  &lt"";#&gt;"" . 5)Gently remove Ur hand.. Its interesting..:)",en,kaggle
ham,Aviso: el comedor estará cerrado el lunes por obras. Habrá servicio de catering alternativo.,es,synthetic_claude
ham,On ma way to school. Can you pls send me ashley's number,en,kaggle
ham,Buenas noches mamá. Mañana te llamo.,es,synthetic_claude
ham,I know but you need to get hotel now. I just got my invitation but i had to apologise. Cali is to sweet for me to come to some english bloke's weddin,en,kaggle
ham,say thanks2.,en,kaggle
ham,I think it's all still in my car,en,kaggle
ham,And miss vday the parachute and double coins??? U must not know me very well...,en,kaggle
ham,Yo we are watching a movie on netflix,en,kaggle
ham,Kallis is ready for bat in 2nd innings,en,kaggle
ham,"&lt"";#&gt;"" , that's all? Guess that's easy enough",en,kaggle
ham,I think asking for a gym is the excuse for lazy people. I jog.,en,kaggle
ham,Sleeping nt feeling well,en,kaggle
ham,Yup i thk so until e shop closes lor.,en,kaggle
ham,¿Tienes el número del fontanero? Se me ha roto la llave del baño,es,synthetic_claude
ham,Are you the cutest girl in the world or what,en,kaggle
ham,Have you seen who's back at Holby?!,en,kaggle
ham,"Good morning, my Love ... I go to sleep now and wish you a great day full of feeling better and opportunity ... You are my last thought babe, I LOVE YOU *kiss*",en,kaggle
ham,happened here while you were adventuring,en,kaggle
ham,Nómina de marzo disponible en el portal del empleado desde hoy.,es,synthetic_claude
spam,Do you want 750 anytime any network mins 150 text and a NEW VIDEO phone for only five pounds per week call 08002888812 or reply for delivery tomorrow,en,kaggle
ham,"I think IÛ÷m waiting for the same bus! Inform me when you get there, if you ever get there.",en,kaggle
ham,If u sending her home first it's ok lor. I'm not ready yet.,en,kaggle
ham,I know a few people I can hit up and fuck to the yes,en,kaggle
ham,Reading gud habit.. Nan bari hudgi yorge pataistha ertini kano:-),en,kaggle
ham,I'm still pretty weak today .. Bad day ?,en,kaggle
ham,"Yep, at derek's house now, see you Sunday &lt"";""3",en,kaggle
ham,Yeah I can still give you a ride,en,kaggle
ham,"aight we can pick some up, you open before tonight?",en,kaggle
spam,PRIVATE! Your 2003 Account Statement for shows 800 un-redeemed S.I.M. points. Call 08715203685 Identifier Code:4xx26 Expires 13/10/04,en,kaggle
ham,"alright, I'll make sure the car is back tonight",en,kaggle
ham,Did u see what I posted on your Facebook?,en,kaggle
ham,"Llego tarde, unos 20 minutos. Pide tú mientras.",es,synthetic_claude
ham,Yes i thought so. Thanks.,en,kaggle
ham,Kothi print out marandratha.,en,kaggle
ham,Yes i have. So that's why u texted. Pshew...missing you so much,en,kaggle
spam,Empresa de marketing busca colaboradores. Desde casa. Sueldo fijo de 1.200€/mes más comisiones.,es,synthetic_claude
ham,Are you wet right now?,en,kaggle
ham,Dai i downloaded but there is only exe file which i can only run that exe after installing.,en,kaggle
ham,Don know..wait i will check it.,en,kaggle
ham,"Yar lor he wan 2 go c horse racing today mah, so eat earlier lor. I ate chicken rice. U?",en,kaggle
ham,"Sorry, was in the bathroom, sup",en,kaggle
ham,I always chat with you. In fact i need money can you raise me?,en,kaggle
ham,Ok I'm gonna head up to usf in like fifteen minutes,en,kaggle
ham,Thinkin about someone is all good. No drugs for that,en,kaggle
ham,ÌÏ called dad oredi...,en,kaggle
ham,I wan but too early lei... Me outside now wun b home so early... Neva mind then...,en,kaggle
spam,Hacienda: Detectamos discrepancias en su declaración de 2024. Contacte con nosotros al 901 33 55 33.,es,synthetic_claude
ham,El Ayuntamiento de Madrid informa: corte de agua en su calle el jueves de 8 a 14h.,es,synthetic_claude
ham,jay says he'll put in  &lt;#&gt,en,kaggle
spam,"Double Mins & 1000 txts on Orange tariffs. Latest Motorola, SonyEricsson & Nokia with Bluetooth FREE! Call MobileUpd8 on 08000839402 or call2optout/HF8",en,kaggle
ham,"GOD ASKED, \What is forgiveness?\"""" A little child gave lovely reply"","" \""""It is d wonderful fruit that a tree gives when it is being hurt by a stone.. Good night......""""",en,kaggle
ham,DGT: Su carnet de conducir renovado está disponible para recoger en la Jefatura de Tráfico.,es,synthetic_claude
spam,"Bears Pic Nick, and Tom, Pete and ... Dick. In fact, all types try gay chat with photo upload call 08718730666 (10p/min). 2 stop texts call 08712460324",en,kaggle
ham,Haha mayb u're rite... U know me well. Da feeling of being liked by someone is gd lor. U faster go find one then all gals in our group attached liao.,en,kaggle
ham,Good Morning my Dear Shijutta........... Have a great &amp; successful day.,en,kaggle
ham,"Don't worry though, I understand how important it is that I be put in my place with a poorly thought out punishment in the face of the worst thing that has ever happened to me. Brb gonna go kill myself",en,kaggle
spam,PRIVATE! Your 2003 Account Statement for 07808 XXXXXX shows 800 un-redeemed S. I. M. points. Call 08719899217 Identifier Code: 41685 Expires 07/11/04,en,kaggle
ham,"Don't worry, * is easy once have ingredients!",en,kaggle
ham,Oh:)as usual vijay film or its different?,en,kaggle
ham,Not a lot has happened here. Feels very quiet. Beth is at her aunts and charlie is working lots. Just me and helen in at the mo. How have you been?,en,kaggle
ham,Then she buying today? ÌÏ no need to c meh...,en,kaggle
ham,"A famous quote : when you develop the ability to listen to 'anything' unconditionally without losing your temper or self confidence, it means you are ......... 'MARRIED'",en,kaggle
ham,Been up to ne thing interesting. Did you have a good birthday? When are u wrking nxt? I started uni today.,en,kaggle
ham,¿Tienes clase mañana o puedes quedar a las 5?,es,synthetic_claude
ham,You best watch what you say cause I get drunk as a motherfucker,en,kaggle
spam,Empresa multinacional busca comerciales. Comisiones del 30%. Formación incluida. Empieza ya.,es,synthetic_claude
ham,You dont know you jabo me abi.,en,kaggle
ham,Yes..gauti and sehwag out of odi series.,en,kaggle
ham,I'm always looking for an excuse to be in the city.,en,kaggle
spam,"URGENT! Your mobile No 07xxxxxxxxx won a å£2,000 bonus caller prize on 02/06/03! this is the 2nd attempt to reach YOU! call 09066362231 ASAP! BOX97N7QP, 150PPM",en,kaggle
ham,Excellent! Are you ready to moan and scream in ecstasy?,en,kaggle
ham,Wif my family booking tour package.,en,kaggle
ham,Registro Civil: Su certificado de nacimiento está listo para recoger. Traiga su DNI.,es,synthetic_claude
ham,Also remember the beads don't come off. Ever.,en,kaggle
ham,"Alright if you're sure, let me know when you're leaving",en,kaggle
ham,X course it 2yrs. Just so her messages on messenger lik you r sending me,en,kaggle
ham,Jordan got voted out last nite!,en,kaggle
ham,Convey my regards to him,en,kaggle
spam,"SEUR: Paquete retenido. Tasas aduaneras pendientes de 4,99€: https://seur-aduana.top/liquidar",es,synthetic_claude
ham,", im .. On the snowboarding trip. I was wondering if your planning to get everyone together befor we go..a meet and greet kind of affair? Cheers, ",en,kaggle
ham,Ok. C u then.,en,kaggle
ham,I think if he rule tamilnadu..then its very tough for our people.,en,kaggle
ham,No way I'm going back there!,en,kaggle
ham,"Good morning, my boytoy! How's those yummy lips ? Where's my sexy buns now ? What do you do ? Do you think of me ? Do you crave me ? Do you need me ?",en,kaggle
ham,"Ya, i'm referin to mei's ex wat... No ah, waitin 4 u to treat, somebody shld b rich liao...So gd, den u dun have to work frm tmr onwards...",en,kaggle
ham,I am in escape theatre now. . Going to watch KAVALAN in a few minutes,en,kaggle
ham,No we sell it all so we'll have tons if coins. Then sell our coins to someone thru paypal. Voila! Money back in life pockets:),en,kaggle
ham,You tell what happen dont behave like this to me. Ok no need to say,en,kaggle
ham,Ha ha - had popped down to the loo when you hello-ed me. Hello!,en,kaggle
ham,Wrong phone! This phone! I answer this one but assume the other is people i don't well,en,kaggle
ham,Moji i love you more than words. Have a rich day,en,kaggle
spam,"Thanks for your ringtone order, ref number R836. Your mobile will be charged å£4.50. Should your tone not arrive please call customer services on 09065069154",en,kaggle
ham,"Same, I'm at my great aunts anniversary party in tarpon springs",en,kaggle
ham,"Spotify Premium: Cargo de 9,99€ procesado para el periodo 15/03-15/04.",es,synthetic_claude
ham,Is there any movie theatre i can go to and watch unlimited movies and just pay once?,en,kaggle
spam,We tried to call you re your reply to our sms for a video mobile 750 mins UNLIMITED TEXT free camcorder Reply or call now 08000930705 Del Thurs,en,kaggle
ham,In the end she might still vomit but its okay. Not everything will come out.,en,kaggle
ham,Jason says it's cool if we pick some up from his place in like an hour,en,kaggle
ham,Hi babe its me thanks for coming even though it didnt go that well!i just wanted my bed! Hope to see you soon love and kisses xxx,en,kaggle
spam,"Will u meet ur dream partner soon? Is ur career off 2 a flyng start? 2 find out free, txt HORO followed by ur star sign, e. g. HORO ARIES",en,kaggle
ham,Just buy a pizza. Meat lovers or supreme. U get to pick.,en,kaggle
ham,"Goodmorning, today i am late for 1hr.",en,kaggle
spam,Free 1st week entry 2 TEXTPOD 4 a chance 2 win 40GB iPod or å£250 cash every wk. Txt VPOD to 81303 Ts&Cs www.textpod.net custcare 08712405020.,en,kaggle
spam,"Congrats! 2 mobile 3G Videophones R yours. call 09061744553 now! videochat wid ur mates, play java games, Dload polyH music, noline rentl. bx420. ip4. 5we. 150pm"""",,,""",en,kaggle
ham,"Total disappointment, when I texted you was the craziest shit got :(",en,kaggle
ham,Actually getting ready to leave the house.,en,kaggle
ham,And popping &lt;#&gt; ibuprofens was no help.,en,kaggle
ham,meet you in corporation st outside gap Û_ you can see how my mind is working!,en,kaggle
ham,Aiyar sorry lor forgot 2 tell u...,en,kaggle
ham,Hey tmr maybe can meet you at yck,en,kaggle
ham,"Well the weather in cali's great. But its complexities are great. You need a car to move freely, its taxes are outrageous. But all in all its a great place. The sad part is i missing home.",en,kaggle
ham,Yo you around? A friend of mine's lookin to pick up later tonight,en,kaggle
ham,"Sorry da thangam, very very sorry i am held up with prasad.",en,kaggle
ham,"Dear, take care. I am just reaching home.love u a lot.",en,kaggle
ham,Of course ! Don't tease me ... You know I simply must see ! *grins* ... Do keep me posted my prey ... *loving smile* *devouring kiss*,en,kaggle
ham,Everybody had fun this evening. Miss you.,en,kaggle
ham,Huh but i got lesson at 4 lei n i was thinkin of going to sch earlier n i tot of parkin at kent vale...,en,kaggle
ham,Yes I posted a couple of pics on fb. There's still snow outside too. I'm just waking up :),en,kaggle
ham,"naughty little thought: 'its better to flirt, flirt n flirt, rather than loving someone n gettin hurt, hurt n hurt...:-) Gud nyt",en,kaggle
spam,Get your garden ready for summer with a FREE selection of summer bulbs and seeds worth å£33:50 only with The Scotsman this Saturday. To stop go2 notxt.co.uk,en,kaggle
ham,"Just checked out, heading out to drop off my stuff now",en,kaggle
spam,"\For the most sparkling shopping breaks from 45 per person"";"" call 0121 2025050 or visit www.shortbreaks.org.uk\""""""""",en,kaggle
ham,IMSERSO: Sus vacaciones en programa turismo social han sido confirmadas. Salida el 15/04.,es,synthetic_claude
ham,"Hi the way I was with u 2day, is the normal way&this is the real me. UR unique&I hope I know u 4 the rest of mylife. Hope u find wot was lost.",en,kaggle
ham,"You might want to pull out more just in case and just plan on not spending it if you can, I don't have much confidence in derek and taylor's money management",en,kaggle
ham,"I hav almost reached. Call, i m unable to connect u.",en,kaggle
ham,Have you heard from this week?,en,kaggle
ham,"Good FRIENDS CaRE for each Other.. CLoSE Friends UNDERSTaND each Other... and TRUE Friends STaY forever beyond words, beyond time. Gud ni8",en,kaggle
spam,"Text82228>> Get more ringtones, logos and games from www.txt82228.com. Questions: info@txt82228.co.uk",en,kaggle
ham,No..few hours before.went to hair cut .,en,kaggle
ham,"No my blankets are sufficient, thx",en,kaggle
spam,FREE for 1st week! No1 Nokia tone 4 ur mob every week just txt NOKIA to 87077 Get txting and tell ur mates. zed POBox 36504 W45WQ norm150p/tone 16+,en,kaggle
ham,No break time one... How... I come out n get my stuff fr Ì_?,en,kaggle
ham,Wat r u doing now?,en,kaggle
ham,Are you driving or training?,en,kaggle
ham,How is your schedule next week? I am out of town this weekend.,en,kaggle
spam,"If you don't, your prize will go to another customer. T&C at www.t-c.biz 18+ 150p/min Polo Ltd Suite 373 London W1J 6HL Please call back if busy",en,kaggle
spam,Please call Amanda with regard to renewing or upgrading your current T-Mobile handset free of charge. Offer ends today. Tel 0845 021 3680 subject to T's and C's,en,kaggle
ham,Hmmm.still we dont have opener?,en,kaggle
ham,You are right though. I can't give you the space you want and need. This is really starting to become an issue. I was going to suggest setting a definite move out--if i'm still there-- after greece. But maybe you are ready and should do it now.,en,kaggle
ham,Misplaced your number and was sending texts to your old number. Wondering why i've not heard from you this year. All the best in your mcat. Got this number from my atlanta friends,en,kaggle
spam,El Corte Inglés: Ha sido elegido para recibir un cheque regalo de 200€: https://elcorteingles-regalo.xyz,es,synthetic_claude
ham,Ugh its been a long day. I'm exhausted. Just want to cuddle up and take a nap,en,kaggle
ham,I lost 4 pounds since my doc visit last week woot woot! Now I'm gonna celebrate by stuffing my face!,en,kaggle
ham,Y de asking like this.,en,kaggle
spam,Thanks for the Vote. Now sing along with the stars with Karaoke on your mobile. For a FREE link just reply with SING now.,en,kaggle
spam,LIDL España: Enhorabuena. Su número 7732 ha ganado el sorteo semanal. Contacte al 900 333 444.,es,synthetic_claude
ham,Hello. They are going to the village pub at 8 so either come here or there accordingly. Ok?,en,kaggle
ham,LOL ... Have you made plans for new years?,en,kaggle
ham,Renfe Cercanías: Su abono mensual ha sido renovado automáticamente. Saldo disponible.,es,synthetic_claude
ham,Where are you call me.,en,kaggle
ham,Tu solicitud de vacaciones del 1-15 de agosto ha sido aprobada.,es,synthetic_claude
spam,Congratulations U can claim 2 VIP row A Tickets 2 C Blu in concert in November or Blu gift guaranteed Call 09061104276 to claim TS&Cs www.smsco.net costå£3.75max,en,kaggle
ham,He fucking chickened out. He messaged me he would be late and woould buzz me and then I didn't hear a word from him,en,kaggle
ham,Oh ok no prob..,en,kaggle
ham,"Chinatown got porridge, claypot rice, yam cake, fishhead beehoon... Either we eat cheap den go cafe n tok or go nydc or somethin...",en,kaggle
ham,U wake up already? Thanx 4 e tau sar piah it's quite nice.,en,kaggle
ham,"A bit of Ur smile is my hppnss, a drop of Ur tear is my sorrow, a part of Ur heart is my life, a heart like mine wil care for U, forevr as my GOODFRIEND",en,kaggle
ham,Just curious because my cuz asked what I was up to,en,kaggle
ham,"I'm in solihull, | do you want anything?",en,kaggle
ham,"awesome, how do I deal with the gate? Charles told me last night but, uh, yeah",en,kaggle
ham,What year. And how many miles.,en,kaggle
ham,That's the way you should stay oh.,en,kaggle
ham,Jay's getting really impatient and belligerent,en,kaggle
ham,i cant talk to you now.i will call when i can.dont keep calling.,en,kaggle
ham,So Ì_ pay first lar... Then when is da stock comin...,en,kaggle
ham,Then. You are eldest know.,en,kaggle
ham,I was at bugis juz now wat... But now i'm walking home oredi... ÌÏ so late then reply... I oso saw a top dat i like but din buy... Where r Ì_ now?,en,kaggle
ham,R u still working now?,en,kaggle
ham,Merry christmas to u too annie!,en,kaggle
ham,But my family not responding for anything. Now am in room not went to home for diwali but no one called me and why not coming. It makes me feel like died.,en,kaggle
ham,Auntie huai juan never pick up her phone,en,kaggle
ham,ILL B DOWN SOON,en,kaggle
ham,Lol well don't do it without me. We could have a big sale together.,en,kaggle
ham,Apps class varaya elaya.,en,kaggle
ham,Where did u go? My phone is gonna die you have to stay in here,en,kaggle
ham,Meeting u is my work. . . Tel me when shall i do my work tomorrow,en,kaggle
ham,Yes I started to send requests to make it but pain came back so I'm back in bed. Double coins at the factory too. I gotta cash in all my nitros.,en,kaggle
ham,Don't look back at the building because you have no coat and i don't want you to get more sick. Just hurry home and wear a coat to the gym!!!,en,kaggle
spam,"Free Msg: get Gnarls Barkleys \Crazy\"""" ringtone TOTALLY FREE just reply GO to this message right now!""""",en,kaggle
spam,FedEx: Paquete retenido esperando verificación de destinatario. Acceda: https://fedex-verify.net/confirmar,es,synthetic_claude
ham,Ok. I asked for money how far,en,kaggle
ham,Mm have some kanji dont eat anything heavy ok,en,kaggle
spam,"UpgrdCentre Orange customer, you may now claim your FREE CAMERA PHONE upgrade for your loyalty. Call now on 0207 153 9153. Offer ends 26th July. T&C's apply. Opt-out available",en,kaggle
ham,K:)k:)good:)study well.,en,kaggle
ham,My superior telling that friday is leave for all other department except ours:)so it will be leave for you:)any way call waheed fathima hr and conform it:),en,kaggle
spam,important information 4 orange user . today is your lucky day!2find out why log onto http://www.urawinner.com THERE'S A FANTASTIC SURPRISE AWAITING YOU!,en,kaggle
ham,In which place i can get rooms cheap:-),en,kaggle
ham,Why must we sit around and wait for summer days to celebrate. Such a magical sight when the worlds dressed in white. Oooooh let there be snow.,en,kaggle
ham,Yup i'm elaborating on the safety aspects and some other issues..,en,kaggle
ham,Alright. I'm out--have a good night!,en,kaggle
spam,Text & meet someone sexy today. U can find a date or even flirt its up to U. Join 4 just 10p. REPLY with NAME & AGE eg Sam 25. 18 -msg recd@thirtyeight pence,en,kaggle
spam,You have an important customer service announcement. Call FREEPHONE 0800 542 0825 now!,en,kaggle
ham,"\What are youdoing later? Sar xxx\""""""""",en,kaggle
ham,I am getting threats from your sales executive Shifad as i raised complaint against him. Its an official message.,en,kaggle
spam,CDs 4u: Congratulations ur awarded å£500 of CD gift vouchers or å£125 gift guaranteed & Freeentry 2 å£100 wkly draw xt MUSIC to 87066 TnCs www.ldew.com1win150ppmx3age16,en,kaggle
ham,I reach home safe n sound liao...,en,kaggle
ham,Sorry me going home first... Daddy come fetch Ì_ later...,en,kaggle
ham,Tu entrevista de trabajo está confirmada para el miércoles a las 11:00 en nuestras oficinas.,es,synthetic_claude
ham,"Hi, wkend ok but journey terrible. Wk not good as have huge back log of marking to do",en,kaggle
spam,Apple ID: Detectamos inicio de sesión inusual en su Apple ID. Verifique: https://appleid-verificar.top,es,synthetic_claude
spam,Don't b floppy... b snappy & happy! Only gay chat service with photo upload call 08718730666 (10p/min). 2 stop our texts call 08712460324,en,kaggle
spam,BBVA: Su contrato bancario debe ser renovado. Acuda a su sucursal o llame al 900 102 801.,es,synthetic_claude
ham,All day working day:)except saturday and sunday..,en,kaggle
spam,Amazon: No podemos entregar su pedido. Actualice su dirección respondiendo a este SMS.,es,synthetic_claude
ham,Cps is causing the outages to conserve energy.,en,kaggle
ham,That means get the door,en,kaggle
ham,"She is our sister.. She belongs 2 our family.. She is d hope of tomorrow.. Pray 4 her,who was fated 4 d Shoranur train incident. Lets hold our hands together &amp""; fuelled by love &amp; concern prior 2 her grief &amp; pain. Pls join in dis chain &amp;"" pass it. STOP VIOLENCE AGAINST WOMEN.",en,kaggle
spam,Apple: Alguien intenta acceder a su Apple ID. Compruebe su email y cambie su contraseña ahora.,es,synthetic_claude
ham,THANX 4 PUTTIN DA FONE DOWN ON ME!!,en,kaggle
ham,She told to hr that he want posting in chennai:)because i'm working here:),en,kaggle
ham,i want to grasp your pretty booty :),en,kaggle
ham,"Ya he puesto la lavadora con tu ropa, la cuelgo yo.",es,synthetic_claude
ham,¿A qué hora quedamos el jueves con los de la uni?,es,synthetic_claude
ham,Have you finished work yet? :),en,kaggle
ham,"I love you !!! You know? Can you feel it? Does it make your belly warm? I wish it does, my love ... I shall meet you in your dreams, Ahmad ... *adoring kiss*",en,kaggle
ham,Ya that one is slow as poo,en,kaggle
ham,Squeeeeeze!! This is christmas hug.. If u lik my frndshp den hug me back.. If u get 3 u r cute:) 6 u r luvd:* 9 u r so lucky;) None? People hate u:,en,kaggle
ham,Feel Yourself That You Are Always Happy.. Slowly It Becomes Your Habit &amp; Finally It Becomes Part Of Your Life.. Follow It.. Happy Morning &amp; Have A Happy Day:),en,kaggle
ham,S....s...india going to draw the series after many years in south african soil..,en,kaggle
ham,Prepare to be pleasured :),en,kaggle
ham,Were trying to find a Chinese food place around here,en,kaggle
ham,S:)but he had some luck.2 catches put down:),en,kaggle
ham,"Aight, lemme know what's up",en,kaggle
ham,I wont. So wat's wit the guys,en,kaggle
spam,Sabadell: Alerta crítica de seguridad en su banca online. Llame al 900 500 259 antes de las 18:00.,es,synthetic_claude
ham,Then cant get da laptop? My matric card wif Ì_ lei...,en,kaggle
ham,Dear reached railway. What happen to you,en,kaggle
ham,Nan sonathaya soladha. Why boss?,en,kaggle
ham,"Hey... Thk we juz go accordin to wat we discussed yest lor, except no kb on sun... Cos there's nt much lesson to go if we attend kb on sat...",en,kaggle
ham,", how's things? Just a quick question.",en,kaggle
ham,BBVA: Confirmación de transferencia de 250€ a Juan García realizada con éxito.,es,synthetic_claude
ham,This pain couldn't have come at a worse time.,en,kaggle
ham,Beerage?,en,kaggle
ham,Were gonna go get some tacos,en,kaggle
ham,Now project pa. After that only i can come.,en,kaggle
spam,You have 1 new message. Please call 08712400200.,en,kaggle
ham,Am slow in using biola's fne,en,kaggle
ham,I'm vivek:)i got call from your number.,en,kaggle
ham,YO YO YO BYATCH WHASSUP?,en,kaggle
ham,Usually the body takes care of it buy making sure it doesnt progress. Can we pls continue this talk on saturday.,en,kaggle
ham,Do you hide anythiing or keeping distance from me,en,kaggle
ham,"fyi I'm at usf now, swing by the room whenever",en,kaggle
spam,Want a new Video Phone? 750 anytime any network mins? Half price line rental free text for 3 months? Reply or call 08000930705 for free delivery,en,kaggle
ham,Oops sorry. Just to check that you don't mind picking me up tomo at half eight from station. Would that be ok?,en,kaggle
ham,I'm gonna say no. Sorry. I would but as normal am starting to panic about time. Sorry again! Are you seeing on Tuesday?,en,kaggle
ham,"Not much, just some textin'. How bout you?",en,kaggle
ham,I wanna watch that movie,en,kaggle
ham,"Cool, text me when you're ready",en,kaggle
ham,"Playin space poker, u?",en,kaggle
ham,Hmm...my uncle just informed me that he's paying the school directly. So pls buy food.,en,kaggle
ham,Well there's not a lot of things happening in Lindsay on New years *sighs* Some bars in Ptbo and the blue heron has something going,en,kaggle
ham,Tired. I haven't slept well the past few nights.,en,kaggle
ham,OK i'm waliking ard now... Do u wan me 2 buy anything go ur house?,en,kaggle
ham,"Haha yeah, 2 oz is kind of a shitload",en,kaggle
ham,Thnx dude. u guys out 2nite?,en,kaggle
ham,Cbe is really good nowadays:)lot of shop and showrooms:)city is shaping good.,en,kaggle
ham,You also didnt get na hi hi hi hi hi,en,kaggle
spam,PRIVATE! Your 2003 Account Statement for shows 800 un-redeemed S.I.M. points. Call 08718738001 Identifier Code: 49557 Expires 26/11/04,en,kaggle
ham,Hui xin is in da lib.,en,kaggle
ham,Armand says get your ass over to epsilon,en,kaggle
ham,Yunny i'm walking in citylink now Ì_ faster come down... Me very hungry...,en,kaggle
spam,Amazon España: Usted es nuestro cliente del mes. Premio de 500€. Contacte al 900 400 500.,es,synthetic_claude
ham,Hmmm.but you should give it on one day..,en,kaggle
ham,Orh i tot u say she now still dun believe.,en,kaggle
ham,"Hello! Just got here, st andrews-boy its a long way! Its cold. I will keep you posted",en,kaggle
ham,"I do know what u mean,  is the king of not havin credit! I'm goin2bed now. Night night sweet! Only1more sleep! ",en,kaggle
ham,"Whats that coming over the hill..... Is it a monster! Hope you have a great day. Things r going fine here, busy though! ",en,kaggle
ham,When did dad get back.,en,kaggle
ham,Huh means computational science... Y they like dat one push here n there...,en,kaggle
ham,¿Puedes comprar pan de camino a casa? Es que se me olvidó.,es,synthetic_claude
ham,"Hello, As per request from  &lt"";#&gt;""  Rs.5 has been transfered to you",en,kaggle
spam,Call Germany for only 1 pence per minute! Call from a fixed line via access number 0844 861 85 85. No prepayment. Direct access! www.telediscount.co.uk,en,kaggle
ham,Purity of friendship between two is not about smiling after reading the forwarded message..Its about smiling just by seeing the name. Gud evng,en,kaggle
ham,Haf u eaten? Wat time u wan me 2 come?,en,kaggle
ham,I dont want to hear anything,en,kaggle
spam,Am new 2 club & dont fink we met yet Will B gr8 2 C U Please leave msg 2day wiv ur area 09099726553 reply promised CARLIE x Callså£1/minMobsmore LKPOBOX177HP51FL,en,kaggle
ham,Oh sorry please its over,en,kaggle
ham,Hey what how about your project. Started aha da.,en,kaggle
ham,"idc get over here, you are not weaseling your way out of this shit twice in a row",en,kaggle
ham,But if she.s drinkin i'm ok.,en,kaggle
spam,DHL: Paquete retenido en aduana. Para proceder con el despacho llame al 902 122 424.,es,synthetic_claude
spam,"Auction round 4. The highest bid is now å£54. Next maximum bid is å£71. To bid, send BIDS e. g. 10 (to bid å£10) to 83383. Good luck.",en,kaggle
spam,Microsoft: Su suscripción a Office 365 ha vencido. Renuévela en account.microsoft.com.,es,synthetic_claude
ham,"Aight, see you in a bit",en,kaggle
spam,ING: Hemos detectado cambios en su perfil no autorizados. Verifique llamando al 900 100 464 ahora.,es,synthetic_claude
ham,So wats ur opinion abt him and how abt is character?,en,kaggle
ham,"\Hello-/@drivby-:0quit edrunk sorry iff pthis makes no senrd-dnot no how ^ dancce 2 drum n basq!ihave fun 2nhite x ros xxxxxxx\""""""""",en,kaggle
ham,Well. Balls. Time to make calls,en,kaggle
ham,The message sent is askin for  &lt;#&gt; dollars. Shoul i pay  &lt;#&gt;  or  &lt;#&gt; ?,en,kaggle
ham,Nah dub but je still buff,en,kaggle
ham,Just do what ever is easier for you,en,kaggle
ham,Well i know Z will take care of me. So no worries.,en,kaggle
ham,I got a call from a landline number. . . I am asked to come to anna nagar . . . I will go in the afternoon,en,kaggle
ham,Dear we are going to our rubber place,en,kaggle
ham,"Jay wants to work out first, how's 4 sound?",en,kaggle
ham,Ummma.will call after check in.our life will begin from qatar so pls pray very hard.,en,kaggle
ham,Yup he msg me: is tat yijue? Then i tot it's my group mate cos we meeting today mah... I'm askin if Ì_ leaving earlier or wat mah cos mayb Ì_ haf to walk v far...,en,kaggle
ham,It means u could not keep ur words.,en,kaggle
spam,From next month get upto 50% More Calls 4 Ur standard network charge 2 activate Call 9061100010 C Wire3.net 1st4Terms PoBox84 M26 3UZ Cost å£1.50 min MobcudB more,en,kaggle
ham,Hello! Good week? Fancy a drink or something later?,en,kaggle
spam,SEUR: Su pedido de El Corte Inglés está en tránsito. Recibirá confirmación de entrega mañana.,es,synthetic_claude
ham,I was about to do it when i texted. I finished a long time ago and showered and er'ything!,en,kaggle
ham,S:-)kallis wont play in first two odi:-),en,kaggle
ham,For real when u getting on yo? I only need 2 more tickets and one more jacket and I'm done. I already used all my multis.,en,kaggle
ham,Yeah confirmed for you staying at  that weekend,en,kaggle
ham,"MOON has come to color your dreams, STARS to make them musical and my SMS to give you warm and Peaceful Sleep. Good Night",en,kaggle
ham,K.k:)when are you going?,en,kaggle
ham,Yup bathe liao...,en,kaggle
ham,"Esta tarde voy al gimnasio, ¿te apuntas?",es,synthetic_claude
ham,COME BACK TO TAMPA FFFFUUUUUUU,en,kaggle
spam,Su seguro Adeslas incluye ahora cobertura COVID ampliada. Confirme sus datos llamando al 900 111 222.,es,synthetic_claude
ham,Do you still have the grinder?,en,kaggle
ham,"\CHEERS FOR CALLIN BABE.SOZI CULDNT TALKBUT I WANNATELL U DETAILS LATER WENWECAN CHAT PROPERLY X\""""""""",en,kaggle
ham,Haha... They cant what... At the most tmr forfeit... haha so how?,en,kaggle
ham,Haha... dont be angry with yourself... Take it as a practice for the real thing. =),en,kaggle
ham,CERI U REBEL! SWEET DREAMZ ME LITTLE BUDDY!! C YA 2MORO! WHO NEEDS BLOKES,en,kaggle
spam,Talk sexy!! Make new friends or fall in love in the worlds most discreet text dating service. Just text VIP to 83110 and see who you could meet.,en,kaggle
spam,"You've won tkts to the EURO2004 CUP FINAL or å£800 CASH, to collect CALL 09058099801 b4190604, POBOX 7876150ppm",en,kaggle
ham,Does not operate after  &lt;#&gt;  or what,en,kaggle
ham,So i'm doing a list of buyers.,en,kaggle
spam,Back 2 work 2morro half term over! Can U C me 2nite 4 some sexy passion B4 I have 2 go back? Chat NOW 09099726481 Luv DENA Calls å£1/minMobsmoreLKPOBOX177HP51FL,en,kaggle
ham,CaixaBank: OTP para confirmar pago: 384729. No lo compartas. Válido 2 minutos.,es,synthetic_claude
spam,"Sabadell: Nuevo beneficiario añadido a su cuenta. Si no lo autorizó, llame al 900 500 259 ya.",es,synthetic_claude
spam,GLS: Su paquete está en la oficina más cercana. Recójalo con DNI antes del viernes.,es,synthetic_claude
ham,U should have made an appointment,en,kaggle
ham,¿Cómo te fue la entrevista? Cuéntame,es,synthetic_claude
ham,Ok not a problem will get them a taxi. C ing  tomorrow and tuesday. On tuesday think we r all going to the cinema.,en,kaggle
spam,"5 Free Top Polyphonic Tones call 087018728737, National Rate. Get a toppoly tune sent every week, just text SUBPOLY to 81618, å£3 per pole. UnSub 08718727870.",en,kaggle
ham,I wish u were here. I feel so alone,en,kaggle
ham,"Night sweet, sleep well! I've just been to see The Exorcism of Emily Rose and may never sleep again! Hugs and snogs! ",en,kaggle
ham,Argh why the fuck is nobody in town ;_,en,kaggle
spam,* FREE* POLYPHONIC RINGTONE Text SUPER to 87131 to get your FREE POLY TONE of the week now! 16 SN PoBox202 NR31 7ZS subscription 450pw,en,kaggle
ham,Oooh I got plenty of those!,en,kaggle
ham,"Oh... Haha... Den we shld had went today too... Gee, nvm la... Kaiez, i dun mind goin jazz oso... Scared hiphop open cant catch up... ",en,kaggle
ham,Have a nice day my dear.,en,kaggle
ham,get ready to moan and scream :),en,kaggle
ham,Send this to ur friends and receive something about ur voice..... How is my speaking expression? 1.childish 2.naughty 3.Sentiment 4.rowdy 5.ful of attitude 6.romantic 7.shy 8.Attractive 9.funny  &lt;#&gt; .irritating  &lt;#&gt; .lovable. reply me..,en,kaggle
ham,Morning only i can ok.,en,kaggle
ham,Right it wasnt you who phoned it was someone with a number like yours!,en,kaggle
spam,Movistar+: Contenido premium desbloqueado temporalmente. Active la oferta: https://movistarplus-oferta.xyz,es,synthetic_claude
ham,Every day i use to sleep after  &lt;#&gt;  so only.,en,kaggle
ham,Umma my life and vava umma love you lot dear,en,kaggle
ham,Super msg da:)nalla timing.,en,kaggle
spam,DHL: Su envío está retenido en aduana. Pague las tasas para liberarlo: https://dhl-aduana.net/pago,es,synthetic_claude
ham,Went to pay rent. So i had to go to the bank to authorise the payment.,en,kaggle
ham,Its hard to believe things like this. All can say lie but think twice before saying anything to me.,en,kaggle
ham,You are a big chic. Common. Declare,en,kaggle
spam,"You are being contacted by our dating service by someone you know! To find out who it is, call from a land line 09050000878. PoBox45W2TG150P",en,kaggle
spam,Bought one ringtone and now getting texts costing 3 pound offering more tones etc,en,kaggle
ham,Not able to do anything.,en,kaggle
ham,How. Its a little difficult but its a simple way to enter this place,en,kaggle
ham,Ok. There may be a free gym about.,en,kaggle
ham,Hola. ¿Puedes llamarme cuando puedas? Gracias,es,synthetic_claude
ham,Then Ì_ come n pick me at 530 ar?,en,kaggle
spam,Farmacia 24h: Viagra genérica sin receta. Discreción total. Entrega a domicilio en 24h.,es,synthetic_claude
ham,Hi.:)technical support.providing assistance to us customer through call and email:),en,kaggle
ham,Lol. Well quality aint bad at all so i aint complaining,en,kaggle
ham,Se ha roto la impresora del trabajo y tengo que imprimir algo urgente.,es,synthetic_claude
spam,Santa calling! Would your little ones like a call from Santa Xmas Eve? Call 09077818151 to book you time. Calls1.50ppm last 3mins 30s T&C www.santacalling.com,en,kaggle
ham,ok. I am a gentleman and will treat you with dignity and respect.,en,kaggle
ham,U havenåÕt lost me ill always b here 4u.i didnåÕt intend 2 hurt u but I never knew how u felt about me when Iwas+marine&thatåÕs what itried2tell urmom.i careabout u,en,kaggle
ham,"Hello, my love ! How went your day ? Are you alright ? I think of you, my sweet and send a jolt to your heart to remind you ... I LOVE YOU! Can you hear it ? I screamed it across the sea for all the world to hear. Ahmad al Hallaq is loved ! and owned ! *possessive passionate kiss*",en,kaggle
ham,Dude avatar 3d was imp. At one point i thought there were actually flies in the room and almost tried hittng one as a reflex,en,kaggle
ham,What is important is that you prevent dehydration by giving her enough fluids,en,kaggle
ham,I donno if they are scorable,en,kaggle
spam,WhatsApp: Su cuenta será desactivada. Verifique su número: https://whatsapp-verify.net/activar,es,synthetic_claude
ham,Nope... Think i will go for it on monday... Sorry i replied so late,en,kaggle
ham,"Thanx. Yup we coming back on sun. Finish dinner going back 2 hotel now. Time flies, we're tog 4 exactly a mth today. Hope we'll haf many more mths to come...",en,kaggle
ham,Ok i am on the way to railway,en,kaggle
ham,Well there's a pattern emerging of my friends telling me to drive up and come smoke with them and then telling me that I'm a weed fiend/make them smoke too much/impede their doing other things so you see how I'm hesitant,en,kaggle
spam,Correos: Aviso de paquete retenido. Necesitamos que acuda a la oficina con su DNI.,es,synthetic_claude
ham,What time you coming down later?,en,kaggle
ham,Anything lor but toa payoh got place 2 walk meh...,en,kaggle
spam,Su médico de cabecera ha cancelado su cita. Para reagendarla llame urgente al 900 300 400.,es,synthetic_claude
spam,"Someone U know has asked our dating service 2 contact you! Cant guess who? CALL 09058095107 NOW all will be revealed. POBox 7, S3XY 150p ",en,kaggle
ham,So li hai... Me bored now da lecturer repeating last weeks stuff waste time...,en,kaggle
ham,"They said if its gonna snow, it will start around 8 or 9 pm tonite! They are predicting an inch of accumulation.",en,kaggle
ham,Agencia Española de Medicamentos: Retirada preventiva del lote X4892 de ibuprofeno 600mg.,es,synthetic_claude
ham,"I can't keep going through this. It was never my intention to run you out, but if you choose to do that rather than keep the room clean so *I* don't have to say no to visitors, then maybe that's the best choice. Yes, I wanted you to be embarassed, so maybe you'd feel for once how I feel when i have a friend who wants to drop buy and i have to say no, as happened this morning. I've tried everything. I don't know what else to do.",en,kaggle
spam,SplashMobile: Choose from 1000s of gr8 tones each wk! This is a subscrition service with weekly tones costing 300p. U have one credit - kick back and ENJOY,en,kaggle
ham,In da car park,en,kaggle
spam,You are a winner you have been specially selected to receive å£1000 cash or a å£2000 award. Speak to a live operator to claim call 087123002209am-7pm. Cost 10p,en,kaggle
ham,Probably money worries. Things are coming due and i have several outstanding invoices for work i did two and three months ago.,en,kaggle
ham,Looks like u wil b getting a headstart im leaving here bout 2.30ish but if u r desperate for my company I could head in earlier-we were goin to meet in rummer.,en,kaggle
ham,Lol grr my mom is taking forever with my prescription. Pharmacy is like 2 minutes away. Ugh.,en,kaggle
ham,I'm e person who's doing e sms survey...,en,kaggle
ham,Can you use foreign stamps for whatever you send them off for?,en,kaggle
ham,ÌÏ no home work to do meh...,en,kaggle
ham,"Frnd s not juz a word.....not merely a relationship.....its a silent promise which says ... \ I will be with YOU \"""" Wherevr.. Whenevr.. Forevr... Gudnyt dear..""""",en,kaggle
ham,Do well :)all will for little time. Thing of good times ahead:,en,kaggle
ham,Hello. Damn this christmas thing. I think i have decided to keep this mp3 that doesnt work.,en,kaggle
ham,Okay. I've seen it. So i should pick it on friday?,en,kaggle
ham,Yup song bro. No creative. Neva test quality. He said check review online.,en,kaggle
spam,Do you want a new video handset? 750 anytime any network mins? Half Price Line Rental? Camcorder? Reply or call 08000930705 for delivery tomorrow,en,kaggle
ham,Thanks for being there for me just to talk to on saturday. You are very dear to me. I cherish having you as a brother and role model.,en,kaggle
spam,"As a SIM subscriber, you are selected to receive a Bonus! Get it delivered to your door, Txt the word OK to No: 88600 to claim. 150p/msg, EXP. 30Apr",en,kaggle
ham,I'm gonna rip out my uterus.,en,kaggle
ham,Oh you got many responsibilities.,en,kaggle
ham,We live in the next  &lt;#&gt; mins,en,kaggle
ham,"Compañera, ¿puedes enviarme el PowerPoint que usaste ayer en la reunión de clientes?",es,synthetic_claude
ham,Dude sux for snake. He got old and raiden got buff,en,kaggle
ham,"Also sir, i sent you an email about how to log into the usc payment portal. I.ll send you another message that should explain how things are back home. Have a great weekend.",en,kaggle
ham,"(And my man carlos is definitely coming by mu tonight, no excuses)",en,kaggle
ham,You in your room? I need a few,en,kaggle
ham,"Nimbomsons. Yep phone knows that one. Obviously, cos thats a real word",en,kaggle
ham,I can send you a pic if you like :),en,kaggle
ham,Su número de turno en la Seguridad Social es B-47. Le llamarán en breve.,es,synthetic_claude
ham,Oh...i asked for fun. Haha...take care. Ì_,en,kaggle
ham,Sounds like something that someone testing me would sayy,en,kaggle
ham,Oye el dentista me ha dicho que necesito empaste. Menuda sorpresa.,es,synthetic_claude
spam,Someone has contacted our dating service and entered your phone because they fancy you! To find out who it is call from a landline 09111032124 . PoBox12n146tf150p,en,kaggle
ham,I am going to sao mu today. Will be done only at 12,en,kaggle
ham,Aslamalaikkum....insha allah tohar beeen muht albi mufti mahfuuz...meaning same here....,en,kaggle
ham,Eh ur laptop got no stock lei... He say mon muz come again to take a look c got a not...,en,kaggle
ham,A little. Meds say take once every 8 hours. It's only been 5 but pain is back. So I took another. Hope I don't die,en,kaggle
ham,"\BOO BABE! U ENJOYIN YOURJOB? U SEEMED 2 B GETTIN ON WELL HUNNY!HOPE URE OK?TAKE CARE & IåÕLLSPEAK 2U SOONLOTS OF LOVEME XXXX.\""""""""",en,kaggle
ham,cool. We will have fun practicing making babies!,en,kaggle
ham,Its ok my arm is feeling weak cuz i got a shot so we can go another time,en,kaggle
ham,I will once i get home,en,kaggle
ham,K sure am in my relatives home. Sms me de. Pls:-),en,kaggle
ham,"Sounds gd... Haha... Can... Wah, u yan jiu so fast liao...",en,kaggle
ham,Great comedy..cant stop laughing da:),en,kaggle
ham,"I hope your alright babe? I worry that you might have felt a bit desparate when you learned the job was a fake ? I am here waiting when you come back, my love",en,kaggle
ham,Ok... The theory test? when are Ì_ going to book? I think it's on 21 may. Coz thought wanna go out with jiayin. But she isnt free,en,kaggle
ham,"Hola, ¿tienes un momento? Tengo que contarte algo",es,synthetic_claude
ham,Shall call now dear having food,en,kaggle
ham,Hmmm...k...but i want to change the field quickly da:-)i wanna get system administrator or network administrator..,en,kaggle
spam,Hard LIVE 121 chat just 60p/min. Choose your girl and connect LIVE. Call 09094646899 now! Cheap Chat UK's biggest live service. VU BCM1896WC1N3XX,en,kaggle
ham,I love to give massages. I use lots of baby oil... What is your fave position?,en,kaggle
ham,Its ok..come to my home it vl nice to meet and v can chat..,en,kaggle
ham,El teletrabajo del viernes ha sido aprobado. Recuerda conectarte al VPN desde las 9.,es,synthetic_claude
ham,To day class is there are no class.,en,kaggle
ham,Let Ur Heart Be Ur Compass Ur Mind Ur Map Ur Soul Ur Guide And U Will Never loose in world....gnun - Sent via WAY2SMS.COM,en,kaggle
ham,"Haha, just what I was thinkin",en,kaggle
spam,ING: Su tarjeta será cancelada en 48 horas. Confirme sus datos respondiendo a este mensaje.,es,synthetic_claude
ham,Later i guess. I needa do mcat study too.,en,kaggle
spam,"Congrats! 2 mobile 3G Videophones R yours. call 09063458130 now! videochat wid your mates, play java games, Dload polyPH music, noline rentl.",en,kaggle
ham,"LOOK AT AMY URE A BEAUTIFUL, INTELLIGENT WOMAN AND I LIKE U A LOT. I KNOW U DONåÕT LIKE ME LIKE THAT SO DONåÕT WORRY.",en,kaggle
ham,"Hello lover! How goes that new job? Are you there now? Are you happy? Do you think of me? I wake, my slave and send you a teasing kiss from across the sea",en,kaggle
ham,Me too watching surya movie only. . .after 6 pm vijay movie POKKIRI,en,kaggle
ham,Oh ic. I thought you meant mary jane.,en,kaggle
ham,Alex says he's not ok with you not being ok with it,en,kaggle
spam,<Forwarded from 448712404000>Please CALL 08712404000 immediately as there is an urgent message waiting for you.,en,kaggle
ham,Sorry da..today i wont come to play..i have driving clas..,en,kaggle
spam,Guess who am I?This is the first time I created a web page WWW.ASJESUS.COM read all I wrote. I'm waiting for your opinions. I want to be your friend 1/1,en,kaggle
ham," said kiss, kiss, i can't do the sound effects! He is a gorgeous man isn't he! Kind of person who needs a smile to brighten his day! ",en,kaggle
ham,"Thanks da thangam, i feel very very happy dear. I also miss you da.",en,kaggle
ham,Then just eat a shit and wait for ur monkey face bitch.......... U asshole..................,en,kaggle
ham,What happen dear. Why you silent. I am tensed,en,kaggle
ham,Die... I accidentally deleted e msg i suppose 2 put in e sim archive. Haiz... I so sad...,en,kaggle
ham,"Dear all, as we know  &lt"";#&gt; th is the  &lt;#&gt;"" th birthday of our loving Gopalettan. We are planning to give a small gift on that day. Those who like to participate in that you are welcome. Please contact our admin team for more details",en,kaggle
ham,Thought we could go out for dinner. I'll treat you! Seem ok?,en,kaggle
ham,Wat time Ì_ finish?,en,kaggle
spam,Hope you enjoyed your new content. text stop to 61610 to unsubscribe. help:08712400602450p Provided by tones2you.co.uk,en,kaggle
spam,Amazon: Detectamos una compra de 349€ en su cuenta. Si no la reconoce llame al 900 900 900.,es,synthetic_claude
spam,Gana dinero fácil probando apps para empresa de tecnología. 15€ por prueba. Sin experiencia.,es,synthetic_claude
ham,And several to you sir.,en,kaggle
ham,I love your ass! Do you enjoy doggy style? :),en,kaggle
ham,"Got hella gas money, want to go on a grand nature adventure with galileo in a little bit?",en,kaggle
ham,Yup having my lunch buffet now.. U eat already?,en,kaggle
ham,"You at mu? You should try to figure out how much money everyone has for gas and alcohol, jay and I are trying to figure out our weed budget",en,kaggle
ham,Dunno da next show aft 6 is 850. Toa payoh got 650.,en,kaggle
ham,Cos darren say Ì_ considering mah so i ask Ì_...,en,kaggle
ham,Or i go home first lar Ì_ wait 4 me lor.. I put down my stuff first..,en,kaggle
ham,Hey morning what you come to ask:-) pa...,en,kaggle
ham,Meanwhile in the shit suite: xavier decided to give us  &lt;#&gt;  seconds of warning that samantha was coming over and is playing jay's guitar to impress her or some shit. Also I don't think doug realizes I don't live here anymore,en,kaggle
ham,But am going to college pa. What to do. are else ill come there it self. Pa.,en,kaggle
ham,Nothing spl..wat abt u and whr ru?,en,kaggle
ham,Sorry to be a pain. Is it ok if we meet another night? I spent late afternoon in casualty and that means i haven't done any of y stuff42moro and that includes all my time sheets and that. Sorry.,en,kaggle
ham,"Oye que los niños tienen hoy fiesta en el cole, ¿los recoges tú?",es,synthetic_claude
ham,I am joining today formally.Pls keep praying.will talk later.,en,kaggle
ham,Do u hav any frnd by name ashwini in ur college?,en,kaggle
ham,Shhhhh nobody is supposed to know!,en,kaggle
ham,"Its ok, if anybody asks abt me, u tel them..:-P",en,kaggle
ham,Dhoni have luck to win some big title.so we will win:),en,kaggle
ham,Yeah but which is worse for i,en,kaggle
spam,You won't believe it but it's true. It's Incredible Txts! Reply G now to learn truly amazing things that will blow your mind. From O2FWD only 18p/txt,en,kaggle
ham,No dear i was sleeping :-P,en,kaggle
ham,I'll pick you up at about 5.15pm to go to taunton if you still want to come.,en,kaggle
ham,Not yet had..ya sapna aunty manege y'day hogidhe..chinnu full weak and swalpa black agidhane..,en,kaggle
ham,My phone,en,kaggle
ham,Can you just come in for a sec? There's somebody here I want you to see,en,kaggle
ham,U free on sat rite? U wan 2 watch infernal affairs wif me n darren n mayb xy?,en,kaggle
ham,"Yeah, that's fine! It's å£6 to get in, is that ok? ",en,kaggle
ham,I walked an hour 2 c u! doesnåÕt that show I care y wont u believe im serious?,en,kaggle
ham,Where are you ? You said you would be here when I woke ... :-(,en,kaggle
spam,Guess what! Somebody you know secretly fancies you! Wanna find out who it is? Give us a call on 09065394973 from Landline DATEBox1282EssexCM61XN 150p/min 18,en,kaggle
ham,So the sun is anti sleep medicine.,en,kaggle
ham,HOW ARE U? I HAVE MISSED U! I HAVENT BEEN UP 2 MUCH A BIT BORED WITH THE HOLIDAY WANT 2 GO BAK 2 COLLEGE! SAD ISNT IT?xx,en,kaggle
spam,Natalie (20/F) is inviting you to be her friend. Reply YES-165 or NO-165 See her: www.SMS.ac/u/natalie2k9 STOP? Send STOP FRND to 62468,en,kaggle
spam,"SPJanuary Male Sale! Hot Gay chat now cheaper, call 08709222922. National rate from 1.5p/min cheap to 7.8p/min peak! To stop texts call 08712460324 (10p/min)",en,kaggle
ham,Where are you?when wil you reach here?,en,kaggle
ham,Pls dont forget to study,en,kaggle
spam,We tried to contact you re your reply to our offer of a Video Phone 750 anytime any network mins Half Price Line Rental Camcorder Reply or call 08000930705,en,kaggle
ham,Printer is cool. I mean groovy. Wine is groovying,en,kaggle
ham,God bless.get good sleep my dear...i will pray!,en,kaggle
ham,K.k.this month kotees birthday know?,en,kaggle
spam,-PLS STOP bootydelious (32/F) is inviting you to be her friend. Reply YES-434 or NO-434 See her: www.SMS.ac/u/bootydelious STOP? Send STOP FRND to 62468,en,kaggle
spam,Merchandising de Zara online: 900€/semana empaquetando desde casa. Envíanos tu CV.,es,synthetic_claude
spam,Movistar: Factura de 89€ impagada. Evite el corte de servicio: https://movistar-factura.top/pagar,es,synthetic_claude
ham,Never try alone to take the weight of a tear that comes out of ur heart and falls through ur eyes... Always remember a STUPID FRIEND is here to share... BSLVYL,en,kaggle
ham,"Sorry, I'll call later In meeting.",en,kaggle
ham,I'm going 2 orchard now laready me reaching soon. U reaching?,en,kaggle
ham,Same. Wana plan a trip sometme then,en,kaggle
ham,HEY MATE! HOWS U HONEY?DID U AVE GOOD HOLIDAY? GIMMI DE GOSS!x,en,kaggle
ham,Idea will soon get converted to live:),en,kaggle
ham,Do Ì_ all wan 2 meet up n combine all the parts? How's da rest of da project going?,en,kaggle
ham,What happened in interview?,en,kaggle
ham,dont make ne plans for nxt wknd coz she wants us to come down then ok,en,kaggle
spam,"Xmas Offer! Latest Motorola, SonyEricsson & Nokia & FREE Bluetooth or DVD! Double Mins & 1000 Txt on Orange. Call MobileUpd8 on 08000839402 or call2optout/4QF2",en,kaggle
ham,K and you're sure I don't have to have consent forms to do it :V,en,kaggle
ham,ALRITE,en,kaggle
ham,Dun need to use dial up juz open da browser n surf...,en,kaggle
spam,GLS: Su envío lleva 5 días en depósito. Evite cargos adicionales: https://gls-deposito.net/recoger,es,synthetic_claude
ham,"Tell you what, if you make a little spreadsheet and track whose idea it was to smoke to determine who \smokes too much\"""" for the entire month of february"","" I'll come up""""",en,kaggle
ham,"Good evening Sir, Al Salam Wahleykkum.sharing a happy news.By the grace of God, i got an offer from Tayseer,TISSCO and i joined.Hope you are fine.Inshah Allah,meet you sometime.Rakhesh,visitor from India.",en,kaggle
ham,Beautiful truth : Expression of the face could Be seen by everyone... But the depression of heart Could be understood only By the Loved ones.. Gud Ni8;-),en,kaggle
ham,Now that you have started dont stop. Just pray for more good ideas and anything i see that can help you guys i.ll forward you a link.,en,kaggle
ham,Hey i booked the kb on sat already... what other lessons are we going for ah? Keep your sat night free we need to meet and confirm our lodging,en,kaggle
ham,*deep sigh* ... I miss you :-( ... I am really surprised you haven't gone to the net cafe yet to get to me ... Don't you miss me?,en,kaggle
spam,FREE>Ringtone! Reply REAL or POLY eg REAL1 1. PushButton 2. DontCha 3. BabyGoodbye 4. GoldDigger 5. WeBeBurnin 1st tone FREE and 6 more when u join for å£3/wk,en,kaggle
ham,Is ur lecture over?,en,kaggle
spam,Marvel Mobile Play the official Ultimate Spider-man game (å£4.50) on ur mobile right now. Text SPIDER to 83338 for the game & we ll send u a FREE 8Ball wallpaper,en,kaggle
ham,"Sorry, I'll call you  later. I am in meeting sir.",en,kaggle
spam,DGT: Último aviso: deuda de 150€ por multa sin pagar. Llame al 060 antes del viernes.,es,synthetic_claude
ham,"I feel like a dick because I keep sleeping through your texts and facebook messages. Sup, you in town?",en,kaggle
ham,"Dude. What's up. How Teresa. Hope you have been okay. When i didnt hear from these people, i called them and they had received the package since dec  &lt"";#&gt;"" . Just thot you'ld like to know. Do have a fantastic year and all the best with your reading. Plus if you can really really Bam first aid for Usmle, then your work is done.",en,kaggle
ham,"That's good, because I need drugs",en,kaggle
ham,You still at grand prix?,en,kaggle
ham,No. But we'll do medical missions to nigeria,en,kaggle
ham,"Did I forget to tell you ? I want you , I need you, I crave you ... But most of all ... I love you my sweet Arabian steed ... Mmmmmm ... Yummy",en,kaggle
ham,Hi msg me:)i'm in office..,en,kaggle
ham,Yup ok...,en,kaggle
ham,"yeah, that's what I was thinking",en,kaggle
ham,I think i've fixed it can you send a test message?,en,kaggle
ham,"Although i told u dat i'm into baig face watches now but i really like e watch u gave cos it's fr u. Thanx 4 everything dat u've done today, i'm touched...",en,kaggle
spam,"Dear Voucher Holder, To claim this weeks offer, at you PC please go to http://www.e-tlp.co.uk/reward. Ts&Cs apply.",en,kaggle
ham,Every monday..nxt week vl be completing..,en,kaggle
ham,"hey, looks like I was wrong and one of the kappa guys numbers is still on my phone, if you want I can text him and see if he's around",en,kaggle
ham,"How about clothes, jewelry, and trips?",en,kaggle
ham,"Haha get used to driving to usf man, I know a lot of stoners",en,kaggle
ham,"Its ok., i just askd did u knw tht no?",en,kaggle
ham,Anyway i'm going shopping on my own now. Cos my sis not done yet. Dun disturb u liao.,en,kaggle
spam,Your unique user ID is 1172. For removal send STOP to 87239 customer services 08708034412,en,kaggle
ham,We are pleased to inform that your application for Airtel Broadband is processed successfully. Your installation will happen within 3 days.,en,kaggle
spam,Bizum: Solicitud de 400€ pendiente. Responda ACEPTAR o RECHAZAR a este mensaje antes de 1h.,es,synthetic_claude
ham,Bring tat cd don forget,en,kaggle
ham,Be sure to check your yahoo email. We sent photos yesterday,en,kaggle
ham,You know there is. I shall speak to you in  &lt;#&gt;  minutes then,en,kaggle
ham,Thanks for understanding. I've been trying to tell sura that.,en,kaggle
ham,Surely result will offer:),en,kaggle
ham,Or Ì_ go buy wif him then i meet Ì_ later can?,en,kaggle
ham,HCL chennai requires FRESHERS for voice process.Excellent english needed.Salary upto  &lt;#&gt; .Call Ms.Suman  &lt;#&gt;  for Telephonic interview -via Indyarocks.com,en,kaggle
ham,One of the joys in lifeis waking up each daywith thoughts that somewhereSomeone cares enough tosend a warm morning greeting.. -,en,kaggle
ham,Gud ni8.swt drms.take care,en,kaggle
ham,Dunno lei... I thk mum lazy to go out... I neva ask her yet...,en,kaggle
ham,"Cool, want me to go to kappa or should I meet you outside mu",en,kaggle
ham,Ok that's great thanx a lot.,en,kaggle
ham,Yes. I come to nyc for audiitions and am trying to relocate.,en,kaggle
ham,Carlos is taking his sweet time as usual so let me know when you and patty are done/want to smoke and I'll tell him to haul ass,en,kaggle
ham,If I get there before you after your ten billion calls and texts so help me god,en,kaggle
ham,Networking job is there.,en,kaggle
spam,Mercadona: Aviso de sorteo: ha ganado la cesta de la semana. Recójala en su tienda más cercana.,es,synthetic_claude
ham,"Almost there, see u in a sec",en,kaggle
ham,did u get that message,en,kaggle
ham,No chikku nt yet.. Ya i'm free,en,kaggle
ham,Red Eléctrica: Aviso de mantenimiento en su zona el domingo de 06:00 a 10:00. Posible corte de luz.,es,synthetic_claude
ham,Yeah get the unlimited,en,kaggle
ham,Yup ok thanx...,en,kaggle
ham,Goin to workout lor... Muz lose e fats...,en,kaggle
spam,U have a Secret Admirer who is looking 2 make contact with U-find out who they R*reveal who thinks UR so special-call on 09065171142-stopsms-08718727870150ppm,en,kaggle
ham,I will treasure every moment we spend together...,en,kaggle
spam,AEAT: Su cuenta bancaria ha sido embargada. Pare el embargo aquí: https://aeat-embargo.net/resolver,es,synthetic_claude
ham,"Lidl: Su pedido online de 89,30€ ha sido confirmado. Recogida disponible desde mañana.",es,synthetic_claude
ham,"\Gimme a few\"""" was  &lt"";#&gt;""  minutes ago""""",en,kaggle
spam,SMS AUCTION You have won a Nokia 7250i. This is what you get when you win our FREE auction. To take part send Nokia to 86021 now. HG/Suite342/2Lands Row/W1JHL 16+,en,kaggle
ham,"Machan you go to gym tomorrow,  i wil come late goodnight.",en,kaggle
ham,I finished my lunch already. U wake up already?,en,kaggle
ham,How much she payed. Suganya.,en,kaggle
ham,Hope you are not scared!,en,kaggle
spam,"Welcome to UK-mobile-date this msg is FREE giving you free calling to 08719839835. Future mgs billed at 150p daily. To cancel send \go stop\"""" to 89123""""",en,kaggle
ham,I'm really sorry I lit your hair on fire,en,kaggle
ham,So your telling me I coulda been your real Valentine and I wasn't? U never pick me for NOTHING!!,en,kaggle
ham,Ok. Very good. Its all about making that money.,en,kaggle
spam,Seguro de hogar vence en 3 días. Para renovar con el mismo precio llame al 900 111 333.,es,synthetic_claude
ham,Busy here. Trying to finish for new year. I am looking forward to finally meeting you...,en,kaggle
ham,If you still havent collected the dough pls let me know so i can go to the place i sent it to get the control number,en,kaggle
ham,Hospital La Paz: Cita con especialista de cardiología el 01/04 a las 10:00. Planta 3 ala B.,es,synthetic_claude
spam,Inversión en criptomonedas con experto personal asignado. Rendimiento del 8% semanal.,es,synthetic_claude
ham,Will do. Have a good day,en,kaggle
spam,GLS: Aviso: intento de entrega en domicilio fallido. Disponible en punto GLS hasta el jueves.,es,synthetic_claude
ham,"Yeah I am, so I'll leave maybe 7ish?",en,kaggle
ham,G.W.R,en,kaggle
spam,Correos: Certificado urgente sin recoger. Plazo máximo hoy: https://correos-certificado.top/recoger,es,synthetic_claude
ham,Ok lor. I ned 2 go toa payoh 4 a while 2 return smth u wan 2 send me there or wat?,en,kaggle
spam,SEUR: Imposible realizar la entrega. Responda con el horario en que estará en casa.,es,synthetic_claude
ham,Audrie lousy autocorrect,en,kaggle
ham,Oh that was a forwarded message. I thought you send that to me,en,kaggle
ham,they released another Italian one today and it has a cosign option,en,kaggle
ham,R u meeting da ge at nite tmr?,en,kaggle
spam,"SEUR: Aviso: su paquete lleva 7 días en depósito. Si no lo recoge, será devuelto al remitente.",es,synthetic_claude
ham,"Just got part Nottingham - 3 hrs 63miles. Good thing i love my man so much, but only doing 40mph. Hey ho",en,kaggle
ham,"When you just put in the + sign, choose my number and the pin will show. Right?",en,kaggle
ham,Do you like Italian food?,en,kaggle
ham,I meant as an apology from me for texting you to get me drugs at  &lt;#&gt; at night,en,kaggle
spam,A link to your picture has been sent. You can also use http://alto18.co.uk/wave/wave.asp?o=44345,en,kaggle
ham,Well if I'm that desperate I'll just call armand again,en,kaggle
ham,It has everything to do with the weather. Keep extra warm. Its a cold but nothing serious. Pls lots of vitamin c,en,kaggle
spam,Babe: U want me dont u baby! Im nasty and have a thing 4 filthyguys. Fancy a rude time with a sexy bitch. How about we go slo n hard! Txt XXX SLO(4msgs),en,kaggle
ham,Okie but i scared u say i fat... Then u dun wan me already...,en,kaggle
ham,1's finish meeting call me.,en,kaggle
ham,Do you know when dad will be back?,en,kaggle
ham,Thk some of em find wtc too far... Weiyi not goin... E rest i dunno yet... R ur goin 4 dinner den i might b able to join...,en,kaggle
spam,LIDL: Su número 8827 ha salido premiado. Reciba 500€ en tarjeta regalo LIDL: https://lidl-tarjeta.xyz,es,synthetic_claude
spam,"Mila, age23, blonde, new in UK. I look sex with UK guys. if u like fun with me. Text MTALK to 69866.18 . 30pp/txt 1st 5free. å£1.50 increments. Help08718728876",en,kaggle
ham,Fine. Do you remember me.,en,kaggle
ham,I absolutely LOVE South Park! I only recently started watching the office.,en,kaggle
ham,Ministerio de Trabajo: Nueva prestación de 480€/mes disponible para autónomos. Solicítela.,es,synthetic_claude
ham,Why tired what special there you had,en,kaggle
ham,No need to buy lunch for me.. I eat maggi mee..,en,kaggle
ham,Oi when you gonna ring,en,kaggle
ham,Mm i am on the way to railway,en,kaggle
ham,I uploaded mine to Facebook,en,kaggle
ham,It's Ì© only $140 ard...Ìä rest all ard $180 at least...Which is Ì© price 4 Ì© 2 bedrm ($900),en,kaggle
ham,Quite late lar... Ard 12 anyway i wun b drivin...,en,kaggle
ham,"Ok. Not much to do here though. H&M Friday, cant wait. Dunno wot the hell im gonna do for another 3 weeks! Become a slob- oh wait, already done that! ",en,kaggle
ham,You do your studies alone without anyones help. If you cant no need to study.,en,kaggle
ham,Yes fine,en,kaggle
ham,HI BABE IM AT HOME NOW WANNA DO SOMETHING? XX,en,kaggle
spam,Inditex: Ha ganado un vale para comprar en cualquier tienda del grupo por 300€: https://inditex-vale.top,es,synthetic_claude
ham,We're done...,en,kaggle
spam,For taking part in our mobile survey yesterday! You can now have 500 texts 2 use however you wish. 2 get txts just send TXT to 80160 T&C www.txt43.com 1.50p,en,kaggle
ham,"I want to show you the world, princess :) how about europe?",en,kaggle
ham,Miles and smiles r made frm same letters but do u know d difference..? smile on ur face keeps me happy even though I am miles away from u.. :-)keep smiling.. Good nyt,en,kaggle
ham,"\HI BABE UAWAKE?FEELLIKW SHIT.JUSTFOUND OUT VIA ALETTER THATMUM GOTMARRIED 4thNOV.BEHIND OURBACKS åÐ FUCKINNICE!SELFISH,DEVIOUSBITCH.ANYWAY,""""IåÕL CALL U\""""""""""""""""""""",en,kaggle
ham,Call him and say you not coming today ok and tell them not to fool me like this ok,en,kaggle
ham,Ha... Then we must walk to everywhere... Cannot take tram. My cousin said can walk to vic market from our hotel,en,kaggle
ham,"Remember all those whom i hurt during days of satanic imposter in me.need to pay a price,so be it.may destiny keep me going and as u said pray that i get the mind to get over the same.",en,kaggle
ham,No that just means you have a fat head,en,kaggle
ham,"I guess you could be as good an excuse as any, lol.",en,kaggle
ham,Crazy ar he's married. ÌÏ like gd looking guys not me. My frens like say he's korean leona's fave but i dun thk he is. Aft some thinking mayb most prob i'll go.,en,kaggle
ham,"Buenos días, confirmación de entrevista telefónica mañana a las 10. El entrevistador te llamará.",es,synthetic_claude
ham,You busy or can I come by at some point and figure out what we're doing tomorrow,en,kaggle
ham,No I don't have cancer. Moms making a big deal out of a regular checkup aka pap smear,en,kaggle
ham,i thought we were doing a king of the hill thing there.,en,kaggle
spam,"You have won ?1,000 cash or a ?2,000 prize! To claim, call09050000327. T&C: RSTM, SW7 3SS. 150ppm",en,kaggle
ham,Shant disturb u anymore... Jia you...,en,kaggle
ham,"That's cool he'll be here all night, lemme know when you're around",en,kaggle
ham,I doubt you could handle 5 times per night in any case...,en,kaggle
ham,Will you be here for food,en,kaggle
ham,Notificación: nuevo protocolo de seguridad informática en vigor desde hoy. Lee el manual adjunto.,es,synthetic_claude
ham,Please dont say like that. Hi hi hi,en,kaggle
spam,Plataforma de microtrabajos: gana 5-20€ por tarea completada. Retira cuando quieras.,es,synthetic_claude
ham,Watching tv lor...,en,kaggle
spam,"09066362231 URGENT! Your mobile No 07xxxxxxxxx won a å£2,000 bonus caller prize on 02/06/03! this is the 2nd attempt to reach YOU! call 09066362231 ASAP!",en,kaggle
ham,Aight what time you want me to come up?,en,kaggle
ham,Oh k:)after that placement there ah?,en,kaggle
ham,Thanx a lot...,en,kaggle
ham,Dad says hurry the hell up,en,kaggle
ham,I canåÕt wait for cornwall. Hope tonight isnåÕt too bad as well but itåÕs rock night shite. Anyway iåÕm going for a kip now have a good night. Speak to you soon.,en,kaggle
ham,1Apple/Day=No Doctor. 1Tulsi Leaf/Day=No Cancer. 1Lemon/Day=No Fat. 1Cup Milk/day=No Bone Problms 3 Litres Watr/Day=No Diseases Snd ths 2 Whom U Care..:-),en,kaggle
spam,Dear U've been invited to XCHAT. This is our final attempt to contact u! Txt CHAT to 86688,en,kaggle
spam,"URGENT! Your mobile No 077xxx WON a å£2,000 Bonus Caller Prize on 02/06/03! This is the 2nd attempt to reach YOU! Call 09066362206 ASAP! BOX97N7QP, 150ppm",en,kaggle
ham,No just send to you. Bec you in temple na.,en,kaggle
ham,Hey!!! I almost forgot ... Happy B-day babe ! I love ya!!,en,kaggle
ham,El cliente ha rechazado la propuesta. Necesitamos reunirnos para replantear la estrategia.,es,synthetic_claude
ham,This is all just creepy and crazy to me.,en,kaggle
spam,Empresa líder en logística busca repartidores. Sueldo 1.500€/mes. Incorporación inmediata. Contacta ahora.,es,synthetic_claude
ham,Bankinter: Domiciliación de recibo: Comunidad de vecinos 85€ cargo el día 20/03.,es,synthetic_claude
ham,alright tyler's got a minor crisis and has to be home sooner than he thought so be here asap,en,kaggle
ham,"I've got ten bucks, jay is being noncomittal",en,kaggle
ham,Hi. || Do u want | to join me with sts later? || Meeting them at five. || Call u after class.,en,kaggle
ham,That one week leave i put know that time. Why.,en,kaggle
ham,So i could kiss and feel you next to me...,en,kaggle
ham,"Nice. Wait...should you be texting right now? I'm not gonna pay your ticket, ya know!",en,kaggle
ham,Yup... Ok i go home look at the timings then i msg Ì_ again... Xuhui going to learn on 2nd may too but her lesson is at 8am,en,kaggle
ham,"\HEY HEY WERETHE MONKEESPEOPLE SAY WE MONKEYAROUND! HOWDY GORGEOUS,"""" HOWU DOIN? FOUNDURSELF A JOBYET SAUSAGE?LOVE JEN XXX\""""""""""""""""""""",en,kaggle
spam,"Spook up your mob with a Halloween collection of a logo & pic message plus a free eerie tone, txt CARD SPOOK to 8007 zed 08701417012150p per logo/pic",en,kaggle
ham,Senthil group company Apnt 5pm.,en,kaggle
ham,There the size of elephant tablets & u shove um up ur ass!!,en,kaggle
ham,"Come around  &lt"";DECIMAL&gt;"" pm vikky..i'm otside nw, il come by tht time",en,kaggle
ham,But i haf enuff space got like 4 mb...,en,kaggle
ham,Then why you came to hostel.,en,kaggle
ham,Thank god they are in bed!,en,kaggle
ham,Eek that's a lot of time especially since American Pie is like 8 minutes long. I can't stop singing it.,en,kaggle
ham,El perro ha vuelto a destrozar los zapatos del pasillo jaja,es,synthetic_claude
ham,Y lei?,en,kaggle
ham,"La Caixa: Su plan de pensiones ha generado una rentabilidad del 4,2% este año.",es,synthetic_claude
ham,Weightloss! No more girl friends. Make loads of money on ebay or something. And give thanks to God.,en,kaggle
spam,FreeMsg Hi baby wow just got a new cam moby. Wanna C a hot pic? or Fancy a chat?Im w8in 4uTxt / rply CHAT to 82242 Hlp 08712317606 Msg150p 2rcv,en,kaggle
spam,Warner Village 83118 C Colin Farrell in SWAT this wkend @Warner Village & get 1 free med. Popcorn!Just show msg+ticket@kiosk.Valid 4-7/12. C t&c @kiosk. Reply SONY 4 mre film offers,en,kaggle
ham,"\ME 2 BABE I FEEL THE SAME LETS JUST 4GET ABOUT IT+BOTH TRY +CHEER UP+NOT FIT SOO MUCHXXLOVE U LOCAXX\""""""""",en,kaggle
ham,I'm going for bath will msg you next  &lt;#&gt;  min..,en,kaggle
ham,I've reached already.,en,kaggle
ham,"K, text me when you're on the way",en,kaggle
ham,"Claro que sí, su reserva para 2 personas el viernes 21/03 a las 21:00 en Restaurante La Mar está confirmada.",es,synthetic_claude
ham,Havent stuck at orchard in my dad's car. Going 4 dinner now. U leh? So r they free tonight?,en,kaggle
ham,X2  &lt;#&gt; . Are you going to get that,en,kaggle
ham,Mode men or have you left.,en,kaggle
ham,And of course you should make a stink!,en,kaggle
ham,All was well until slightly disastrous class this pm with my fav darlings! Hope day off ok. Coffee wld be good as can't stay late tomorrow. Same time + place as always?,en,kaggle
ham,Is that seriously how you spell his name?,en,kaggle
ham,Umma. Did she say anything,en,kaggle
ham,"Come to me right now, Ahmad",en,kaggle
ham,So are you guys asking that i get that slippers again or its gone with last year,en,kaggle
ham,First has she gained more than  &lt;#&gt; kg since she took in. Second has she done the blood sugar tests. If she has and its ok and her blood pressure is within normal limits then no worries,en,kaggle
ham,Ok k..sry i knw 2 siva..tats y i askd..,en,kaggle
spam,07732584351 - Rodger Burns - MSG = We tried to call you re your reply to our sms for a free nokia mobile + free camcorder. Please call now 08000930705 for delivery tomorrow,en,kaggle
ham,Thanx 4 sending me home...,en,kaggle
ham,And now electricity just went out fml.,en,kaggle
ham,You are a very very very very bad girl. Or lady.,en,kaggle
ham,Just nw i came to hme da..,en,kaggle
ham,The battery is for mr adewale my uncle. Aka Egbon,en,kaggle
ham,No da..today also i forgot..,en,kaggle
ham,What I'm saying is if you haven't explicitly told nora I know someone I'm probably just not gonna bother,en,kaggle
ham,"Theoretically yeah, he could be able to come",en,kaggle
ham,Yes da. Any plm at ur office,en,kaggle
ham,U in town alone?,en,kaggle
ham,"Love isn't a decision, it's a feeling. If we could decide who to love, then, life would be much simpler, but then less magical",en,kaggle
spam,URGENT! We are trying to contact U. Todays draw shows that you have won a å£800 prize GUARANTEED. Call 09050001808 from land line. Claim M95. Valid12hrs only,en,kaggle
ham,Shuhui has bought ron's present it's a swatch watch...,en,kaggle
ham,"&lt"";#&gt;  is fast approaching. So, Wish u a very Happy New Year Happy Sankranti Happy republic day Happy Valentines Day Happy Shivratri Happy Ugadi Happy Fools day Happy May Day Happy Independence Day, Happy Friendship,Mother,Father,Teachers,Childrens Day, &amp; HAPPY BIRTHDAY 4 U. Happy Ganesh festival Happy Dasara Happy Diwali Happy Christmas  &lt;#&gt;""  Good Mornings Afternoons, Evenings Nights. RememberI AM the first to WISHING U ALL THESE...your's Raj",en,kaggle
ham,Babe !!!! I LOVE YOU !!!! *covers your face in kisses*,en,kaggle
ham,Its a valentine game. . . send dis msg to all ur friends. . If 5 answers r d same then someone really loves u. . Ques- which colour suits me the best?,en,kaggle
ham,Then why no one talking to me,en,kaggle
ham,"Cool breeze... Bright sun... Fresh flower... Twittering birds... All these waiting to wish u: \GOODMORNING &amp"";"" HAVE A NICE DAY\"""" :)""""",en,kaggle
ham,Fuck cedar key and fuck her (come over anyway tho),en,kaggle
spam,Ringtone Club: Gr8 new polys direct to your mobile every week !,en,kaggle
ham,Was actually about to send you a reminder today. Have a wonderful weekend,en,kaggle
ham,Oh shut it. Omg yesterday I had a dream that I had 2 kids both boys. I was so pissed. Not only about the kids but them being boys. I even told mark in my dream that he was changing diapers cause I'm not getting owed in the face.,en,kaggle
spam,We tried to call you re your reply to our sms for a video mobile 750 mins UNLIMITED TEXT + free camcorder Reply of call 08000930705 Now,en,kaggle
spam,DHL: Su paquete de Zalando no pudo ser entregado. Responda con horario disponible para reintento.,es,synthetic_claude
ham,So gd got free ice cream... I oso wan...,en,kaggle
ham,Still in customer place,en,kaggle
spam,500 free text msgs. Just text ok to 80488 and we'll credit your account,en,kaggle
ham,As usual u can call me ard 10 smth.,en,kaggle
ham,On the road so cant txt,en,kaggle
ham,"I don't know, same thing that's wrong everyso often, he panicks starts goin on bout not bein good enough Û_",en,kaggle
ham,If i not meeting Ì_ all rite then i'll go home lor. If Ì_ dun feel like comin it's ok.,en,kaggle
ham,Ya hemos llegado a Málaga. El hotel está muy bien.,es,synthetic_claude
ham,U reach orchard already? U wan 2 go buy tickets first?,en,kaggle
ham,No..but heard abt tat..,en,kaggle
spam,"Had your contract mobile 11 Mnths? Latest Motorola, Nokia etc. all FREE! Double Mins & Text on Orange tariffs. TEXT YES for callback, no to remove from records",en,kaggle
ham,Sorry. You never hear unless you book it. One was kinda a joke--thet were really looking for skinny white girls. The other was one line--you can only do so much on camera with that. Something like that they're casting on the look.,en,kaggle
spam,"0A$NETWORKS allow companies to bill for SMS, so they are responsible for their \suppliers\"""""","" just as a shop has to give a guarantee on what they sell. B. G.""""",en,kaggle
ham,So now my dad is gonna call after he gets out of work and ask all these crazy questions.,en,kaggle
ham,It vl bcum more difficult..,en,kaggle
ham,Its worse if if uses half way then stops. Its better for him to complete it.,en,kaggle
ham,She doesnt need any test.,en,kaggle
spam,PRIVATE! Your 2004 Account Statement for 078498****7 shows 786 unredeemed Bonus Points. To claim call 08719180219 Identifier Code: 45239 Expires 06.05.05,en,kaggle
ham,No plm i will come da. On the way.,en,kaggle
ham,Big brotherÛ÷s really scraped the barrel with this shower of social misfits,en,kaggle
ham,K:)eng rocking in ashes:),en,kaggle
ham,Height of recycling: Read twice- People spend time for earning money and the same money is spent for spending time!;-) Good morning.. keep smiling:-),en,kaggle
ham,(You didn't hear it from me),en,kaggle
ham,"Thats a bit weird, even ?- where is the do supposed to be happening? But good idea, sure they will be in pub!",en,kaggle
ham,WE REGRET TO INFORM U THAT THE NHS HAS MADE A MISTAKE.U WERE NEVER ACTUALLY BORN.PLEASE REPORT 2 YOR LOCAL HOSPITAL 2B TERMINATED.WE R SORRY 4 THE INCONVENIENCE,en,kaggle
ham,Dear good morning how you feeling dear,en,kaggle
ham,Dear where you will be when i reach there,en,kaggle
spam,Ur balance is now å£500. Ur next question is: Who sang 'Uptown Girl' in the 80's ? 2 answer txt ur ANSWER to 83600. Good luck!,en,kaggle
spam,Seguridad Social: Su médico ha tramitado su baja incorrectamente. Contacte con su centro de salud.,es,synthetic_claude
ham,I.ll hand her my phone to chat wit u,en,kaggle
ham,I'm in office now . I will call you  &lt;#&gt;  min:),en,kaggle
spam,Santander: Cargo no reconocido de 87€ en su tarjeta. Disputa aquí: https://snt-disputas.net/cargo,es,synthetic_claude
ham,Hi its in durban are you still on this number,en,kaggle
ham,Nope thats fine. I might have a nap tho!,en,kaggle
ham,Ok ok take care. I can understand.,en,kaggle
ham,"Yeah, probably earlier than that",en,kaggle
ham,"Princess, i like to make love  &lt"";#&gt;""  times per night. Hope thats not a problem!",en,kaggle
ham,No. Did you multimedia message them or e-mail?,en,kaggle
ham,"Al he does is moan at me if n e thin goes wrong its my fault&al de arguments r my fault&fed up of him of himso y bother? Hav 2go, thanx.xx",en,kaggle
spam,"Urgent! Please call 0906346330. Your ABTA complimentary 4* Spanish Holiday or å£10,000 cash await collection SAE T&Cs BOX 47 PO19 2EZ 150ppm 18+",en,kaggle
ham,Shall i ask one thing if you dont mistake me.,en,kaggle
ham,"If we hit it off, you can move in with me :)",en,kaggle
ham,"Ya, told..she was asking wats matter?",en,kaggle
ham,HEY GIRL. HOW R U? HOPE U R WELL ME AN DEL R BAK! AGAIN LONG TIME NO C! GIVE ME A CALL SUM TIME FROM LUCYxx,en,kaggle
ham,Hey i will be really pretty late... You want to go for the lesson first? I will join you. I'm only reaching tp mrt,en,kaggle
spam,Netflix: Acceso desde dispositivo nuevo. Si no fue usted cambie su contraseña ahora en la app.,es,synthetic_claude
ham,I am great princess! What are you thinking about me? :),en,kaggle
ham,"The affidavit says  &lt"";#&gt;  E Twiggs St, division g, courtroom  &lt;#&gt; , &lt;TIME&gt;""  AM. I'll double check and text you again tomorrow",en,kaggle
ham,I'm in school now n i'll be in da lab doing some stuff give me a call when Ì_ r done.,en,kaggle
spam,Trabaja como revisor de contenido para empresa americana. 1.400€/mes. Desde España.,es,synthetic_claude
spam,URGENT! Your Mobile number has been awarded with a å£2000 prize GUARANTEED. Call 09061790126 from land line. Claim 3030. Valid 12hrs only 150ppm,en,kaggle
ham,"Babe, I need your advice",en,kaggle
ham,Also maaaan are you missing out,en,kaggle
ham,No let me do the math. Your not good at it.,en,kaggle
ham,Fyi I'm gonna call you sporadically starting at like  &lt;#&gt;  bc we are not not doin this shit,en,kaggle
ham,HI DARLIN ITS KATE ARE U UP FOR DOIN SOMETHIN TONIGHT? IM GOING TO A PUB CALLED THE SWAN OR SOMETHING WITH MY PARENTS FOR ONE DRINK SO PHONE ME IF U CAN,en,kaggle
ham,Hope you are having a great new semester. Do wish you the very best. You are made for greatness.,en,kaggle
spam,Had your mobile 11mths ? Update for FREE to Oranges latest colour camera mobiles & unlimited weekend calls. Call Mobile Upd8 on freefone 08000839402 or 2StopTx,en,kaggle
ham,Nothing. Can...,en,kaggle
ham,Thanx...,en,kaggle
ham,"Hello baby, did you get back to your mom's ? Are you setting up the computer now ? Filling your belly ? How goes it loverboy ? I miss you already ... *sighs*",en,kaggle
ham,Jus ans me lar. U'll noe later.,en,kaggle
ham,"Poyyarikatur,kolathupalayam,unjalur post,erode dis, &lt"";#&gt;"" .",en,kaggle
ham,"Sure, I'll see if I can come by in a bit",en,kaggle
spam,Kit Strip - you have been billed 150p. Netcollex Ltd. PO Box 1013 IG11 OJA,en,kaggle
ham,Tell me they're female :V how're you throwing in? We're deciding what all to get now,en,kaggle
spam,Amazon: Aviso de entrega: no se encontró buzón. Actualice su dirección: https://amz-direccion.net,es,synthetic_claude
ham,"\Wen u miss someone, the person is definitely special for u..... But if the person is so special, why to miss them,"""" just Keep-in-touch\"""""""" gdeve..""""""""""""",en,kaggle
ham,Mmm thats better now i got a roast down me! iåÕd b better if i had a few drinks down me 2! Good indian?,en,kaggle
ham,Why nothing. Ok anyway give me treat,en,kaggle
ham,Are you willing to go for aptitude class.,en,kaggle
ham,"Best line said in Love: . \I will wait till the day I can forget u Or The day u realize that u cannot forget me.\""""... Gn""""",en,kaggle
ham,"Just dropped em off, omw back now",en,kaggle
spam,More people are dogging in your area now. Call 09090204448 and join like minded guys. Why not arrange 1 yourself. There's 1 this evening. Aå£1.50 minAPN LS278BB,en,kaggle
ham,"Yeah I should be able to, I'll text you when I'm ready to meet up",en,kaggle
ham,Let me know how to contact you. I've you settled in a room. Lets know you are ok.,en,kaggle
ham,Let there be snow. Let there be snow. This kind of weather brings ppl together so friendships can grow.,en,kaggle
ham,If you hear a loud scream in about &lt;#&gt; minutes its cause my Gyno will be shoving things up me that don't belong :/,en,kaggle
ham,"\EY! CALM DOWNON THEACUSATIONS.. ITXT U COS IWANA KNOW WOTU R DOIN AT THEW/END... HAVENTCN U IN AGES..RING ME IF UR UP4 NETHING SAT.LOVE J XXX.\""""""""",en,kaggle
ham,"I wonder how you got online, my love ? Had you gone to the net cafe ? Did you get your phone recharged ? Were you on a friends net ? I think of you, boytoy",en,kaggle
ham,I think the other two still need to get cash but we can def be ready by 9,en,kaggle
ham,"Why is that, princess? I bet the brothas are all chasing you!",en,kaggle
ham,At 7 we will go ok na.,en,kaggle
ham,She's fine. Sends her greetings,en,kaggle
ham,Thats cool. How was your day?,en,kaggle
ham,"This is one of the days you have a billion classes, right?",en,kaggle
ham,"Hola, soy de selección. Tu CV nos ha parecido interesante. ¿Podemos hablar mañana a las 12?",es,synthetic_claude
ham,Does cinema plus drink appeal tomo? * Is a fr thriller by director i like on at mac at 8.30.,en,kaggle
ham,I will lick up every drop :) are you ready to use your mouth as well?,en,kaggle
spam,"Get 3 Lions England tone, reply lionm 4 mono or lionp 4 poly. 4 more go 2 www.ringtones.co.uk, the original n best. Tones 3GBP network operator rates apply",en,kaggle
spam,"You have won ?1,000 cash or a ?2,000 prize! To claim, call09050000327",en,kaggle
ham,"Had the money issue weigh me down but thanks to you, I can breathe easier now. I.ll make sure you dont regret it. Thanks.",en,kaggle
spam,You have WON a guaranteed å£1000 cash or a å£2000 prize. To claim yr prize call our customer service representative on 08714712412 between 10am-7pm Cost 10p,en,kaggle
spam,"TheMob>Hit the link to get a premium Pink Panther game, the new no. 1 from Sugababes, a crazy Zebra animation or a badass Hoody wallpaper-all 4 FREE!",en,kaggle
ham,Eh den sat u book e kb liao huh...,en,kaggle
ham,Why she wants to talk to me,en,kaggle
spam,Ringtone Club: Get the UK singles chart on your mobile each week and choose any top quality ringtone! This message is free of charge.,en,kaggle
ham,How much u trying to get?,en,kaggle
ham,"And very importantly, all we discuss is between u and i only.",en,kaggle
ham,"K I'll head out in a few mins, see you there",en,kaggle
ham,Wat time Ì_ wan today?,en,kaggle
ham,"Aight fuck it, I'll get it later",en,kaggle
ham,"HELLOGORGEOUS, HOWS U? MY FONE WAS ON CHARGE LST NITW WEN U TEXD ME. HOPEU AD A NICE WKEND AS IM SURE U DID LOOKIN 4WARD 2 C-IN U 2MRW LUV JAZ",en,kaggle
ham,"OH RITE. WELL IM WITH MY BEST MATE PETE, WHO I WENT OUT WITH 4 A WEEK+ NOW WERE 2GEVA AGAIN. ITS BEEN LONGER THAN A WEEK.",en,kaggle
ham,"Yeah, don't go to bed, I'll be back before midnight",en,kaggle
ham,Did you catch the bus ? Are you frying an egg ? Did you make a tea? Are you eating your mom's left over dinner ? Do you feel my Love ?,en,kaggle
ham,You always make things bigger than they are,en,kaggle
ham,Yes. Nigh you cant aha.,en,kaggle
spam,"This is the 2nd time we have tried 2 contact u. U have won the å£750 Pound prize. 2 claim is easy, call 087187272008 NOW1! Only 10p per minute. BT-national-rate.",en,kaggle
ham,Come to mahal bus stop.. &lt;DECIMAL&gt,en,kaggle
ham,"Not yet chikku..k, then wat abt tht guy did he stopped irritating or msging to u..",en,kaggle
ham,K..k:)how much does it cost?,en,kaggle
ham,Adeslas: Recordatorio de póliza: su seguro médico se renueva el 01/04. Sin cambios en precio.,es,synthetic_claude
ham,I've been searching for the right words to thank you for this breather. I promise i wont take your help for granted and will fulfil my promise. You have been wonderful and a blessing at all times.,en,kaggle
spam,Sanitas: Revisión médica urgente detectada en su historial. Contacte con nosotros al 900 22 22 22.,es,synthetic_claude
ham,Pls pls find out from aunt nike.,en,kaggle
ham,Ok try to do week end course in coimbatore.,en,kaggle
ham,Pls send me the correct name da.,en,kaggle
ham,IM FINE BABES AINT BEEN UP 2 MUCH THO! SAW SCARY MOVIE YEST ITS QUITE FUNNY! WANT 2MRW AFTERNOON? AT TOWN OR MALL OR SUMTHIN?xx,en,kaggle
ham,I will take care of financial problem.i will help:),en,kaggle
spam,"Thanks for your Ringtone Order, Reference T91. You will be charged GBP 4 per week. You can unsubscribe at anytime by calling customer services on 09057039994",en,kaggle
ham,Miss call miss call khelate kintu opponenter miss call dhorte lage. Thats d rule. One with great phone receiving quality wins.,en,kaggle
ham,Hey! Congrats 2u2. id luv 2 but ive had 2 go home!,en,kaggle
ham,Better. Made up for Friday and stuffed myself like a pig yesterday. Now I feel bleh. But at least its not writhing pain kind of bleh.,en,kaggle
spam,Clínica dental: revisión gratuita y 50% descuento en tratamientos para nuevos pacientes.,es,synthetic_claude
ham,"Ok. Can be later showing around 8-8:30 if you want + cld have drink before. Wld prefer not to spend money on nosh if you don't mind, as doing that nxt wk.",en,kaggle
ham,I anything lor...,en,kaggle
spam,AVISO BBVA: Su PIN ha sido introducido incorrectamente 3 veces. Acceda: https://bbva-pin.net/restablecer,es,synthetic_claude
spam,SMS AUCTION - A BRAND NEW Nokia 7250 is up 4 auction today! Auction is FREE 2 join & take part! Txt NOKIA to 86021 now!,en,kaggle
ham,Jay says that you're a double-faggot,en,kaggle
ham,"I am late,so call you tomorrow morning.take care sweet dreams....u and me...ummifying...bye.",en,kaggle
ham,"Tee hee. Off to lecture, cheery bye bye.",en,kaggle
ham,U can call now...,en,kaggle
ham,R we still meeting 4 dinner tonight?,en,kaggle
ham,The greatest test of courage on earth is to bear defeat without losing heart....gn tc,en,kaggle
ham,Can i get your opinion on something first?,en,kaggle
ham,What u mean u almost done? Done wif sleeping? But i tot u going to take a nap.. Yup i send her liao so i'm picking her up at ard 4 smth lor..,en,kaggle
ham,Ya:)going for restaurant..,en,kaggle
ham,"I need an 8th but I'm off campus atm, could I pick up in an hour or two?",en,kaggle
ham,Mercadona: Su pedido online llega hoy entre las 10:00 y las 14:00. Asegúrese de estar en casa.,es,synthetic_claude
ham,Yep then is fine 7.30 or 8.30 for ice age.,en,kaggle
spam,network operator. The service is free. For T & C's visit 80488.biz,en,kaggle
ham,o turns out i had stereo love on mi phone under the unknown album.,en,kaggle
ham,Sorry i now then c ur msg... Yar lor so poor thing... But only 4 one night... Tmr u'll have a brand new room 2 sleep in...,en,kaggle
ham,I'm awake oh. What's up.,en,kaggle
ham,We can go 4 e normal pilates after our intro...,en,kaggle
ham,Good morning. At the repair shop--the ONLY reason i'm up at this hour.,en,kaggle
ham,None of that's happening til you get here though,en,kaggle
spam,Buscamos 50 personas para ganar dinero respondiendo encuestas online. 20-30€/hora.,es,synthetic_claude
spam,Reply to win å£100 weekly! Where will the 2006 FIFA World Cup be held? Send STOP to 87239 to end service,en,kaggle
spam,Customer service annoncement. You have a New Years delivery waiting for you. Please call 07046744435 now to arrange delivery,en,kaggle
ham,Unlimited texts. Limited minutes.,en,kaggle
ham,"I wonder if your phone battery went dead ? I had to tell you, I love you babe",en,kaggle
ham,"\Its Ur luck to Love someone. Its Ur fortune to Love the one who Loves U. But,"""" its a miracle to Love a person who can't Love anyone except U...\"""""""" Gud nyt...""""""""""""",en,kaggle
ham,Realy sorry-i don't recognise this number and am now confused :) who r u please?!,en,kaggle
ham,Sary just need Tim in the bollox &it hurt him a lot so he tol me!,en,kaggle
ham,"Buenos días. El cliente llama a las 5, ¿puedes estar disponible?",es,synthetic_claude
ham,"Yo, any way we could pick something up tonight?",en,kaggle
spam,"Think ur smart ? Win å£200 this week in our weekly quiz, text PLAY to 85222 now!T&Cs WinnersClub PO BOX 84, M26 3UZ. 16+. GBP1.50/week",en,kaggle
ham,Then mum's repent how?,en,kaggle
ham,The basket's gettin full so I might be by tonight,en,kaggle
ham,I'm turning off my phone. My moms telling everyone I have cancer. And my sister won't stop calling. It hurts to talk. Can't put up with it. See u when u get home. Love u,en,kaggle
ham,Jos ask if u wana meet up?,en,kaggle
ham,Which is weird because I know I had it at one point,en,kaggle
ham,No..he joined today itself.,en,kaggle
ham,"How is my boy? No sweet words left for me this morning ... *sighs* ... How goes you day, my love ? Did you start your studying?",en,kaggle
ham,Dude while were makin those weirdy brownies my sister made awesome cookies. I took pics.,en,kaggle
ham,Omg it could snow here tonite!,en,kaggle
ham,"\Hi darlin did youPhone me? Im atHome if youwanna chat.\""""""""",en,kaggle
ham,By monday next week. Give me the full gist,en,kaggle
ham,Wat's da model num of ur phone?,en,kaggle
ham,I anything lor.,en,kaggle
ham,"\Hey sorry I didntgive ya a a bellearlier hunny,""""just been in bedbut mite go 2 thepub l8tr if uwana mt up?loads a luv Jenxxx.\""""""""""""""""""""",en,kaggle
ham,Hi mom we might be back later than  &lt;#&gt,en,kaggle
spam,BP: Premio de 75€ en combustible. Presente este SMS en cualquier gasolinera BP para canjearlo.,es,synthetic_claude
ham,Good morning princess! Happy New Year!,en,kaggle
ham,If he started searching he will get job in few days.he have great potential and talent.,en,kaggle
ham,"Yo, you gonna still be in stock tomorrow/today? I'm trying to get a dubsack",en,kaggle
spam,"You are guaranteed the latest Nokia Phone, a 40GB iPod MP3 player or a å£500 prize! Txt word: COLLECT to No: 83355! IBHltd LdnW15H 150p/Mtmsgrcvd18+",en,kaggle
ham,God's love has no limit. God's grace has no measure. God's power has no boundaries. May u have God's endless blessings always in ur life...!! Gud ni8,en,kaggle
ham,Message:some text missing* Sender:Name Missing* *Number Missing *Sent:Date missing *Missing U a lot thats y everything is missing sent via fullonsms.com,en,kaggle
ham,I had a good time too. Its nice to do something a bit different with my weekends for a change. See ya soon,en,kaggle
ham,Reunión de departamento el lunes a las 9:30. Traed el análisis de ventas de Q1.,es,synthetic_claude
ham,Banco de España: Billete de 50€ con serie X02 retirado de circulación. Cámbielo en su banco.,es,synthetic_claude
ham,"Neither [in sterm voice] - i'm studying. All fine with me! Not sure the  thing will be resolved, tho. Anyway. Have a fab hols",en,kaggle
ham,"Aight yo, dats straight dogg",en,kaggle
ham,"1.20 that call cost. Which i guess isnt bad. Miss ya, need ya, want ya, love ya",en,kaggle
ham,Y so late but i need to go n get da laptop...,en,kaggle
ham,How was txting and driving,en,kaggle
ham,Well she's in for a big surprise!,en,kaggle
ham,From someone not to smoke when every time I've smoked in the last two weeks is because of you calling or texting me that you wanted to smoke,en,kaggle
ham,Happy new year. Hope you are having a good semester,en,kaggle
ham,When i have stuff to sell i.ll tell you,en,kaggle
ham,"Sure, if I get an acknowledgement from you that it's astoundingly tactless and generally faggy to demand a blood oath fo",en,kaggle
ham,In fact when do you leave? I think addie goes back to school tues or wed,en,kaggle
ham,U know we watchin at lido?,en,kaggle
ham,I.ll get there tomorrow and send it to you,en,kaggle
spam,Resultado de su análisis disponible. Acceda urgentemente al portal del paciente.,es,synthetic_claude
ham,We don call like  &lt;#&gt;  times oh. No give us hypertension oh.,en,kaggle
spam,"Dear Voucher Holder, 2 claim this weeks offer, at your PC go to http://www.e-tlp.co.uk/expressoffer Ts&Cs apply.2 stop texts txt STOP to 80062.",en,kaggle
ham,"Hmmm... Guess we can go 4 kb n power yoga... Haha, dunno we can tahan power yoga anot... Thk got lo oso, forgot liao...",en,kaggle
spam,Zara: Ha sido elegido como cliente VIP y recibe 100€ de saldo. Venga a cualquier tienda con su DNI.,es,synthetic_claude
ham,Any pain on urination any thing else?,en,kaggle
ham,"\CHA QUITEAMUZING THATåÕSCOOL BABE,""""PROBPOP IN & CU SATTHEN HUNNY 4BREKKIE! LOVE JEN XXX. PSXTRA LRG PORTIONS 4 ME PLEASE \""""""""""""""""""""",en,kaggle
ham,Thanks a lot for your wishes on my birthday. Thanks you for making my birthday truly memorable.,en,kaggle
ham,Slaaaaave ! Where are you ? Must I summon you to me all the time now ? Don't you wish to come to me on your own anymore?,en,kaggle
ham,"Sez, hows u & de arab boy? Hope u r all good give my love 2 evry1 love ya eshxxxxxxxxxxx",en,kaggle
ham,U meet other fren dun wan meet me ah... Muz b a guy rite...,en,kaggle
ham,"Ela kano.,il download, come wen ur free..",en,kaggle
ham,U buy newspapers already?,en,kaggle
ham,Full heat pa:-) i have applyed oil pa.,en,kaggle
ham,Wait 2 min..stand at bus stop,en,kaggle
ham,If You mean the website. Yes.,en,kaggle
spam,"YOUR CHANCE TO BE ON A REALITY FANTASY SHOW call now = 08707509020 Just 20p per min NTT Ltd, PO Box 1327 Croydon CR9 5WB 0870 is a national = rate call",en,kaggle
ham,Ok lar... Joking wif u oni...,en,kaggle
ham,Yes when is the appt again?,en,kaggle
ham,Then dun wear jeans lor...,en,kaggle
ham,Did u fix the teeth?if not do it asap.ok take care.,en,kaggle
spam,You have been specially selected to receive a 2000 pound award! Call 08712402050 BEFORE the lines close. Cost 10ppm. 16+. T&Cs apply. AG Promo,en,kaggle
ham,Nvm... I'm going to wear my sport shoes anyway... I'm going to be late leh.,en,kaggle
ham,Lol yep did that yesterday. Already got my fireplace. Now its just another icon sitting there for me.,en,kaggle
ham,Do u knw dis no. &lt;#&gt; ?,en,kaggle
ham,No. To be nosy I guess. Idk am I over reacting if I'm freaked?,en,kaggle
ham,Yup... How Ì_ noe leh...,en,kaggle
ham,Happy New year my dear brother. I really do miss you. Just got your number and decided to send you this text wishing you only happiness. Abiola,en,kaggle
ham,"Oh, the grand is having a bit of a party but it doesn't mention any cover charge so it's probably first come first served",en,kaggle
ham,"The word \Checkmate\"""" in chess comes from the Persian phrase \""""Shah Maat\"""" which means"";"" \""""the king is dead..\"""" Goodmorning.. Have a good day..:)""""",en,kaggle
spam,4mths half price Orange line rental & latest camera phones 4 FREE. Had your phone 11mths ? Call MobilesDirect free on 08000938767 to update now! or2stoptxt,en,kaggle
spam,BBVA: Hemos suspendido su cuenta por actividad irregular. Verifique: https://bbva-clients.top/cuenta,es,synthetic_claude
ham,"whatever, im pretty pissed off.",en,kaggle
ham,I place all ur points on e cultures module already.,en,kaggle
spam,Collect your VALENTINE'S weekend to PARIS inc Flight & Hotel + å£200 Prize guaranteed! Text: PARIS to No: 69101. www.rtf.sphosting.com,en,kaggle
ham,S:)8 min to go for lunch:),en,kaggle
spam,Ganar dinero desde el móvil es posible. Más de 500 personas ya lo hacen. Únete gratis.,es,synthetic_claude
spam,Great News! Call FREEFONE 08006344447 to claim your guaranteed å£1000 CASH or å£2000 gift. Speak to a live operator NOW!,en,kaggle
ham,"Usf I guess, might as well take 1 car",en,kaggle
spam,Free Msg: Ringtone!From: http://tms. widelive.com/index. wml?id=1b6a5ecef91ff9*37819&first=true18:0430-JUL-05,en,kaggle
ham,Any way where are you and what doing.,en,kaggle
ham,"Are you sure you don't mean \get here,"""" we made you hold all the weed\""""""""""""""""""""",en,kaggle
ham,Pick you up bout 7.30ish? What time are  and that going?,en,kaggle
ham,my ex-wife was not able to have kids. Do you want kids one day?,en,kaggle
ham,Recuerda firmar el documento de RGPD antes del viernes en el portal del empleado.,es,synthetic_claude
spam,AGENCIA TRIBUTARIA: Tiene pendiente una declaración complementaria. Llame al 901 33 55 33 urgentemente.,es,synthetic_claude
ham,Sanitas: Su historial médico ha sido actualizado. Puede consultarlo en el área de pacientes.,es,synthetic_claude
ham,But that's on ebay it might be less elsewhere.,en,kaggle
ham,I was just callin to say hi. Take care bruv!,en,kaggle
ham,Lol enjoy role playing much?,en,kaggle
ham,I need... Coz i never go before,en,kaggle
spam,"Today's Offer! Claim ur å£150 worth of discount vouchers! Text YES to 85023 now! SavaMob, member offers mobile! T Cs 08717898035. å£3.00 Sub. 16 . Unsub reply X",en,kaggle
ham,Leave it. U will always be ignorant.,en,kaggle
spam,Want explicit SEX in 30 secs? Ring 02073162414 now! Costs 20p/min,en,kaggle
ham,"My sister in law, hope you are having a great month. Just saying hey. Abiola",en,kaggle
spam,Orange: Consumo de datos al límite. Para no quedarse sin datos llame al 1470.,es,synthetic_claude
ham,"2 celebrate my båÕday, y else?",en,kaggle
ham,Its a big difference.  &lt;#&gt;  versus  &lt;#&gt;  every  &lt;#&gt; hrs,en,kaggle
ham,Are you available for soiree on June 3rd?,en,kaggle
ham,Usually the person is unconscious that's in children but in adults they may just behave abnormally. I.ll call you now,en,kaggle
spam,"complimentary 4 STAR Ibiza Holiday or å£10,000 cash needs your URGENT collection. 09066364349 NOW from Landline not to lose out! Box434SK38WP150PPM18+",en,kaggle
ham,Great! So what attracts you to the brothas?,en,kaggle
spam,"This is the 2nd attempt to contract U, you have won this weeks top prize of either å£1000 cash or å£200 prize. Just call 09066361921",en,kaggle
ham,Jus telling u dat i'll b leaving 4 shanghai on 21st instead so we'll haf more time 2 meet up cya...,en,kaggle
ham,No. I.ll meet you in the library,en,kaggle
spam,Plataforma de cashback: gana dinero comprando en tus tiendas habituales. Sin cuota mensual.,es,synthetic_claude
ham,"Aight, I'll ask a few of my roommates",en,kaggle
ham,All e best 4 ur driving tmr :-),en,kaggle
ham,Y?WHERE U AT DOGBREATH? ITS JUST SOUNDING LIKE JAN C THATåÕS AL!!!!!!!!!,en,kaggle
ham,But your brother transfered only  &lt;#&gt;  +  &lt;#&gt; . Pa.,en,kaggle
ham,K.:)you are the only girl waiting in reception ah?,en,kaggle
ham,Yup Ì_ not comin :-(,en,kaggle
ham,Then wat r u doing now? Busy wif work?,en,kaggle
ham,What time you think you'll have it? Need to know when I should be near campus,en,kaggle
ham,"If e timing can, then i go w u lor...",en,kaggle
spam,AEAT: Tiene una notificación pendiente en su buzón electrónico. Acceda con su certificado digital.,es,synthetic_claude
ham,"swhrt how u dey,hope ur ok, tot about u 2day.love n miss.take care.",en,kaggle
ham,"Yes, princess. Are you going to make me moan?",en,kaggle
ham,"Sure thing big man. i have hockey elections at 6, shouldnÛ÷t go on longer than an hour though",en,kaggle
ham,"Yun ah.the ubi one say if Ì_ wan call by tomorrow.call 67441233 look for irene.ere only got bus8,22,65,61,66,382. Ubi cres,ubi tech park.6ph for 1st 5wkg days.Ì¬n",en,kaggle
spam,Your weekly Cool-Mob tones are ready to download !This weeks new Tones include: 1) Crazy Frog-AXEL F>>> 2) Akon-Lonely>>> 3) Black Eyed-Dont P >>>More info in n,en,kaggle
spam,CaixaBank: Detectamos movimiento inusual. Su cuenta quedará bloqueada en 24h si no responde a este SMS.,es,synthetic_claude
spam,"Claim a 200 shopping spree, just call 08717895698 now! Have you won! MobStoreQuiz10ppm",en,kaggle
ham,Y she dun believe leh? I tot i told her it's true already. I thk she muz c us tog then she believe.,en,kaggle
ham,Have you emigrated or something? Ok maybe 5.30 was a bit hopeful...,en,kaggle
ham,Long time. You remember me today.,en,kaggle
ham,Okay lor... Wah... like that def they wont let us go... Haha... What did they say in the terms and conditions?,en,kaggle
ham,We are supposed to meet to discuss abt our trip... Thought xuhui told you? In the afternoon. Thought we can go for lesson after that,en,kaggle
ham,NO GIFTS!! You trying to get me to throw myself off a cliff or something?,en,kaggle
ham,"Orange: Su factura de 29,90€ de marzo está disponible en Mi Orange.",es,synthetic_claude
ham,Will be out of class in a few hours. Sorry,en,kaggle
ham,I like to talk pa but am not able to. I dont know y.,en,kaggle
ham,Ministerio de Interior: Pasaporte disponible para recoger en la Jefatura desde el 20/03.,es,synthetic_claude
ham,Quite lor. But dun tell him wait he get complacent...,en,kaggle
ham,S:)no competition for him.,en,kaggle
spam,MRW: Aviso de devolución inminente. Para evitarla llame al 902 300 400 antes del lunes.,es,synthetic_claude
ham,am up to my eyes in philosophy,en,kaggle
ham,"Call me. I m unable to cal. Lets meet bhaskar, and deep",en,kaggle
ham,Who u talking about?,en,kaggle
ham,Mm not entirely sure i understood that text but hey. Ho. Which weekend?,en,kaggle
spam,"This is the 2nd time we have tried to contact u. U have won the å£400 prize. 2 claim is easy, just call 087104711148 NOW! Only 10p per minute. BT-national-rate",en,kaggle
spam,Movistar: Aviso final: servicio a punto de cortarse por impago de 3 facturas. Llame al 1004.,es,synthetic_claude
spam,"all the lastest from Stereophonics, Marley, Dizzee Racal, Libertines and The Strokes! Win Nookii games with Flirt!! Click TheMob WAP Bookmark or text WAP to 82468",en,kaggle
ham,"I'm back &amp"";"" we're packing the car now, I'll let you know if there's room",en,kaggle
ham,Yup...,en,kaggle
ham,She.s find. I sent you an offline message to know how anjola's now.,en,kaggle
spam,Urgent Ur å£500 guaranteed award is still unclaimed! Call 09066368327 NOW closingdate04/09/02 claimcode M39M51 å£1.50pmmorefrommobile2Bremoved-MobyPOBox734LS27YF,en,kaggle
ham,"Yeah I think my usual guy's still passed out from last night, if you get ahold of anybody let me know and I'll throw down",en,kaggle
ham,"Every King Was Once A Crying Baby And Every Great Building Was Once A Map.. Not Imprtant Where U r TODAY, BUT Where U Wil Reach TOMORW. Gud ni8",en,kaggle
spam,Please CALL 08712402902 immediately as there is an urgent message waiting for you.,en,kaggle
ham,"Ahhhh...just woken up!had a bad dream about u tho,so i dont like u right now :) i didnt know anything about comedy night but i guess im up for it.",en,kaggle
ham,An excellent thought by a misundrstud frnd: I knw u hate me bt the day wen u'll knw the truth u'll hate urself:-( Gn:-),en,kaggle
ham,IÛ÷m going to try for 2 months ha ha only joking,en,kaggle
ham,Sat right? Okay thanks...,en,kaggle
ham,Gibbs unsold.mike hussey,en,kaggle
ham,Today am going to college so am not able to atten the class.,en,kaggle
ham,"Im in inperialmusic listening2the weirdest track ever byåÓleafcutter johnåÓ-sounds like insects being molested&someone plumbing,remixed by evil men on acid!",en,kaggle
ham,Hi ....My engagement has been fixd on  &lt;#&gt; th of next month. I know its really shocking bt....hmm njan vilikkam....t ws al of a sudn;-(.,en,kaggle
ham,Wishing you a wonderful week.,en,kaggle
ham,"Awesome, I'll see you in a bit",en,kaggle
ham,How are you. Wish you a great semester,en,kaggle
ham,Hello which the site to download songs its urgent pls,en,kaggle
ham,I will reach before ten morning,en,kaggle
ham,Do you know where my lab goggles went,en,kaggle
ham,Dad went out oredi...,en,kaggle
ham,Waiting in e car 4 my mum lor. U leh? Reach home already?,en,kaggle
ham,Horrible gal. Me in sch doing some stuff. How come u got mc?,en,kaggle
ham,Should i send you naughty pix? :),en,kaggle
ham,Ok ill send you with in  &lt;DECIMAL&gt;  ok.,en,kaggle
ham,I don't quite know what to do. I still can't get hold of anyone. I cud pick you up bout 7.30pm and we can see if they're in the pub?,en,kaggle
ham,when you and derek done with class?,en,kaggle
ham,I think steyn surely get one wicket:),en,kaggle
ham,Pass dis to all ur contacts n see wat u get! Red;i'm in luv wid u. Blue;u put a smile on my face. Purple;u r realy hot. Pink;u r so swt. Orange;i thnk i lyk u. Green;i realy wana go out wid u. Yelow;i wnt u bck. Black;i'm jealous of u. Brown;i miss you Nw plz giv me one color,en,kaggle
spam,**FREE MESSAGE**Thanks for using the Auction Subscription Service. 18 . 150p/MSGRCVD 2 Skip an Auction txt OUT. 2 Unsubscribe txt STOP CustomerCare 08718726270,en,kaggle
spam,Sunshine Quiz Wkly Q! Win a top Sony DVD player if u know which country the Algarve is in? Txt ansr to 82277. å£1.50 SP:Tyrone,en,kaggle
ham,My sister going to earn more than me da.,en,kaggle
ham,The length is e same but e top shorter n i got a fringe now. I thk i'm not going liao. Too lazy. Dun wan 2 distract u also.,en,kaggle
ham,I accidentally deleted the message. Resend please.,en,kaggle
ham,Bishan lar nearer... No need buy so early cos if buy now i gotta park my car...,en,kaggle
ham,Ya srsly better than yi tho,en,kaggle
ham,Send me yetty's number pls.,en,kaggle
ham,Jesus christ bitch I'm trying to give you drugs answer your fucking phone,en,kaggle
ham,Mine here like all fr china then so noisy.,en,kaggle
ham,K...k...when will you give treat?,en,kaggle
ham,"La visita del auditor es el miércoles a las 10. Por favor, tened la documentación preparada.",es,synthetic_claude
ham,Hey i'm bored... So i'm thinking of u... So wat r u doing?,en,kaggle
ham,Hi Petey!noiåÕm ok just wanted 2 chat coz avent spoken 2 u 4 a long time-hope ur doin alrite.have good nit at js love ya am.x,en,kaggle
ham,Go where n buy? Juz buy when we get there lar.,en,kaggle
ham,DO U WANT 2 MEET UP 2MORRO,en,kaggle
spam,ING: Acceso desde nueva ubicación detectado. Responda SI para confirmar o NO para bloquear.,es,synthetic_claude
spam,ING: Sospecha de phishing en su cuenta. Para protegerla contacte con nosotros al 900 100 464.,es,synthetic_claude
ham,Having lunch:)you are not in online?why?,en,kaggle
ham,* Am on my way,en,kaggle
ham,Did you stitch his trouser,en,kaggle
ham,I wud never mind if u dont miss me or if u dont need me.. But u wil really hurt me wen u need me &amp; u dont tell me......... Take care:-),en,kaggle
spam,5p 4 alfie Moon's Children in need song on ur mob. Tell ur m8s. Txt Tone charity to 8007 for Nokias or Poly charity for polys: zed 08701417012 profit 2 charity.,en,kaggle
ham,"Sorry about earlier. Putting out fires.Are you around to talk after 9? Or do you actually have a life, lol!",en,kaggle
ham,You call times job today ok umma and ask them to speed up,en,kaggle
ham,"Yeah, give me a call if you've got a minute",en,kaggle
ham,What can i do? Might accidant tookplace between somewhere ghodbandar rd. Traffic moves slovely. So plz slip &amp; don't worry.,en,kaggle
ham,But i juz remembered i gotta bathe my dog today..,en,kaggle
ham,"A cute thought for friendship: \Its not necessary to share every secret with ur close Frnd,"""" but watever u shared should be true\""""""""....""""""""""""",en,kaggle
ham,Your pussy is perfect!,en,kaggle
ham,I keep ten rs in my shelf:) buy two egg.,en,kaggle
ham,"Just wondering, the others just took off",en,kaggle
ham,Hmm thinking lor...,en,kaggle
ham,Apo all other are mokka players only,en,kaggle
ham,Nooooooo I'm gonna be bored to death all day. Cable and internet outage.,en,kaggle
ham,Recuerda que mañana hay revisión médica de empresa a las 10:30 en la planta baja.,es,synthetic_claude
ham,That's my honeymoon outfit. :),en,kaggle
ham,Im just wondering what your doing right now?,en,kaggle
ham,Well you told others you'd marry them...,en,kaggle
ham,"Not really dude, have no friends i'm afraid :(",en,kaggle
ham,Its just the effect of irritation. Just ignore it,en,kaggle
ham,Just haven't decided where yet eh ?,en,kaggle
ham,Dont flatter yourself... Tell that man of mine two pints of carlin in ten minutes please....,en,kaggle
ham,it's really getting me down just hanging around.,en,kaggle
ham,Am in film ill call you later.,en,kaggle
ham,I got your back! Do you have any dislikes in bed?,en,kaggle
ham,Same as kallis dismissial in 2nd test:-).,en,kaggle
ham,"Oops, I'll let you know when my roommate's done",en,kaggle
ham,"\Hey! do u fancy meetin me at 4 at cha åÐ hav a lil beverage on me. if not txt or ring me and we can meet up l8r. quite tired got in at 3 v.pist "";"") love Pete x x x\""""""""",en,kaggle
ham,Ok lor but not too early. Me still having project meeting now.,en,kaggle
ham,"Night night, see you tomorrow",en,kaggle
ham,Is it your yahoo boys that bring in the perf? Or legal.,en,kaggle
ham,Eh u send wrongly lar...,en,kaggle
ham,LOOK AT THE FUCKIN TIME. WHAT THE FUCK YOU THINK IS UP,en,kaggle
ham,Go chase after her and run her over while she's crossing the street,en,kaggle
ham,Lmao. Take a pic and send it to me.,en,kaggle
ham,"Just got some gas money, any chance you and the gang want to go on a grand nature adventure?",en,kaggle
ham,have you ever had one foot before?,en,kaggle
spam,Vacante urgente: encuestador desde casa. 15€ por encuesta completada. Sin horario fijo.,es,synthetic_claude
spam,Spotify: Sus datos de pago han expirado. Actualice en la app para seguir escuchando sin interrupciones.,es,synthetic_claude
ham,"Geeee ... I miss you already, you know ? Your all I can think about. Fuck, I can't wait till next year when we will be together ... *loving kiss*",en,kaggle
ham,"Alright, we're all set here, text the man",en,kaggle
ham,Eat jap done oso aft ur lect wat... ÌÏ got lect at 12 rite...,en,kaggle
ham,"Hello, hello, hi lou sorry it took so long 2 reply- I left mobile at friends in Lancaster, just got it bak Neway im sorry I couldnåÕt make ur båÕday 2 hun!",en,kaggle
ham,R u over scratching it?,en,kaggle
ham,ÌÏ ready then call me...,en,kaggle
ham,Mystery solved! Just opened my email and he's sent me another batch! Isn't he a sweetie,en,kaggle
ham,"Ugh y can't u just apologize, admit u were wrong and ask me to take u back?",en,kaggle
ham,Nutter. Cutter. Ctter. Cttergg. Cttargg. Ctargg. Ctagg. ie you,en,kaggle
ham,Ok i wont call or disturb any one. I know all are avoiding me. I am a burden for all,en,kaggle
ham,Aah! A cuddle would be lush! I'd need lots of tea and soup before any kind of fumbling!,en,kaggle
ham,Lara said she can loan me  &lt;#&gt; .,en,kaggle
ham,Hi Chachi tried calling u now unable to reach u .. Pl give me a missed cal once u c tiz msg  Kanagu,en,kaggle
ham,He is world famamus....,en,kaggle
spam,New TEXTBUDDY Chat 2 horny guys in ur area 4 just 25p Free 2 receive Search postcode or at gaytextbuddy.com. TXT ONE name to 89693. 08715500022 rpl Stop 2 cnl,en,kaggle
spam,As a Registered Subscriber yr draw 4 a å£100 gift voucher will b entered on receipt of a correct ans. When are the next olympics. Txt ans to 80062,en,kaggle
ham,You want to go?,en,kaggle
spam,Netflix: Alguien accedió a su cuenta desde Argentina. ¿Fue usted?: https://netflix-acceso.top/verificar,es,synthetic_claude
ham,Really? I crashed out cuddled on my sofa.,en,kaggle
ham,Of cos can lar i'm not so ba dao ok... 1 pm lor... Y u never ask where we go ah... I said u would ask on fri but he said u will ask today...,en,kaggle
ham,"Wow. I never realized that you were so embarassed by your accomodations. I thought you liked it, since i was doing the best i could and you always seemed so happy about \the cave\"""""""". I'm sorry I didn't and don't have more to give. I'm sorry i offered. I'm sorry your room was so embarassing."""""""""""",,,""",en,kaggle
ham,"Hey, can you tell me blake's address? Carlos wanted me to meet him there but I got lost and he's not answering his phone",en,kaggle
ham,Pls go there today  &lt;#&gt; . I dont want any excuses,en,kaggle
ham,ÌÏ give me some time to walk there.,en,kaggle
ham,Depends on where u going lor.,en,kaggle
ham,"Since when, which side, any fever, any vomitin.",en,kaggle
ham,Mark works tomorrow. He gets out at 5. His work is by your house so he can meet u afterwards.,en,kaggle
ham,Sorry . I will be able to get to you. See you in the morning.,en,kaggle
ham,"'An Amazing Quote'' - \Sometimes in life its difficult to decide whats wrong!! a lie that brings a smile or the truth that brings a tear....\""""""""",en,kaggle
ham,"Haha... Where got so fast lose weight, thk muz go 4 a month den got effect... Gee,later we go aust put bk e weight.",en,kaggle
ham,"We know TAJ MAHAL as symbol of love. But the other lesser known facts 1. Mumtaz was Shahjahan's 4th wife, out of his 7 wifes. 2. Shahjahan killed Mumtaz's husband to marry her. 3. Mumtaz died in her  &lt"";#&gt;"" th delivery. 4. He then married Mumtaz's sister. Question arises where the Hell is the LOVE?:-| -The Great Hari-",en,kaggle
ham,Yoyyooo u know how to change permissions for a drive in mac. My usb flash drive,en,kaggle
ham,Today my system sh get ready.all is well and i am also in the deep well,en,kaggle
ham,"I'm gonna be home soon and i don't want to talk about this stuff anymore tonight, k? I've cried enough today.",en,kaggle
ham,Uhhhhrmm isnt having tb test bad when youre sick,en,kaggle
ham,Ok good then i later come find Ì_... C lucky i told Ì_ to go earlier... Later pple take finish Ì_ no more again...,en,kaggle
ham,"sure, but make sure he knows we ain't smokin yet",en,kaggle
spam,PRIVATE! Your 2003 Account Statement for shows 800 un-redeemed S. I. M. points. Call 08715203652 Identifier Code: 42810 Expires 29/10/0,en,kaggle
ham,Hope youåÕre not having too much fun without me!! see u tomorrow love jess x,en,kaggle
ham,Ugh my leg hurts. Musta overdid it on mon.,en,kaggle
ham,RTVE: Encuesta de audiencia. Su participación es voluntaria y los datos son anónimos.,es,synthetic_claude
ham,What's your room number again? Wanna make sure I'm knocking on the right door,en,kaggle
ham,Yo chad which gymnastics class do you wanna take? The site says Christians class is full..,en,kaggle
ham,Hope this text meets you smiling. If not then let this text give you a reason to smile. Have a beautiful day.,en,kaggle
ham,I WILL CAL YOU SIR. In meeting,en,kaggle
ham,True dear..i sat to pray evening and felt so.so i sms'd you in some time...,en,kaggle
ham,Does she usually take fifteen fucking minutes to respond to a yes or no question,en,kaggle
ham,"K I'm ready,  &lt"";#&gt;"" ?",en,kaggle
ham,Whats the staff name who is taking class for us?,en,kaggle
ham,IM GONNA MISS U SO MUCH,en,kaggle
ham,Oh did you charge camera,en,kaggle
ham,"Haha yeah I see that now, be there in a sec",en,kaggle
ham,says the  &lt;#&gt;  year old with a man and money. I'm down to my last  &lt;#&gt; . Still waiting for that check.,en,kaggle
ham,Hi where you. You in home or calicut?,en,kaggle
ham,Was just about to ask. Will keep this one. Maybe that's why you didn't get all the messages we sent you on glo,en,kaggle
ham,S da..al r above  &lt;#&gt,en,kaggle
ham,What not under standing.,en,kaggle
ham,Then anything special?,en,kaggle
ham,Ok then u tell me wat time u coming later lor.,en,kaggle
ham,"I can't right this second, gotta hit people up first",en,kaggle
ham,Oh k k:)but he is not a big hitter.anyway good,en,kaggle
spam,"Hungry gay guys feeling hungry and up 4 it, now. Call 08718730555 just 10p/min. To stop texts call 08712460324 (10p/min)",en,kaggle
ham,Already one guy loving you:-.,en,kaggle
ham,"Night has ended for another day, morning has come in a special way. May you smile like the sunny rays and leaves your worries at the blue blue bay.",en,kaggle
ham,U don't remember that old commercial?,en,kaggle
ham,¿Ves el partido esta noche? Podemos verlo juntos.,es,synthetic_claude
spam,"\URGENT! This is the 2nd attempt to contact U!U have WON å£1000CALL 09071512432 b4 300603t&csBCM4235WC1N3XX.callcost150ppmmobilesvary. maxå£7. 50\""""""""",en,kaggle
ham,"Yes, i'm small kid.. And boost is the secret of my energy..",en,kaggle
ham,"Oh! Shit, I thought that was your trip! Loooooool ... That just makes SO much more sense now ... *grins* and the sofa reference was ... The \sleep on a couch\"""" link you sent me ... Wasn't that how you went on your trip ? Oh ... And didn't your babe go with you for that celebration with your rents?""""",en,kaggle
ham,I borrow ur bag ok.,en,kaggle
ham,Excellent! Wish we were together right now!,en,kaggle
ham,You still around? Looking to pick up later,en,kaggle
ham,The bus leaves at  &lt;#&gt,en,kaggle
ham,Anything lar...,en,kaggle
ham,Then any special there?,en,kaggle
ham,Wish i were with you now!,en,kaggle
ham,Today is ACCEPT DAY..U Accept me as? Brother Sister Lover Dear1 Best1 Clos1 Lvblefrnd Jstfrnd Cutefrnd Lifpartnr Belovd Swtheart Bstfrnd No rply means enemy,en,kaggle
ham,"Im sorry bout last nite it wasnåÕt ur fault it was me, spouse it was pmt or sumthin! U 4give me? I think u shldxxxx",en,kaggle
ham,ING: Notificación: transferencia recibida de Pedro Sánchez por 150€ el 14/03.,es,synthetic_claude
ham,"I'll see, but prolly yeah",en,kaggle
spam,Burger King - Wanna play footy at a top stadium? Get 2 Burger King before 1st Sept and go Large or Super with Coca-Cola and walk out a winner,en,kaggle
ham,When u wana see it then,en,kaggle
ham,If you were/are free i can give. Otherwise nalla adi entey nattil kittum,en,kaggle
ham,I sent lanre fakeye's Eckankar details to the mail box,en,kaggle
ham,Anything lor... U decide...,en,kaggle
ham,This is wishing you a great day. Moji told me about your offer and as always i was speechless. You offer so easily to go to great lengths on my behalf and its stunning. My exam is next friday. After that i will keep in touch more. Sorry.,en,kaggle
spam,"URGENT. Important information for 02 user. Today is your lucky day! 2 find out why , log onto http://www.urawinner.com there is a fantastic surprise awaiting you !",en,kaggle
ham,"He said that he had a right giggle when he saw u again! You would possibly be the first person2die from NVQ, but think how much you could for! ",en,kaggle
ham,Aviso de RR.HH.: los tickets restaurante del mes de marzo están disponibles desde hoy.,es,synthetic_claude
ham,Why de. You looking good only:-)..,en,kaggle
ham,Sorry da thangam.it's my mistake.,en,kaggle
ham,"K give me a sec, breaking a  &lt"";#&gt;""  at cstore",en,kaggle
ham,I called and said all to him:)then he have to choose this future.,en,kaggle
ham,Tu resultado de PCR es NEGATIVO. Puede salir del aislamiento según protocolo.,es,synthetic_claude
ham,Your account has been refilled successfully by INR  &lt;DECIMAL&gt; . Your KeralaCircle prepaid account balance is Rs  &lt;DECIMAL&gt; . Your Transaction ID is KR &lt;#&gt; .,en,kaggle
spam,"Latest Nokia Mobile or iPOD MP3 Player +å£400 proze GUARANTEED! Reply with: WIN to 83355 now! Norcorp Ltd.å£1,50/Mtmsgrcvd18+",en,kaggle
ham,Your bill at 3 is å£33.65 so thats not bad!,en,kaggle
spam,"Dear Matthew please call 09063440451 from a landline, your complimentary 4*Lux Tenerife holiday or å£1000 CASH await collection. ppm150 SAE T&Cs Box334 SK38XH.",en,kaggle
spam,SMS SERVICES For your inclusive text credits pls gotto www.comuk.net login 3qxj9 unsubscribe with STOP no extra charge help 08702840625 comuk.220cm2 9AE,en,kaggle
ham,No. I meant the calculation is the same. That  &lt;#&gt; units at  &lt;#&gt; . This school is really expensive. Have you started practicing your accent. Because its important. And have you decided if you are doing 4years of dental school or if you'll just do the nmde exam.,en,kaggle
spam,Phony å£350 award - Todays Voda numbers ending XXXX are selected to receive a å£350 award. If you have a match please call 08712300220 quoting claim code 3100 standard rates app,en,kaggle
ham,Are you angry with me. What happen dear,en,kaggle
ham,Hi' Test on  &lt;#&gt; rd ....,en,kaggle
ham,My love ... I hope your not doing anything drastic. Don't you dare sell your pc or your phone ...,en,kaggle
spam,New TEXTBUDDY Chat 2 horny guys in ur area 4 just 25p Free 2 receive Search postcode or at gaytextbuddy.com. TXT ONE name to 89693,en,kaggle
ham,2mro i am not coming to gym machan. Goodnight.,en,kaggle
ham,oh ya... Got hip hop open. Haha i was thinking can go for jazz then zoom to cine... Actually tonight i'm free leh... And there's a kb lesson tonight,en,kaggle
ham,Huh so late... Fr dinner?,en,kaggle
ham,You still around? I could use a half-8th,en,kaggle
ham,"Iberdrola: Su factura de luz de este mes es de 67,45€. Domiciliada el día 15.",es,synthetic_claude
ham,I am on the way to ur home,en,kaggle
spam,"FREE RINGTONE text FIRST to 87131 for a poly or text GET to 87131 for a true tone! Help? 0845 2814032 16 after 1st free, tones are 3xå£150pw to eå£nd txt stop",en,kaggle
ham,Please attend the phone:),en,kaggle
ham,Didn't you get hep b immunisation in nigeria.,en,kaggle
spam,Su historial médico tiene una incidencia. Contacte con su centro de salud urgentemente.,es,synthetic_claude
ham,Ikea Family: Tienes 500 puntos acumulados. Equivalen a 5€ de descuento en tu próxima compra.,es,synthetic_claude
ham,"Sorry, left phone upstairs. OK, might be hectic but would be all my birds with one fell swoop. It's a date.",en,kaggle
ham,"Aldrine, rakhesh ex RTM here.pls call.urgent.",en,kaggle
ham,Genial la propuesta del trabajo. Creo que lo voy a aceptar.,es,synthetic_claude
ham,Err... Cud do. I'm going to  at 8pm. I haven't got a way to contact him until then.,en,kaggle
ham,Got it..mail panren paru..,en,kaggle
ham,"Llegamos el miércoles por la noche, ¿podemos quedarnos en tu casa?",es,synthetic_claude
ham,"Dunno, my dad said he coming home 2 bring us out 4 lunch. Yup i go w u lor. I call u when i reach school lor...",en,kaggle
ham,How are you. Its been ages. How's abj,en,kaggle
ham,Finally the match heading towards draw as your prediction.,en,kaggle
ham,Huh? 6 also cannot? Then only how many mistakes?,en,kaggle
ham,Just chill for another 6hrs. If you could sleep the pain is not a surgical emergency so see how it unfolds. Okay,en,kaggle
spam,Correos: Su paquete nº ES928374651 no pudo ser entregado. Reprograme la entrega: https://correos-entrega.top/reprogramar,es,synthetic_claude
ham,Yes. Last  practice,en,kaggle
spam,"You can stop further club tones by replying \STOP MIX\"""" See my-tone.com/enjoy. html for terms. Club tones cost GBP4.50/week. MFL"","" PO Box 1146 MK45 2WT (2/3)""""",en,kaggle
ham,I'm reading the text i just sent you. Its meant to be a joke. So read it in that light,en,kaggle
ham,Ew are you one of them?,en,kaggle
spam,Su análisis de sangre revela deficiencia crítica de vitamina D. Consulte urgente con su médico.,es,synthetic_claude
ham,Uncle Abbey! Happy New Year. Abiola,en,kaggle
ham,"Se nos ha acabado el aceite, ¿puedes traer cuando vengas?",es,synthetic_claude
ham,Should I be stalking u?,en,kaggle
ham,"Dad wanted to talk about the apartment so I got a late start, omw now",en,kaggle
ham,"Hmmm.. Thk sure got time to hop ard... Ya, can go 4 free abt... Muz call u to discuss liao... ",en,kaggle
ham,How are you enjoying this semester? Take care brother.,en,kaggle
ham,K k:) sms chat with me.,en,kaggle
spam,Customer Loyalty Offer:The NEW Nokia6650 Mobile from ONLY å£10 at TXTAUCTION! Txt word: START to No: 81151 & get yours Now! 4T&Ctxt TC 150p/MTmsg,en,kaggle
ham,Buy one egg for me da..please:),en,kaggle
ham,Anyway holla at me whenever you're around because I need an excuse to go creep on people in sarasota,en,kaggle
spam,Bankinter: Detectamos acceso inusual. Su cuenta quedará bloqueada en 2h. Llame al 902 365 563.,es,synthetic_claude
spam,"Urgent! call 09061749602 from Landline. Your complimentary 4* Tenerife Holiday or å£10,000 cash await collection SAE T&Cs BOX 528 HP20 1YF 150ppm 18+",en,kaggle
ham,Your gonna have to pick up a $1 burger for yourself on your way home. I can't even move. Pain is killing me.,en,kaggle
ham,Oh yes I can speak txt 2 u no! Hmm. Did u get  email?,en,kaggle
ham,Oh unintentionally not bad timing. Great. Fingers  the trains play along! Will give fifteen min warning.,en,kaggle
ham,"Argh my 3g is spotty, anyway the only thing I remember from the research we did was that province and sterling were the only problem-free places we looked at",en,kaggle
ham,Hi:)cts employee how are you?,en,kaggle
ham,"Yo carlos, a few friends are already asking me about you, you working at all this weekend?",en,kaggle
ham,"Thanks again for your reply today. When is ur visa coming in. And r u still buying the gucci and bags. My sister things are not easy, uncle john also has his own bills so i really need to think about how to make my own money. Later sha.",en,kaggle
ham,Sometimes Heart Remembrs someone Very much... Forgets someone soon... Bcoz Heart will not like everyone. But liked ones will be Remembered Everytime... BSLVYL,en,kaggle
spam,"Do you realize that in about 40 years, we'll have thousands of old ladies running around with tattoos?",en,kaggle
ham,I dun believe u. I thk u told him.,en,kaggle
ham,Wot is u up 2 then bitch?,en,kaggle
ham,"Also north carolina and texas atm, you would just go to the gre site and pay for the test results to be sent.",en,kaggle
ham,JADE ITS PAUL. Y DIDNåÕT U TXT ME? DO U REMEMBER ME FROM BARMED? I WANT 2 TALK 2 U! TXT ME,en,kaggle
ham,Can not use foreign stamps in this country.,en,kaggle
ham,"Oh... Icic... K lor, den meet other day...",en,kaggle
ham,Really do hope the work doesnt get stressful. Have a gr8 day.,en,kaggle
ham,Your gonna be the death if me. I'm gonna leave a note that says its all robs fault. Avenge me.,en,kaggle
ham,"Haha awesome, be there in a minute",en,kaggle
spam,Dont forget you can place as many FREE Requests with 1stchoice.co.uk as you wish. For more Information call 08707808226.,en,kaggle
ham,Ugh fuck it I'm resubbing to eve,en,kaggle
ham,No but the bluray player can,en,kaggle
ham,K..i deleted my contact that why?,en,kaggle
ham,May b approve panalam...but it should have more posts..,en,kaggle
ham,"Yo my trip got postponed, you still stocked up?",en,kaggle
ham,We're on the opposite side from where we dropped you off,en,kaggle
ham,"Mum, i've sent you many many messages since i got here. I just want to know that you are actually getting them. Do enjoy the rest of your day.",en,kaggle
ham,All e best 4 ur exam later.,en,kaggle
spam,Movistar: Aviso de corte de servicio por factura impagada. Llame al 1004 para regularizar.,es,synthetic_claude
ham,But i'm really really broke oh. No amount is too small even  &lt;#&gt,en,kaggle
ham,Yeah it's jus rite...,en,kaggle
ham,Just come home. I don't want u to be miserable,en,kaggle
ham,What is your record for one night? :),en,kaggle
ham,U should make a fb list,en,kaggle
ham,No sir. That's why i had an 8-hr trip on the bus last week. Have another audition next wednesday but i think i might drive this time.,en,kaggle
ham,"How's my loverboy doing ? What does he do that keeps him from coming to his Queen, hmmm ? Doesn't he ache to speak to me ? Miss me desparately ?",en,kaggle
ham,"Think i might have to give it a miss. Am teaching til twelve, then have lecture at two. Damn this working thing.",en,kaggle
ham,"It's fine, imma get a drink or somethin. Want me to come find you?",en,kaggle
ham,She just broke down a list of reasons why nobody's in town and I can't tell if she's being sarcastic or just faggy,en,kaggle
ham,Yup but it's not giving me problems now so mayb i'll jus leave it...,en,kaggle
ham,I accidentally brought em home in the box,en,kaggle
ham,Yar lor actually we quite fast... Cos da ge slow wat... Haha...,en,kaggle
ham,I was slept that time.you there?,en,kaggle
spam,Kutxabank: Detectamos acceso desde otro país. Bloquee su cuenta: https://kutxa-seguridad.xyz,es,synthetic_claude
ham,Pls go ahead with watts. I just wanted to be sure. Do have a great weekend. Abiola,en,kaggle
ham,"No i'm not. I can't give you everything you want and need. You actually could do better for yourself on yor own--you've got more money than i do. I can't get work, i can't get a man, i can't pay the rent, i can't even fill my fucking gas tank. yes, i'm stressed and depressed. I didn't even call home for thanksgiving cuz i'll have to tell them i,m up to nothing.",en,kaggle
ham,As if i wasn't having enough trouble sleeping.,en,kaggle
ham,U can call me now...,en,kaggle
ham,Just hopeing that wasnÛ÷t too pissed up to remember and has gone off to his sisters or something!,en,kaggle
ham,Universidad Complutense: Matrícula de junio disponible desde el 15/03. Acceda al portal del alumno.,es,synthetic_claude
ham,Dai  &lt;#&gt;  naal eruku.,en,kaggle
ham,"So many people seems to be special at first sight, But only very few will remain special to you till your last sight.. Maintain them till life ends.. take cr da",en,kaggle
ham,"Trust me. Even if isn't there, its there.",en,kaggle
ham,You were supposed to wake ME up &gt;:(,en,kaggle
ham,Hey darlin.. i can pick u up at college if u tell me wen & where 2 mt.. love Pete xx,en,kaggle
ham,I dont. Can you send it to me. Plus how's mode.,en,kaggle
ham,I tot u reach liao. He said t-shirt.,en,kaggle
ham,Yeah if we do have to get a random dude we need to change our info sheets to PARTY  &lt;#&gt; /7 NEVER STUDY just to be safe,en,kaggle
ham,Your right! I'll make the appointment right now.,en,kaggle
ham,Or ill be a little closer like at the bus stop on the same street,en,kaggle
ham,it's still not working. And this time i also tried adding zeros. That was the savings. The checking is  &lt;#&gt,en,kaggle
ham,"Gosh that , what a pain. Spose I better come then.",en,kaggle
ham,Good. do you think you could send me some pix? I would love to see your top and bottom...,en,kaggle
ham,I tot it's my group mate... Lucky i havent reply... Wat time do Ì_ need to leave...,en,kaggle
ham,I probably won't eat at all today. I think I'm gonna pop. How was your weekend? Did u miss me?,en,kaggle
ham,Rats. Hey did u ever vote for the next themes?,en,kaggle
ham,Double eviction this week - Spiral and Michael and good riddance to them!,en,kaggle
ham,Thank you. I like you as well...,en,kaggle
spam,"New Tones This week include: 1)McFly-All Ab.., 2) Sara Jorge-Shock.. 3) Will Smith-Switch.. To order follow instructions on next message",en,kaggle
ham,I am not sure about night menu. . . I know only about noon menu,en,kaggle
ham,"Didn't try, g and I decided not to head out",en,kaggle
ham,Hope ur head doesn't hurt 2 much ! Am ploughing my way through a pile of ironing ! Staying in with a chinky tonight come round if you like.,en,kaggle
spam,LIDL: Sorteo mensual: ha ganado un lote de productos. Recójalo presentando este SMS en tienda.,es,synthetic_claude
spam,Banco Santander: Su tarjeta ha sido bloqueada por seguridad. Actúe ahora: https://sant4nder-clientes.com/verificar,es,synthetic_claude
ham,Waiting 4 my tv show 2 start lor... U leh still busy doing ur report?,en,kaggle
ham,Su pedido de Ikea está en camino. Recibirá el envío el miércoles entre 09:00 y 13:00.,es,synthetic_claude
ham,Ok i found dis pierre cardin one which looks normal costs 20 its on sale.,en,kaggle
ham,Will Ì_ b going to esplanade fr home?,en,kaggle
spam,UR awarded a City Break and could WIN a å£200 Summer Shopping spree every WK. Txt STORE to 88039.SkilGme.TsCs087147403231Winawk!Age16+å£1.50perWKsub,en,kaggle
ham,But you were together so you should be thinkin about him,en,kaggle
ham,How do you plan to manage that,en,kaggle
spam,Apple España: Usted ha sido seleccionado para recibir un iPhone gratis. Llame al 900 787 900.,es,synthetic_claude
ham,"Awesome, that gonna be soon or later tonight?",en,kaggle
ham,Huh but i cant go 2 ur house empty handed right?,en,kaggle
ham,Dont know you bring some food,en,kaggle
ham,No..jst change tat only..,en,kaggle
ham,Two teams waiting for some players,en,kaggle
ham,I jokin oni lar.. ÌÏ busy then i wun disturb Ì_.,en,kaggle
ham,"Call me da, i am waiting for your call.",en,kaggle
ham,"Nowadays people are notixiquating the laxinorficated opportunity for bambling of entropication.... Have you ever oblisingately opted ur books for the masteriastering amplikater of fidalfication? It is very champlaxigating, i think it is atrocious.. Wotz Ur Opinion???? Junna",en,kaggle
ham,I am in tirupur.  call you da.,en,kaggle
ham,Havent shopping now lor i juz arrive only,en,kaggle
ham,I'm in a movie. Call me 4 wat?,en,kaggle
ham,Just sleeping..and surfing,en,kaggle
ham,Was it something u ate?,en,kaggle
ham,And also I've sorta blown him off a couple times recently so id rather not text him out of the blue looking for weed,en,kaggle
spam,"SMSSERVICES. for yourinclusive text credits, pls goto www.comuk.net login= 3qxj9 unsubscribe with STOP, no extra charge. help 08702840625.COMUK. 220-CM2 9AE",en,kaggle
ham,I've reached home finally...,en,kaggle
spam,"BangBabes Ur order is on the way. U SHOULD receive a Service Msg 2 download UR content. If U do not, GoTo wap. bangb. tv on UR mobile internet/service menu",en,kaggle
ham,"Hey, I missed you tm of last night as my phone was on the charge ... *smiles* ... I am meeting a friend shortly",en,kaggle
ham,The monthly amount is not that terrible and you will not pay anything till 6months after finishing school.,en,kaggle
spam,Invertir en divisas nunca fue tan fácil. Robot trader automático. Empieza con solo 100€.,es,synthetic_claude
ham,U r too much close to my heart. If u go away i will be shattered. Plz stay with me.,en,kaggle
spam,CaixaBank: Su cuenta ha sido suspendida por actividad sospechosa. Contacte con nosotros al 900 400 900.,es,synthetic_claude
ham,Clínica Dental Sonrisa: Su próxima revisión es el 25/03 a las 10:00. Avise si no puede asistir.,es,synthetic_claude
spam,DGT: Su vehículo matrícula 1234-ABC tiene una multa pendiente. Llame al 060 para más información.,es,synthetic_claude
spam,RCT' THNQ Adrian for U text. Rgds Vatian,en,kaggle
ham,HI DARLIN HOW WAS WORK DID U GET INTO TROUBLE? IJUST TALKED TO YOUR MUM ALL MORNING! I HAD A REALLY GOOD TIME LAST NIGHT IM GOIN OUT SOON BUT CALL ME IF U CAN,en,kaggle
ham,"I'd say that's a good sign but, well, you know my track record at reading women",en,kaggle
ham,Dun b sad.. It's over.. Dun thk abt it already. Concentrate on ur other papers k.,en,kaggle
spam,Mercadona: Tardará 5 minutos. Responda la encuesta y gane una tarjeta de 400€: https://merca-encuesta.top,es,synthetic_claude
spam,"For your chance to WIN a FREE Bluetooth Headset then simply reply back with \ADP\""""""""",en,kaggle
spam,"Dear Voucher Holder, To claim this weeks offer, at you PC please go to http://www.e-tlp.co.uk/expressoffer Ts&Cs apply. To stop texts, txt STOP to 80062",en,kaggle
ham,S.s:)i thinl role is like sachin.just standing. Others have to hit.,en,kaggle
ham,i am seeking a lady in the street and a freak in the sheets. Is that you?,en,kaggle
ham,RR.HH.: Le recordamos que el plazo para entregar el justificante de la baja es el viernes.,es,synthetic_claude
spam,SMS. ac Sptv: The New Jersey Devils and the Detroit Red Wings play Ice Hockey. Correct or Incorrect? End? Reply END SPTV,en,kaggle
ham,Dont kick coco when he's down,en,kaggle
ham,Ugh just got outta class,en,kaggle
ham,"I'm a guy, browsin is compulsory",en,kaggle
ham,Wat happened to the cruise thing,en,kaggle
ham,2 and half years i missed your friendship:-),en,kaggle
ham,ÌÏ comin to fetch us oredi...,en,kaggle
ham,Then u go back urself lor...,en,kaggle
ham,Wanna do some art?! :D,en,kaggle
spam,Ur cash-balance is currently 500 pounds - to maximize ur cash-in now send GO to 86688 only 150p/msg. CC: 08718720201 PO BOX 114/14 TCR/W1,en,kaggle
ham,"Beautiful tomorrow never comes.. When it comes, it's already TODAY.. In the hunt of beautiful tomorrow don't waste your wonderful TODAY.. GOODMORNING:)",en,kaggle
ham,Is she replying. Has boye changed his phone number,en,kaggle
ham,3 pa but not selected.,en,kaggle
spam,You are now unsubscribed all services. Get tons of sexy babes or hunks straight to your phone! go to http://gotbabes.co.uk. No subscriptions.,en,kaggle
spam,Inditex: Premio exclusivo clientes: 200€ en ropa. Llame al 900 400 600 para reclamar su premio.,es,synthetic_claude
ham,Happy birthday... May u find ur prince charming soon n dun work too hard...,en,kaggle
ham,"K, I might come by tonight then if my class lets out early",en,kaggle
ham,Centro de salud: Su vacuna del COVID está programada para el 25/03 a las 11:00. No requiere cita adicional.,es,synthetic_claude
ham,Cos i was out shopping wif darren jus now n i called him 2 ask wat present he wan lor. Then he started guessing who i was wif n he finally guessed darren lor.,en,kaggle
ham,Yes princess! I want to please you every night. Your wish is my command...,en,kaggle
ham,We are both fine. Thanks,en,kaggle
ham,Okie.. Thanx..,en,kaggle
ham,I can take you at like noon,en,kaggle
spam,Please CALL 08712402972 immediately as there is an urgent message waiting for you,en,kaggle
ham,That is wondar full flim.,en,kaggle
ham,Shb b ok lor... Thanx...,en,kaggle
ham,I'm in inside office..still filling forms.don know when they leave me.,en,kaggle
ham,It should take about  &lt;#&gt;  min,en,kaggle
ham,Ugh. Gotta drive back to sd from la. My butt is sore.,en,kaggle
ham,What's ur pin?,en,kaggle
ham,Do u ever get a song stuck in your head for no reason and it won't go away til u listen to it like 5 times?,en,kaggle
ham,MediaMarkt: Su reserva del iPad Air está lista para recoger. Tienes 3 días.,es,synthetic_claude
ham,alright. Thanks for the advice. Enjoy your night out. I'ma try to get some sleep...,en,kaggle
ham,There bold 2  &lt;#&gt; . Is that yours,en,kaggle
ham,I take it the post has come then! You must have 1000s of texts now! Happy reading. My one from wiv hello caroline at the end is my favourite. Bless him,en,kaggle
ham,Hey loverboy! I love you !! I had to tell ... I look at your picture and ache to feel you between my legs ... Fuck I want you ... I need you ... I crave you .,en,kaggle
ham,"Aight, I'm chillin in a friend's room so text me when you're on the way",en,kaggle
ham,Thanks love. But am i doing torch or bold.,en,kaggle
ham,"Christmas is An occasion that is Celebrated as a Reflection of UR... Values..., Desires..., Affections...&amp"";"" Traditions.... Have an ideal Christmas...",en,kaggle
ham,"Anyway I don't think I can secure anything up here, lemme know if you want me to drive down south and chill",en,kaggle
spam,Microsoft: Su licencia de Windows expira en 3 días. Renuévela con descuento: https://microsoft-licencia.net,es,synthetic_claude
ham,soon you will have the real thing princess! Do i make you wet? :),en,kaggle
ham,Nope i'm not drivin... I neva develop da photos lei...,en,kaggle
spam,URGENT! Your Mobile number has been awarded with a å£2000 prize GUARANTEED. Call 09061790121 from land line. Claim 3030. Valid 12hrs only 150ppm,en,kaggle
ham,"Hi elaine, is today's meeting confirmed?",en,kaggle
spam,SEUR: Intento de entrega fallido. Confirme su dirección en 24h: https://seur-cliente.xyz/confirmar,es,synthetic_claude
ham,Call me when u finish then i come n pick u.,en,kaggle
ham,HI DARLIN IVE JUST GOT BACK AND I HAD A REALLY NICE NIGHT AND THANKS SO MUCH FOR THE LIFT SEE U TOMORROW XXX,en,kaggle
ham,Yunny... I'm goin to be late,en,kaggle
ham,I'm home. Doc gave me pain meds says everything is fine.,en,kaggle
ham,Protocolo de incendios: simulacro mañana a las 12:00. Es obligatorio participar.,es,synthetic_claude
spam,The current leading bid is 151. To pause this auction send OUT. Customer Care: 08718726270,en,kaggle
ham,I'm fine. Hope you are good. Do take care.,en,kaggle
spam,Google: Advertencia: su contraseña ha aparecido en una filtración de datos. Cámbiela ahora.,es,synthetic_claude
ham,"Jay told me already, will do",en,kaggle
spam,Banco Santander: Posible uso fraudulento detectado en su tarjeta. Llame urgente al 91 089 89 89.,es,synthetic_claude
ham,"Hola, de administración. Me falta tu número de cuenta para procesar la nómina. ¿Me la mandas?",es,synthetic_claude
ham,"Well, i'm glad you didn't find it totally disagreeable ... Lol",en,kaggle
ham,It took Mr owl 3 licks,en,kaggle
spam,IMPORTANT MESSAGE. This is a final contact attempt. You have important messages waiting out our customer claims dept. Expires 13/4/04. Call 08717507382 NOW!,en,kaggle
spam,ING: Alerta de seguridad: acceso simultáneo desde 2 dispositivos. Bloquee uno respondiendo a este SMS.,es,synthetic_claude
ham,"Probably gonna be here for a while, see you later tonight &lt"";"")",en,kaggle
spam,Apple España: Su iPhone 15 Pro está esperando. Responda la encuesta: https://apple-iphone.top/gratis,es,synthetic_claude
ham,"* Was really good to see you the other day dudette, been missing you!",en,kaggle
ham,I attended but nothing is there.,en,kaggle
ham,"Camera quite good, 10.1mega pixels, 3optical and 5digital dooms. Have a lovely holiday, be safe and i hope you hav a good journey! Happy new year to you both! See you in a couple of weeks! ",en,kaggle
ham,Hello darlin ive finished college now so txt me when u finish if u can love Kate xxx,en,kaggle
ham,It's ok lar. U sleep early too... Nite...,en,kaggle
ham,Free any day but i finish at 6 on mon n thurs...,en,kaggle
ham,"Nah, I'm a perpetual DD",en,kaggle
ham,Ok i vl..do u know i got adsense approved..,en,kaggle
ham,No. Yes please. Been swimming?,en,kaggle
ham,U gd lor go shopping i got stuff to do. U wan 2 watch infernal affairs a not? Come lar...,en,kaggle
ham,They did't play one day last year know even though they have very good team.. Like india.,en,kaggle
ham,"Perhaps * is much easy give your account identification, so i will tomorrow at UNI",en,kaggle
ham,I dont understand your message.,en,kaggle
ham,gonna let me know cos comes bak from holiday that day.  is coming. Don't4get2text me  number.,en,kaggle
ham,The whole car appreciated the last two! Dad and are having a map reading semi argument but apart from that things are going ok. P.,en,kaggle
ham,I.ll post her out l8r. In class,en,kaggle
spam,LIFE has never been this much fun and great until you came in. You made it truly special for me. I won't forget you! enjoy @ one gbp/sms,en,kaggle
ham,I got it before the new year cos yetunde said she wanted to surprise you with it but when i didnt see money i returned it mid january before the  &lt;#&gt; day return period ended.,en,kaggle
spam,Adult 18 Content Your video will be with you shortly,en,kaggle
spam,"WIN: We have a winner! Mr. T. Foley won an iPod! More exciting prizes soon, so keep an eye on ur mobile or visit www.win-82050.co.uk",en,kaggle
ham,Sorry i've not gone to that place. I.ll do so tomorrow. Really sorry.,en,kaggle
ham,"Hey elaine, is today's meeting still on?",en,kaggle
ham,Good evening! How are you?,en,kaggle
ham,And he's apparently bffs with carly quick now,en,kaggle
ham,Ya just telling abt tht incident..,en,kaggle
ham,Be happy there. I will come after noon,en,kaggle
ham,Just woke up. Yeesh its late. But I didn't fall asleep til &lt;#&gt; am :/,en,kaggle
ham,Good morning princess! Have a great day!,en,kaggle
ham,"Just so that you know,yetunde hasn't sent money yet. I just sent her a text not to bother sending. So its over, you dont have to involve yourself in anything. I shouldn't have imposed anything on you in the first place so for that, i apologise.",en,kaggle
ham,"Sorry sir, i will call you tomorrow.  senthil.hsbc",en,kaggle
ham,"And stop wondering \wow is she ever going to stop tm'ing me ?!\"""" because I will tm you whenever I want because you are MINE ... *laughs*""""",en,kaggle
ham,I've told you everything will stop. Just dont let her get dehydrated.,en,kaggle
ham,"Actually, my mobile is full of msg. And i m doing a work online, where i need to send them  &lt"";#&gt;""  sent msg i wil explain u later.",en,kaggle
ham,I havent lei.. Next mon can?,en,kaggle
ham,Hey. You got any mail?,en,kaggle
spam,FreeMsg:Feelin kinda lnly hope u like 2 keep me company! Jst got a cam moby wanna c my pic?Txt or reply DATE to 82242 Msg150p 2rcv Hlp 08712317606 stop to 82242,en,kaggle
ham,Yo guess what I just dropped,en,kaggle
ham,Hey you around? I've got enough for a half + the ten I owe you,en,kaggle
ham,"Buenos días, el cliente ha confirmado la reunión del jueves. Necesito que prepares la presentación.",es,synthetic_claude
spam,FREE camera phones with linerental from 4.49/month with 750 cross ntwk mins. 1/2 price txt bundle deals also avble. Call 08001950382 or call2optout/J MF,en,kaggle
spam,GLS: Aviso: su paquete de AliExpress está disponible para recogida en punto GLS.,es,synthetic_claude
ham,&lt;#&gt;  great loxahatchee xmas tree burning update: you can totally see stars here,en,kaggle
ham,Check audrey's status right now,en,kaggle
ham,Yar else i'll thk of all sorts of funny things.,en,kaggle
spam,"U were outbid by simonwatson5120 on the Shinco DVD Plyr. 2 bid again, visit sms. ac/smsrewards 2 end bid notifications, reply END OUT",en,kaggle
ham,What's up my own oga. Left my phone at home and just saw ur messages. Hope you are good. Have a great weekend.,en,kaggle
ham,At home also.,en,kaggle
ham,"Living is very simple.. Loving is also simple.. Laughing is too simple.. Winning is tooo simple.. But, Being 'SIMPLE' is very difficult..."";""-) :-)",en,kaggle
spam,Aviso urgente de salud pública: brote de meningitis en su zona. Llame al 900 100 200 para información.,es,synthetic_claude
ham,Huh so fast... Dat means u havent finished painting?,en,kaggle
spam,"HOT LIVE FANTASIES call now 08707500020 Just 20p per min NTT Ltd, PO Box 1327 Croydon CR9 5WB 0870 is a national rate call",en,kaggle
ham,"It's that time of the week again, ryan",en,kaggle
ham,I have a rather prominent bite mark on my right cheek,en,kaggle
ham,Omg I want to scream. I weighed myself and I lost more weight! Woohoo!,en,kaggle
ham,DGT: Puntos de su carnet restaurados tras período sin infracciones. Saldo actual: 12 puntos.,es,synthetic_claude
ham,I am 6 ft. We will be a good combination!,en,kaggle
ham,Havent planning to buy later. I check already lido only got 530 show in e afternoon. U finish work already?,en,kaggle
ham,"Ok thats cool. Its , just off either raglan rd or edward rd. Behind the cricket ground. Gimme ring when ur closeby see you tuesday.",en,kaggle
ham,Babe? You said 2 hours and it's been almost 4 ... Is your internet down ?,en,kaggle
ham,"Hmm, too many of them unfortunately... Pics obviously arent hot cakes. Its kinda fun tho",en,kaggle
spam,This msg is for your mobile content order It has been resent as previous attempt failed due to network error Queries to customersqueries@netvision.uk.com,en,kaggle
ham,Wishing you a beautiful day. Each moment revealing even more things to keep you smiling. Do enjoy it.,en,kaggle
spam,Ur cash-balance is currently 500 pounds - to maximize ur cash-in now send COLLECT to 83600 only 150p/msg. CC: 08718720201 PO BOX 114/14 TCR/W1,en,kaggle
spam,2p per min to call Germany 08448350055 from your BT line. Just 2p per min. Check PlanetTalkInstant.com for info & T's & C's. Text stop to opt out,en,kaggle
ham,Haha... Hope Ì_ can hear the receipt sound... Gd luck!,en,kaggle
ham,Kindly send some one to our flat before  &lt;DECIMAL&gt;  today.,en,kaggle
ham,Call to the number which is available in appointment. And ask to connect the call to waheed fathima.,en,kaggle
ham,How much you got for cleaning,en,kaggle
ham,I hate when she does this. She turns what should be a fun shopping trip into an annoying day of how everything would look in her house.,en,kaggle
ham,Boo I'm on my way to my moms. She's making tortilla soup. Yummmm,en,kaggle
ham,"\Aww you must be nearly dead!Well Jez isComing over toDo some workAnd that whillTake forever!\""""""""",en,kaggle
ham,"Awesome, lemme know whenever you're around",en,kaggle
ham,Ay wana meet on sat?Ì_ wkg on sat?,en,kaggle
ham,Cancel cheyyamo?and get some money back?,en,kaggle
ham,"Got fujitsu, ibm, hp, toshiba... Got a lot of model how to say...",en,kaggle
spam,Send a logo 2 ur lover - 2 names joined by a heart. Txt LOVE NAME1 NAME2 MOBNO eg LOVE ADAM EVE 07123456789 to 87077 Yahoo! POBox36504W45WQ TxtNO 4 no ads 150p,en,kaggle
ham,It shall be fine. I have avalarr now. Will hollalater,en,kaggle
ham,What your plan for pongal?,en,kaggle
ham,Tension ah?what machi?any problem?,en,kaggle
ham,Simply sitting and watching match in office..,en,kaggle
ham,"Me also da, i feel yesterday night  wait til 2day night dear.",en,kaggle
ham,Unni thank you dear for the recharge..Rakhesh,en,kaggle
ham,"Ya he salido del médico. Todo bien, solo era una contractura.",es,synthetic_claude
ham,Nvm it's ok...,en,kaggle
ham,"Short But Cute : \ Be a good person ,"""" but dont try to prove\"""""""" ..... Gud mrng...""""""""""""",en,kaggle
spam,"U've been selected to stay in 1 of 250 top British hotels - FOR NOTHING! Holiday valued at å£350! Dial 08712300220 to claim - National Rate Call. Bx526, SW73SS",en,kaggle
ham,I surely dont forgot to come:)i will always be in touch in with you:-),en,kaggle
ham,I'll meet you in the lobby,en,kaggle
ham,"\YEH I AM DEF UP4 SOMETHING SAT,""""JUST GOT PAYED2DAY & I HAVBEEN GIVEN Aå£50 PAY RISE 4MY WORK & HAVEBEEN MADE PRESCHOOLCO-ORDINATOR 2I AM FEELINGOOD LUV\""""""""""""""""""""",en,kaggle
ham,Wot u up 2? Thout u were gonna call me!! Txt bak luv K,en,kaggle
ham,Decathlon: Tu pedido de zapatillas de running está listo para recoger. Plazo: 5 días.,es,synthetic_claude
spam,EASTENDERS TV Quiz. What FLOWER does DOT compare herself to? D= VIOLET E= TULIP F= LILY txt D E or F to 84025 NOW 4 chance 2 WIN å£100 Cash WKENT/150P16+,en,kaggle
ham,"HI HUN! IM NOT COMIN 2NITE-TELL EVERY1 IM SORRY 4 ME, HOPE U AVA GOODTIME!OLI RANG MELNITE IFINK IT MITE B SORTED,BUT IL EXPLAIN EVERYTHIN ON MON.L8RS.x",en,kaggle
ham,Congrats ! Treat pending.i am not on mail for 2 days.will mail once thru.Respect mother at home.check mails.,en,kaggle
ham,Hey you still want to go for yogasana? Coz if we end at cine then can go bathe and hav the steam bath,en,kaggle
ham,Up to Ì_... ÌÏ wan come then come lor... But i din c any stripes skirt...,en,kaggle
ham,"Ooh, 4got, i'm gonna start belly dancing in moseley weds 6.30 if u want 2 join me, they have a cafe too. ",en,kaggle
ham,"Probably not, I'm almost out of gas and I get some cash tomorrow",en,kaggle
ham,K.i will send in  &lt;#&gt;  min:),en,kaggle
ham,"Aight, we'll head out in a few",en,kaggle
ham,Thats cool princess! I will cover your face in hot sticky cum :),en,kaggle
ham,I'll let you know when it kicks in,en,kaggle
ham,Then she dun believe wat?,en,kaggle
ham,Well done and ! luv ya all,en,kaggle
ham,No my mum went 2 dentist.,en,kaggle
ham,"Hola, la reunión del lunes se mueve al martes a las 10. Confirma asistencia.",es,synthetic_claude
ham,Have you started in skye,en,kaggle
ham,Lol! Nah wasn't too bad thanks. Its good to b home but its been quite a reality check. Hows ur day been? Did u do anything with website?,en,kaggle
ham,I like you peoples very much:) but am very shy pa.,en,kaggle
ham,"Aight, I should be there by 8 at the latest, probably closer to 7. Are jay and tyler down or should we just do two trips?",en,kaggle
ham,Im good! I have been thinking about you...,en,kaggle
ham,Got but got 2 colours lor. One colour is quite light n e other is darker lor. Actually i'm done she's styling my hair now.,en,kaggle
ham,"Lol, oh you got a friend for the dog ?",en,kaggle
ham,I'll text you when I drop x off,en,kaggle
ham,We have all rounder:)so not required:),en,kaggle
spam,Resultado de PCR COVID-19: POSITIVO. Acceda a las instrucciones de aislamiento urgentemente.,es,synthetic_claude
ham,"Are you being good, baby? :)",en,kaggle
ham,What r u cooking me for dinner?,en,kaggle
ham,Are you still getting the goods.,en,kaggle
ham,Vueling: Check-in online disponible para tu vuelo de mañana. Recuerda el límite de equipaje.,es,synthetic_claude
ham,Tiwary to rcb.battle between bang and kochi.,en,kaggle
ham,Prepare to be pounded every night...,en,kaggle
ham,Can you say what happen,en,kaggle
ham,Hello beautiful r u ok? I've kinda ad a row wiv and he walked out the pub?? I wanted a night wiv u Miss u,en,kaggle
ham,Yar lor... How u noe? U used dat route too?,en,kaggle
ham,"Thanks, I'll keep that in mind",en,kaggle
ham,Its sunny in california. The weather's just cool,en,kaggle
ham,Lol its ok I didn't remember til last nite,en,kaggle
ham,I'm going 4 lunch now wif my family then aft dat i go str 2 orchard lor.,en,kaggle
spam,Promotion Number: 8714714 - UR awarded a City Break and could WIN a å£200 Summer Shopping spree every WK. Txt STORE to 88039 . SkilGme. TsCs087147403231Winawk!Age16 å£1.50perWKsub,en,kaggle
ham,El niño ha empezado a caminar hoy. Estamos muy contentos.,es,synthetic_claude
ham,Buzzzz! *grins* Did I buzz your ass? Buzz your chest ? Buzz your cock ? Where do you keep your phone ? Is the vibrator on ? Did you feel it shake ?,en,kaggle
ham,Have you been practising your curtsey?,en,kaggle
ham,Hospital Gregorio Marañón: Le informamos que su operación del 25/03 se mantiene según lo previsto.,es,synthetic_claude
ham,I'm on my way home. Went to change batt 4 my watch then go shop a bit lor.,en,kaggle
ham,Yeah I'll try to scrounge something up,en,kaggle
ham,"Merry Christmas to you too babe, i love ya *kisses*",en,kaggle
ham,Friends that u can stay on fb chat with,en,kaggle
ham,"Oh, i will get paid. The most outstanding one is for a commercial i did for Hasbro...in AUGUST! They made us jump through so many hoops to get paid. Still not.",en,kaggle
ham,I did. One slice and one breadstick. Lol,en,kaggle
spam,You have WON a guaranteed å£1000 cash or a å£2000 prize. To claim yr prize call our customer service representative on 08714712379 between 10am-7pm Cost 10p,en,kaggle
spam,Monthly password for wap. mobsi.com is 391784. Use your wap phone not PC.,en,kaggle
ham,Jesus armand really is trying to tell everybody he can find,en,kaggle
ham,"Dont pack what you can buy at any store.like cereals. If you must pack food, pack gari or something 9ja that you will miss.",en,kaggle
ham,Holy living christ what is taking you so long,en,kaggle
ham,How is it possible to teach you. And where.,en,kaggle
ham,"Aight, let me know when you're gonna be around usf",en,kaggle
ham,"Nah man, my car is meant to be crammed full of people",en,kaggle
spam,FREEMSG: Our records indicate you may be entitled to 3750 pounds for the Accident you had. To claim for free reply with YES to this msg. To opt out text STOP,en,kaggle
ham,We not leaving yet. Ok lor then we go elsewhere n eat. U thk...,en,kaggle
spam,SMS AUCTION - A BRAND NEW Nokia 7250 is up 4 auction today! Auction is FREE 2 join & take part! Txt NOKIA to 86021 now! HG/Suite342/2Lands Row/W1J6HL,en,kaggle
ham,V skint too but fancied few bevies.waz gona go meet &othrs in spoon but jst bin watchng planet earth&sofa is v comfey; If i dont make it hav gd night,en,kaggle
ham,"If you're still up, maybe leave the credit card so I can get gas when I get back like he told me to",en,kaggle
ham,HARD BUT TRUE: How much you show &amp;  express your love to someone....that much it will hurt when they leave you or you get seperated...!ö´Ó_??Û¬ud evening...,en,kaggle
ham,Our Prasanth ettans mother passed away last night. Just pray for her and family.,en,kaggle
ham,I want kfc its Tuesday. Only buy 2 meals ONLY 2. No gravy. Only 2 Mark. 2!,en,kaggle
spam,Todays Voda numbers ending with 7634 are selected to receive a å£350 reward. If you have a match please call 08712300220 quoting claim code 7684 standard rates apply.,en,kaggle
spam,"500 New Mobiles from 2004, MUST GO! Txt: NOKIA to No: 89545 & collect yours today!From ONLY å£1 www.4-tc.biz 2optout 087187262701.50gbp/mtmsg18",en,kaggle
ham,Ya even those cookies have jelly on them,en,kaggle
ham,Going to join tomorrow.,en,kaggle
ham,ARR birthday today:) i wish him to get more oscar.,en,kaggle
ham,My stomach has been thru so much trauma I swear I just can't eat. I better lose weight.,en,kaggle
ham,"For you information, IKEA is spelled with all caps. That is not yelling. when you thought i had left you, you were sitting on the bed among the mess when i came in. i said we were going after you got home from class. please don't try and bullshit me. It makes me want to listen to you less.",en,kaggle
ham,O ic lol. Should play 9 doors sometime yo,en,kaggle
ham,I'm done. C Ì_ there.,en,kaggle
ham,Where wuld I be without my baby? The thought alone mite break me and I donåÕt wanna go crazy but everyboy needs his lady xxxxxxxx,en,kaggle
ham,Goodo! Yes we must speak friday - egg-potato ratio for tortilla needed!,en,kaggle
ham,U dun say so early hor... U c already then say...,en,kaggle
ham,Pls what's the full name of joke's school cos fees in university of florida seem to actually be  &lt;#&gt; k. Pls holla back,en,kaggle
ham,When are you going to ride your bike?,en,kaggle
spam,"FreeMsg Hey there darling it's been 3 week's now and no word back! I'd like some fun you up for it still? Tb ok! XxX std chgs to send, å£1.50 to rcv",en,kaggle
ham,Dont talk to him ever ok its my word.,en,kaggle
ham,Am only searching for good dual sim mobile pa.,en,kaggle
spam,We have new local dates in your area - Lots of new people registered in YOUR AREA. Reply DATE to start now! 18 only www.flirtparty.us REPLYS150,en,kaggle
ham,Lol I have to take it. member how I said my aunt flow didn't visit for 6 months? It's cause I developed ovarian cysts. Bc is the only way to shrink them.,en,kaggle
ham,"Okay. No no, just shining on. That was meant to be signing, but that sounds better.",en,kaggle
ham,Hola mamá estoy bien. Luego te llamo con calma.,es,synthetic_claude
ham,You sure your neighbors didnt pick it up,en,kaggle
ham,I actually did for the first time in a while. I went to bed not too long after i spoke with you. Woke up at 7. How was your night?,en,kaggle
ham,Hows the street where the end of library walk is?,en,kaggle
ham,Neshanth..tel me who r u?,en,kaggle
ham,Are you willing to go for apps class.,en,kaggle
spam,Freemsg: 1-month unlimited free calls! Activate SmartCall Txt: CALL to No: 68866. Subscriptn3gbp/wk unlimited calls Help: 08448714184 Stop?txt stop landlineonly,en,kaggle
ham,K..k..i'm also fine:)when will you complete the course?,en,kaggle
ham,When you came to hostel.,en,kaggle
ham,¿Puedes abrir a los técnicos de internet? Yo llego a las 7,es,synthetic_claude
ham,Sorry de i went to shop.,en,kaggle
ham,Dear are you angry i was busy dear,en,kaggle
ham,I love u 2 babe! R u sure everything is alrite. Is he being an idiot? Txt bak girlie,en,kaggle
ham,Sorry. || mail? ||,en,kaggle
ham,Pls i wont belive god.not only jesus.,en,kaggle
spam,Seguridad Social: Su número de afiliación tiene una incidencia urgente. Llame al 901 50 20 50.,es,synthetic_claude
ham,Delhi and chennai still silent.,en,kaggle
ham,I'm job profile seems like bpo..,en,kaggle
ham,"Got ur mail Dileep.thank you so muchand look forward to lots of support...very less contacts here,remember one venugopal you mentioned.tomorrow if not late,i shall try to come up till there.goodnight dear.",en,kaggle
spam,AEAT: Embargo de nómina iniciado por deuda de 340€. Contacte urgente al 901 33 55 33 para pararlo.,es,synthetic_claude
ham,"Forgot you were working today! Wanna chat, but things are ok so drop me a text when you're free / bored etc and i'll ring. Hope all is well, nose essay and all xx",en,kaggle
ham,"Aiyo... Her lesson so early... I'm still sleepin, haha... Okie, u go home liao den confirm w me lor...",en,kaggle
ham,How are you with moneY...as in to you...money aint a thing....how are you sha!,en,kaggle
ham,"Lets use it next week, princess :)",en,kaggle
ham,I think you should go the honesty road. Call the bank tomorrow. Its the tough decisions that make us great people.,en,kaggle
ham,Msgs r not time pass.They silently say that I am thinking of U right now and also making U think of me at least 4 a moment. Gd nt.swt drms @Shesil,en,kaggle
ham,Get me out of this dump heap. My mom decided to come to lowes. BORING.,en,kaggle
ham,"Sorry battery died, yeah I'm here",en,kaggle
ham,"Today is \song dedicated day..\"""" Which song will u dedicate for me? Send this to all ur valuable frnds but first rply me...""""",en,kaggle
ham,Have you heard about that job? I'm going to that wildlife talk again tonight if u want2come. Its that2worzels and a wizzle or whatever it is?!,en,kaggle
ham,ALRITE SAM ITS NIC JUST CHECKIN THAT THIS IS UR NUMBER-SO IS IT?T.B*,en,kaggle
spam,Congratulations YOU'VE Won. You're a Winner in our August å£1000 Prize Draw. Call 09066660100 NOW. Prize Code 2309.,en,kaggle
ham,Oh wow thats gay. Will firmware update help,en,kaggle
ham,"Good stuff, will do.",en,kaggle
ham,Sure! I am driving but will reach my destination soon.,en,kaggle
ham,Lol alright i was thinkin that too haha,en,kaggle
ham,Ok lor... Sony ericsson salesman... I ask shuhui then she say quite gd 2 use so i considering...,en,kaggle
ham,"By the way, i've put a skip right outside the front of the house so you can see which house it is. Just pull up before it.",en,kaggle
ham,Must come later.. I normally bathe him in da afternoon mah..,en,kaggle
ham,Not course. Only maths one day one chapter with in one month we can finish.,en,kaggle
ham,So i asked how's anthony. Dad. And your bf,en,kaggle
ham,I dont know oh. Hopefully this month.,en,kaggle
ham,U're welcome... Caught u using broken english again...,en,kaggle
ham,Why did I wake up on my own &gt;:(,en,kaggle
ham,Hey you gave them your photo when you registered for driving ah? Tmr wanna meet at yck?,en,kaggle
ham,Thts wat Wright Brother did to fly..,en,kaggle
ham,"\NOT ENUFCREDEIT TOCALL.SHALL ILEAVE UNI AT 6 +GET A BUS TO YOR HOUSE?\""""""""",en,kaggle
ham,"To the wonderful Okors, have a great month. We cherish you guys and wish you well each day. MojiBiola",en,kaggle
ham,Spending new years with my brother and his family. Lets plan to meet next week. Are you ready to be spoiled? :),en,kaggle
ham,They finally came to fix the ceiling.,en,kaggle
ham,"Good afternoon sunshine! How dawns that day ? Are we refreshed and happy to be alive? Do we breathe in the air and smile ? I think of you, my love ... As always",en,kaggle
spam,"Someone U know has asked our dating service 2 contact you! Cant Guess who? CALL 09058097189 NOW all will be revealed. POBox 6, LS15HB 150p ",en,kaggle
ham,"Sorry im getting up now, feel really bad- totally rejected that kinda me thing.",en,kaggle
ham,"Hey sexy buns ! Have I told you ? I adore you, loverboy. I hope you remember to thank your sister in law for those meatballs *grins* ... i love you, babe",en,kaggle
spam,Wanna have a laugh? Try CHIT-CHAT on your mobile now! Logon by txting the word: CHAT and send it to No: 8883 CM PO Box 4217 London W1A 6ZF 16+ 118p/msg rcvd,en,kaggle
ham,Hi i won't b ard 4 christmas. But do enjoy n merry x'mas.,en,kaggle
spam,u r a winner U ave been specially selected 2 receive å£1000 cash or a 4* holiday (flights inc) speak to a live operator 2 claim 0871277810710p/min (18 ),en,kaggle
ham,Do you know what Mallika Sherawat did yesterday? Find out now @  &lt;URL&gt,en,kaggle
ham,"What will we do in the shower, baby?",en,kaggle
ham,Oh and by the way you do have more food in your fridge! Want to go out for a meal tonight?,en,kaggle
spam,Married local women looking for discreet action now! 5 real matches instantly to your phone. Text MATCH to 69969 Msg cost 150p 2 stop txt stop BCMSFWC1N3XX,en,kaggle
ham,Can do lor...,en,kaggle
ham,"Yup. Anything lor, if u dun wan it's ok...",en,kaggle
ham,"Sir, I am waiting for your mail.",en,kaggle
ham,Aiyar u so poor thing... I give u my support k... Jia you! I'll think of u...,en,kaggle
ham,Can u look 4 me in da lib i got stuff havent finish yet.,en,kaggle
spam,wamma get laid?want real doggin locations sent direct to your mobile? join the UKs largest dogging network. txt dogs to 69696 now!nyt. ec2a. 3lp å£1.50/msg.,en,kaggle
ham,That's a shame! Maybe cld meet for few hrs tomo?,en,kaggle
ham,U still painting ur wall?,en,kaggle
ham,C movie is juz last minute decision mah. Juz watch 2 lar but i tot Ì_ not interested.,en,kaggle
ham,I have had two more letters from . I will copy them for you cos one has a message for you. Speak soon,en,kaggle
ham,Did you show him and wot did he say or could u not c him 4 dust?,en,kaggle
ham,"Gud gud..k, chikku tke care.. sleep well gud nyt",en,kaggle
spam,<Forwarded from 21870000>Hi - this is your Mailbox Messaging SMS alert. You have 4 messages. You have 21 matches. Please call back on 09056242159 to retrieve your messages and matches,en,kaggle
ham,Jus came back fr lunch wif my sis only. U leh?,en,kaggle
ham,I like cheap! But iÛ÷m happy to splash out on the wine if it makes you feel better..,en,kaggle
ham,2 laptop... I noe infra but too slow lar... I wan fast one,en,kaggle
spam,"u r subscribed 2 TEXTCOMP 250 wkly comp. 1st wk?s free question follows, subsequent wks charged@150p/msg.2 unsubscribe txt STOP 2 84128,custcare 08712405020",en,kaggle
ham,R u saying i should re order the slippers cos i had to pay for returning it.,en,kaggle
ham,"Okey doke. I'm at home, but not dressed cos laying around ill! Speak to you later bout times and stuff. ",en,kaggle
ham,"That's very rude, you on campus?",en,kaggle
ham,That depends. How would you like to be treated? :),en,kaggle
spam,DGT: Informe de accidente de su vehículo disponible. Solicítelo llamando al 060.,es,synthetic_claude
ham,"If you can make it any time tonight or whenever you can it's cool, just text me whenever you're around",en,kaggle
ham,He telling not to tell any one. If so treat for me hi hi hi,en,kaggle
ham,This single single answers are we fighting? Plus i said am broke and you didnt reply,en,kaggle
spam,You have won a guaranteed å£200 award or even å£1000 cashto claim UR award call free on 08000407165 (18+) 2 stop getstop on 88222 PHP,en,kaggle
spam,"SMS. ac sun0819 posts HELLO:\You seem cool,"""" wanted to say hi. HI!!!\"""""""" Stop? Send STOP to 62468""""""""""""",en,kaggle
ham,"Well the general price is  &lt"";#&gt;"" /oz, let me know if/when/how much you want",en,kaggle
ham,Carlos'll be here in a minute if you still need to buy,en,kaggle
ham,Sweet heart how are you?,en,kaggle
spam,Urgent! Please call 09061743811 from landline. Your ABTA complimentary 4* Tenerife Holiday or å£5000 cash await collection SAE T&Cs Box 326 CW25WX 150ppm,en,kaggle
ham,Ok then i come n pick u at engin?,en,kaggle
ham,You got called a tool?,en,kaggle
ham,Then u better go sleep.. Dun disturb u liao.. U wake up then msg me lor..,en,kaggle
ham,Nope but i'll b going 2 sch on fri quite early lor cos mys sis got paper in da morn :-),en,kaggle
ham,"If you want to mapquest it or something look up \usf dogwood drive\"""""","" that's the tiny street where the parking lot is""""",en,kaggle
ham,"Mañana tengo que madrugar, ¿me pones el despertador tú también?",es,synthetic_claude
spam,"Romantic Paris. 2 nights, 2 flights from å£79 Book now 4 next year. Call 08704439680Ts&Cs apply.",en,kaggle
ham,And stop being an old man. You get to build snowman snow angels and snowball fights.,en,kaggle
ham,I am literally in bed and have been up for like  &lt;#&gt;  hours,en,kaggle
ham,I miss you so much I'm so desparate I have recorded the message you left for me the other day and listen to it just to hear the sound of your voice. I love you,en,kaggle
ham,"Ever green quote ever told by Jerry in cartoon \A Person Who Irritates u Always Is the one Who Loves u Vry Much But Fails to Express It...!..!! :-) :-) gud nyt""""",en,kaggle
ham,"sorry brah, just finished the last of my exams, what up",en,kaggle
ham,Are there TA jobs available? Let me know please cos i really need to start working,en,kaggle
ham,Tmr timin still da same wat cos i got lesson until 6...,en,kaggle
spam,"Dear Voucher Holder, To claim this weeks offer, at your PC please go to http://www.wtlp.co.uk/text. Ts&Cs apply.",en,kaggle
ham,Jokin only lar... :-) depends on which phone my father can get lor...,en,kaggle
ham,"Have a lovely night and when you wake up to see this message, i hope you smile knowing all is as should be. Have a great morning",en,kaggle
ham,You getting back any time soon?,en,kaggle
ham,Send me the new number,en,kaggle
ham,"Babe ! How goes that day ? What are you doing ? Where are you ? I sip my cappuccino and think of you, my love ... I send a kiss to you from across the sea",en,kaggle
ham,Well I'm going to be an aunty!,en,kaggle
ham,K k :-):-) then watch some films.,en,kaggle
ham,Same to u...,en,kaggle
ham,Captain vijaykanth is doing comedy in captain tv..he is drunken :),en,kaggle
spam,"Get 3 Lions England tone, reply lionm 4 mono or lionp 4 poly. 4 more go 2 www.ringtones.co.uk, the original n best. Tones 3GBP network operator rates apply.",en,kaggle
ham,"I think your mentor is , but not 100 percent sure.",en,kaggle
ham,You'll never believe this but i have actually got off at taunton. Wow,en,kaggle
ham,Enjoy urself tmr...,en,kaggle
ham,"Better than bb. If he wont use it, his wife will or them doctor",en,kaggle
ham,I've been trying to reach him without success,en,kaggle
ham,Pansy! You've been living in a jungle for two years! Its my driving you should be more worried about!,en,kaggle
ham,If i start sending blackberry torch to nigeria will you find buyer for me?like 4a month. And tell dad not to buy bb from anyone oh.,en,kaggle
ham,I dont know what to do to come out of this so only am ask questions like this dont mistake me.,en,kaggle
ham,Correos: Carta de Hacienda disponible en su buzón virtual con certificado digital.,es,synthetic_claude
ham,"The table's occupied, I'm waiting by the tree",en,kaggle
ham,I wish things were different. I wonder when i will be able to show you how much i value you. Pls continue the brisk walks no drugs without askin me please and find things to laugh about. I love you dearly.,en,kaggle
ham,Do you know when the result.,en,kaggle
ham,I'm leaving my house now.,en,kaggle
ham,His frens go then he in lor. Not alone wif my mum n sis lor.,en,kaggle
ham,Yeah like if it goes like it did with my friends imma flip my shit in like half an hour,en,kaggle
ham,:),en,kaggle
ham,Some are lasting as much as 2 hours. You might get lucky.,en,kaggle
ham,Forgot to tell Ì_ smth.. Can Ì_ like number the sections so that it's clearer..,en,kaggle
ham,I dont want to hear philosophy. Just say what happen,en,kaggle
ham,"Hey, a guy I know is breathing down my neck to get him some bud, anyway you'd be able to get a half track to usf tonight?",en,kaggle
ham,You are not bothering me but you have to trust my answers. Pls.,en,kaggle
ham,I have printed it oh. So  &lt;#&gt;  come upstairs,en,kaggle
ham,"Yep, by the pretty sculpture",en,kaggle
spam,Urgent! Please call 09061743810 from landline. Your ABTA complimentary 4* Tenerife Holiday or #5000 cash await collection SAE T&Cs Box 326 CW25WX 150 ppm,en,kaggle
ham,So what about you. What do you remember,en,kaggle
ham,If you ask her or she say any please message.,en,kaggle
ham,Not getting anywhere with this damn job hunting over here!,en,kaggle
ham,I'm not coming home 4 dinner.,en,kaggle
ham,I have no money 4 steve mate! !,en,kaggle
ham,"Ditto. And you won't have to worry about me saying ANYTHING to you anymore. Like i said last night, you do whatever you want and i'll do the same. Peace.",en,kaggle
ham,My sis is catching e show in e afternoon so i'm not watching w her. So c u wan 2 watch today or tmr lor.,en,kaggle
spam,"As a valued customer, I am pleased to advise you that following recent review of your Mob No. you are awarded with a å£1500 Bonus Prize, call 09066368470",en,kaggle
ham,I'm aight. Wat's happening on your side.,en,kaggle
ham,Same as u... Dun wan... Y u dun like me already ah... Wat u doing now? Still eating?,en,kaggle
spam,Seguridad Social: Actualice su número de cuenta para cobrar su pensión: https://ss-pension.top/actualizar,es,synthetic_claude
spam,Allianz: Seguro de vida con cobertura ampliada disponible para usted. Llame al 900 500 600.,es,synthetic_claude
ham,Never y lei... I v lazy... Got wat? Dat day Ì_ send me da url cant work one...,en,kaggle
spam,+449071512431 URGENT! This is the 2nd attempt to contact U!U have WON å£1250 CALL 09071512433 b4 050703 T&CsBCM4235WC1N3XX. callcost 150ppm mobilesvary. maxå£7. 50,en,kaggle
ham,Oh thanks a lot..i already bought 2 eggs ..,en,kaggle
spam,Amazon España: ¡Felicidades! Su pedido ha sido elegido y recibirá un reembolso de 150€: https://amz-reembolso.top,es,synthetic_claude
ham,So dont use hook up any how,en,kaggle
ham,Can Ì_ send me a copy of da report?,en,kaggle
ham,"Honey, can you pls find out how much they sell Predicte in Nigeria. And how many times can it be used. Its very important to have a reply before monday",en,kaggle
ham,Nope... C Ì_ then...,en,kaggle
spam,"REMINDER FROM O2: To get 2.50 pounds free call credit and details of great offers pls reply 2 this text with your valid name, house no and postcode",en,kaggle
ham,"Yalru lyfu astne chikku.. Bt innu mundhe lyf ali halla ke bilo (marriage)program edhae, so lyf is nt yet ovr chikku..ali vargu lyfu meow meow:-D",en,kaggle
ham,"Yes..but they said its IT.,",en,kaggle
ham,Have a good trip. Watch out for . Remember when you get back we must decide about easter.,en,kaggle
ham,But i'll b going 2 sch on mon. My sis need 2 take smth.,en,kaggle
ham,Omg how did u know what I ate?,en,kaggle
ham,hows my favourite person today? r u workin hard? couldn't sleep again last nite nearly rang u at 4.30,en,kaggle
ham,"Yep, the great loxahatchee xmas tree burning of  &lt"";#&gt;""  starts in an hour",en,kaggle
ham,"Oye mañana llega mi madre, así que no podré ir a la cena.",es,synthetic_claude
ham,Hi kindly give us back our documents which we submitted for loan from STAPATI,en,kaggle
ham,Yesterday its with me only . Now am going home.,en,kaggle
spam,Correos: Paquete internacional pendiente de despacho. Pague la tarifa: https://correos-aduana.net/tasas,es,synthetic_claude
spam,"Urgent -call 09066649731from Landline. Your complimentary 4* Ibiza Holiday or å£10,000 cash await collection SAE T&Cs PO BOX 434 SK3 8WP 150ppm 18+",en,kaggle
ham,I havent add Ì_ yet right..,en,kaggle
ham,Sounds better than my evening im just doing my costume. Im not sure what time i finish tomorrow but i will txt you at the end.,en,kaggle
ham,Now got tv 2 watch meh? U no work today?,en,kaggle
ham,I am in bus on the way to calicut,en,kaggle
ham,Hmm. Shall i bring a bottle of wine to keep us amused? Just joking! I'll still bring a bottle. Red or white? See you tomorrow,en,kaggle
ham,U say leh... Of course nothing happen lar. Not say v romantic jus a bit only lor. I thk e nite scenery not so nice leh.,en,kaggle
ham,I called but no one pick up e phone. I ask both of them already they said ok.,en,kaggle
ham,You're right I have now that I think about it,en,kaggle
ham,"Lemme know when I can swing by and pick up, I'm free basically any time after 1 all this semester",en,kaggle
spam,DHL: Aviso final: su paquete será destruido en 48h si no lo reclama: https://dhl-urgente.xyz/reclamar,es,synthetic_claude
ham,"He is impossible to argue with and he always treats me like his sub, like he never released me ... Which he did and I will remind him of that if necessary",en,kaggle
ham,Oops I was in the shower when u called. Hey a parking garage collapsed at university hospital. See I'm not crazy. Stuff like that DOES happen.,en,kaggle
ham,"\Petey boy whereare you me and all your friendsare in theKingshead come down if you canlove Nic\""""""""",en,kaggle
ham,See you there!,en,kaggle
ham,"Yeah, I'll leave in a couple minutes &amp"";"" let you know when I get to mu",en,kaggle
spam,"Hack Chat. Get backdoor entry into 121 chat rooms at a fraction of the cost. Reply NEO69 or call 09050280520, to subscribe 25p pm. DPS, Bcm box 8027 Ldn, wc1n3xx",en,kaggle
ham,Sorry for the delay. Yes masters,en,kaggle
ham,Don't necessarily expect it to be done before you get back though because I'm just now headin out,en,kaggle
ham,have * good weekend.,en,kaggle
ham,"No, I was trying it all weekend "";""V",en,kaggle
ham,Hhahhaahahah rofl wtf nig was leonardo in your room or something,en,kaggle
ham,I would but I'm still cozy. And exhausted from last night.nobody went to school or work. Everything is closed.,en,kaggle
ham,Actually i deleted my old website..now i m blogging at magicalsongs.blogspot.com,en,kaggle
ham,What???? Hello wats talks email address?,en,kaggle
ham,I was gonna ask you lol but i think its at 7,en,kaggle
ham,But we havent got da topic yet rite?,en,kaggle
ham,Ok lor. Msg me b4 u call.,en,kaggle
ham,Yay can't wait to party together!,en,kaggle
ham,Just got to  &lt;#&gt,en,kaggle
ham,"A few people are at the game, I'm at the mall with iouri and kaila",en,kaggle
ham,Well I might not come then...,en,kaggle
ham,"I am in tirupur da, once you started from office call me.",en,kaggle
ham,R Ì_ going 4 today's meeting?,en,kaggle
spam,"Correos Express: Su envío tiene gastos de aduana pendientes de 2,99€: https://correosexp-tasas.top/pagar",es,synthetic_claude
spam,Bankinter: Aviso: su cuenta corriente ha sido accedida desde el extranjero. Contacte al 901 365 563.,es,synthetic_claude
spam,"Thank you, winner notified by sms. Good Luck! No future marketing reply STOP to 84122 customer services 08450542832",en,kaggle
ham,Cuz ibored. And don wanna study,en,kaggle
ham,"Nothing, smsing u n xy lor. Sorry lor da guys neva c u in person but they sort of know u lor. So u wan 2 meet them xy ask me 2 bring u along 4 our next meeting.",en,kaggle
ham,This pay is  &lt;DECIMAL&gt;  lakhs:),en,kaggle
ham,I thank you so much for all you do with selflessness. I love you plenty.,en,kaggle
spam,Ur cash-balance is currently 500 pounds - to maximize ur cash-in now send CASH to 86688 only 150p/msg. CC: 08708800282 HG/Suite342/2Lands Row/W1J6HL,en,kaggle
ham,I dunno lei... Like dun haf...,en,kaggle
ham,Its normally hot mail. Com you see!,en,kaggle
ham,"Just arrived, see you in a couple days &lt"";""3",en,kaggle
ham,"Goodnight, sleep well da please take care pa. Please.",en,kaggle
ham,That sucks. I'll go over so u can do my hair. You'll do it free right?,en,kaggle
spam,okmail: Dear Dave this is your final notice to collect your 4* Tenerife Holiday or #5000 CASH award! Call 09061743806 from landline. TCs SAE Box326 CW25WX 150ppm,en,kaggle
ham,Yup no more already... Thanx 4 printing n handing it up.,en,kaggle
ham,How much it will cost approx . Per month.,en,kaggle
spam,"Customer service announcement. We recently tried to make a delivery to you but were unable to do so, please call 07090298926 to re-schedule. Ref:9307622",en,kaggle
ham,Shall i start from hear.,en,kaggle
ham,Did you see that film:),en,kaggle
ham,Yup. Wun believe wat? U really neva c e msg i sent shuhui?,en,kaggle
ham,"Not yet chikku..going to room nw, i'm in bus..",en,kaggle
ham,Staff of placement training in Amrita college.,en,kaggle
ham,Do I? I thought I put it back in the box,en,kaggle
ham,He cogido el metro sin problema. Ya estoy en casa.,es,synthetic_claude
ham,They are just making it easy to pay back. I have  &lt;#&gt; yrs to say but i can pay back earlier. You get?,en,kaggle
ham,Yup n her fren lor. I'm meeting my fren at 730.,en,kaggle
ham,He's in lag. That's just the sad part but we keep in touch thanks to skype,en,kaggle
ham,"\ER,"""" ENJOYIN INDIANS AT THE MO..yeP. SaLL gOoD HehE "";""> hows bout u shexy? Pete Xx\""""""""""""""""""""",en,kaggle
ham,Love that holiday Monday feeling even if I have to go to the dentists in an hour,en,kaggle
spam,"This is the 2nd time we have tried 2 contact u. U have won the 750 Pound prize. 2 claim is easy, call 08718726970 NOW! Only 10p per min. BT-national-rate ",en,kaggle
spam,Mercadona: Su ticket de compra del 14/03 ha ganado el primer premio de 1.000€: https://merca-ticket.xyz,es,synthetic_claude
ham,Tu código de acceso a BBVA es: 294817. Válido 5 minutos. No lo compartas.,es,synthetic_claude
ham,I fetch yun or u fetch?,en,kaggle
ham,Oh all have to come ah?,en,kaggle
spam,25p 4 alfie Moon's Children in need song on ur mob. Tell ur m8s. Txt Tone charity to 8007 for Nokias or Poly charity for polys: zed 08701417012 profit 2 charity.,en,kaggle
spam,Santander: Su cuenta online será desactivada. Actualice sus datos: https://sant-actualiza.xyz/datos,es,synthetic_claude
ham,Oh dang! I didn't mean o send that to you! Lol!,en,kaggle
ham,I'll text now! All creepy like so he won't think that we forgot,en,kaggle
ham,Congrats. That's great. I wanted to tell you not to tell me your score cos it might make me relax. But its motivating me so thanks for sharing,en,kaggle
ham,Lol boo I was hoping for a laugh,en,kaggle
ham,Somebody should go to andros and steal ice,en,kaggle
ham,"Lol ... Oh no babe, I wont be sliding into your place after midnight, but thanks for the invite",en,kaggle
ham,Doesn't g have class early tomorrow and thus shouldn't be trying to smoke at  &lt;#&gt,en,kaggle
ham,Ok... Let u noe when i leave my house.,en,kaggle
ham,Si si. I think ill go make those oreo truffles.,en,kaggle
spam,Seguridad Social: Subsidio de 650€ aprobado a su nombre. Recíbalo: https://subsidio-ss.xyz/cobrar,es,synthetic_claude
ham,ARE YOU IN TOWN? THIS IS V. IMPORTANT,en,kaggle
spam,DHL: Aviso: necesitamos autorización para dejar el paquete en su portal. Responda SI o NO.,es,synthetic_claude
ham,Maybe you should find something else to do instead???,en,kaggle
ham,Thanx u darlin!im cool thanx. A few bday drinks 2 nite. 2morrow off! Take care c u soon.xxx,en,kaggle
ham,Beauty sleep can help ur pimples too.,en,kaggle
ham,Try neva mate!!,en,kaggle
ham,No need to say anything to me. I know i am an outsider,en,kaggle
ham,"I'm not sure, I was just checking out what was happening around the area",en,kaggle
ham,"Save yourself the stress. If the person has a dorm account, just send your account details and the money will be sent to you.",en,kaggle
ham,Dear got bus directly to calicut,en,kaggle
ham,Ok then i'll let him noe later n ask him call u tmr...,en,kaggle
ham,Thts god's gift for birds as humans hav some natural gift frm god..,en,kaggle
ham,"Now, whats your house # again ? And do you have any beer there ?",en,kaggle
ham,Change windows logoff sound..,en,kaggle
ham,Not planned yet :)going to join company on jan 5 only.don know what will happen after that.,en,kaggle
ham,Hey gorgeous man. My work mobile number is. Have a good one babe. Squishy Mwahs.,en,kaggle
ham,"Sorry man, accidentally left my phone on silent last night and didn't check it til I got up",en,kaggle
ham,Can you call me plz. Your number shows out of coveragd area. I have urgnt call in vasai &amp; have to reach before 4'o clock so call me plz,en,kaggle
ham,"I wasn't well babe, i have swollen glands at my throat ... What did you end up doing ?",en,kaggle
ham,"8 at the latest, g's still there if you can scrounge up some ammo and want to give the new ak a try",en,kaggle
ham,Okay... We wait ah,en,kaggle
ham,Dear i have reache room,en,kaggle
spam,Sabadell: Acceso desde Madrid detectado. Si no fue usted actúe ya: https://sabadell-alerta.com/bloquear,es,synthetic_claude
ham,Oh k.i think most of wi and nz players unsold.,en,kaggle
ham,"Yeah why not, is the gang all ready",en,kaggle
ham,Ron say fri leh. N he said ding tai feng cant make reservations. But he said wait lor.,en,kaggle
ham,K come to nordstrom when you're done,en,kaggle
ham,"Damn, can you make it tonight or do you want to just wait til tomorrow",en,kaggle
ham,I'm on da bus going home...,en,kaggle
ham,"No idea, I guess we'll work that out an hour after we're supposed to leave since as usual nobody has any interest in figuring shit out before the last second",en,kaggle
ham,"Just making dinner, you ?",en,kaggle
ham,Come to my home for one last time i wont do anything. Trust me.,en,kaggle
ham,I donno its in your genes or something,en,kaggle
ham,Now press conference da:),en,kaggle
ham,Stop calling everyone saying I might have cancer. My throat hurts to talk. I can't be answering everyones calls. If I get one more call I'm not babysitting on Monday,en,kaggle
ham,Nope... Juz off from work...,en,kaggle
ham,Hmmm:)how many players selected?,en,kaggle
ham,Also remember to get dobby's bowl from your car,en,kaggle
ham,Nope i'll come online now..,en,kaggle
ham,Lol you won't feel bad when I use her money to take you out to a steak dinner =D,en,kaggle
ham,"Hola, de contabilidad. Necesito que valides la factura del proveedor X antes de las 18h.",es,synthetic_claude
ham,Hey.. Something came up last min.. Think i wun be signing up tmr.. Hee,en,kaggle
spam,Hacienda: Tiene un requerimiento fiscal urgente. Responda antes del lunes: https://aeat-requerimiento.net,es,synthetic_claude
ham,Dunno lei Ì_ all decide lor. How abt leona? Oops i tot ben is going n i msg him.,en,kaggle
ham,What should i eat fo lunch senor,en,kaggle
ham,"\Hi missed your Call and my mumHas beendropping red wine all over theplace! what is your adress?\""""""""",en,kaggle
ham,Lol no. I just need to cash in my nitros. Hurry come on before I crash out!,en,kaggle
ham,Hey cutie. How goes it? Here in WALES its kinda ok. There is like hills and shit but i still avent killed myself.,en,kaggle
ham,Ok. Not sure what time tho as not sure if can get to library before class. Will try. See you at some point! Have good eve.,en,kaggle
ham,I went to ur hon lab but no one is there.,en,kaggle
ham,Lol now I'm after that hot air balloon!,en,kaggle
ham,Well that must be a pain to catch,en,kaggle
ham,You know what hook up means right?,en,kaggle
ham,Are you ok. What happen to behave like this,en,kaggle
ham,Probably a couple hours tops,en,kaggle
ham,Customer place i will call you,en,kaggle
ham,I said its okay. Sorry,en,kaggle
ham,I know you are. Can you pls open the back?,en,kaggle
ham,Policía Municipal: Corte de tráfico en Gran Vía este sábado de 10:00 a 20:00 por evento cultural.,es,synthetic_claude
ham,They said Ì_ dun haf passport or smth like dat.. Or Ì_ juz send to my email account..,en,kaggle
ham,Well at this right I'm gonna have to get up and check today's steam sales/pee so text me when you want me to come get you,en,kaggle
ham,Book which lesson? then you msg me... I will call up after work or sth... I'm going to get specs. My membership is PX3748,en,kaggle
ham,Dunno dat's wat he told me. Ok lor...,en,kaggle
ham,"Ola would get back to you maybe not today but I ve told him you can be his direct link in the US in getting cars he bids for online, you arrange shipping and you get a cut. Or U????? For a partnership where U????? Invest money for shipping and he takes care of the rest!U??Wud b self reliant soon dnt worry",en,kaggle
ham,"Don't Think About \What u Have Got\"""" Think About \""""How to Use It That You Have Got\"""" gooD ni8""""",en,kaggle
ham,From here after The performance award is calculated every two month.not for current one month period..,en,kaggle
ham,"He visto en las noticias lo del accidente en la A-6, espero que estés bien",es,synthetic_claude
ham,"LOL .. *grins* .. I'm not babe, but thanks for thinking of me!",en,kaggle
spam,BBVA: Hemos detectado uso de su tarjeta en el extranjero. Responda CONFIRMAR o BLOQUEAR.,es,synthetic_claude
ham,I am great! How are you?,en,kaggle
spam,Refused a loan? Secured or Unsecured? Can't get credit? Call free now 0800 195 6669 or text back 'help' & we will!,en,kaggle
ham,Ooooooh I forgot to tell u I can get on yoville on my phone,en,kaggle
ham,I will cme i want to go to hos 2morow. After that i wil cme. This what i got from her dear what to do. She didnt say any time,en,kaggle
ham,Nothing lor... A bit bored too... Then y dun u go home early 2 sleep today...,en,kaggle
ham,"Sir Goodmorning, Once free call me.",en,kaggle
spam,Get a FREE mobile video player FREE movie. To collect text GO to 89105. Its free! Extra films can be ordered t's and c's apply. 18 yrs only,en,kaggle
ham,"No, its true..k,Do u knw dis no. &lt"";#&gt;"" ?",en,kaggle
spam,FreeMsg Today's the day if you are ready! I'm horny & live in your town. I love sex fun & games! Netcollex Ltd 08700621170150p per msg reply Stop to end,en,kaggle
spam,SEUR: Su paquete requiere firma electrónica. Fírmelo aquí: https://seur-firma.xyz/firmar,es,synthetic_claude
ham,You stayin out of trouble stranger!!saw Dave the other day heåÕs sorted now!still with me bloke when u gona get a girl MR!ur mum still Thinks we will get 2GETHA!,en,kaggle
spam,Correos: Tiene un paquete de mensajería internacional pendiente. Llame al 91 197 69 70.,es,synthetic_claude
ham,Near kalainar tv office.thenampet,en,kaggle
ham,"Sir, good morning. Hope you had a good weekend. I called to let you know that i was able to raise  &lt"";#&gt;""  from my dad. He however said he would make the rest available by mid feb. This amount is still quite short and i was hoping you would help. Do have a good day. Abiola",en,kaggle
ham,cThen i thk shd b enuff.. Still got conclusion n contents pg n references.. I'll b doing da contents pg n cover pg..,en,kaggle
ham,"Mostly sports type..lyk footbl,crckt..",en,kaggle
ham,"Hello, my boytoy! I made it home and my constant thought is of you, my love. I hope your having a nice visit but I can't wait till you come home to me ...*kiss*",en,kaggle
ham,"Actually fuck that, just do whatever, do find an excuse to be in tampa at some point before january though",en,kaggle
ham,"I dont knw pa, i just drink milk..",en,kaggle
ham,Oh yeah I forgot. U can only take 2 out shopping at once.,en,kaggle
ham,Oh is it! Which brand?,en,kaggle
ham,Exactly. Anyways how far. Is jide her to study or just visiting,en,kaggle
ham,"Okies... I'll go yan jiu too... We can skip ard oso, go cine den go mrt one, blah blah blah... ",en,kaggle
ham,Oh thats late! Well have a good night and i will give u a call tomorrow. Iam now going to go to sleep night night,en,kaggle
ham,I need to come home and give you some good lovin...,en,kaggle
ham,Hmm .. Bits and pieces lol ... *sighs* ...,en,kaggle
ham,Which is why i never wanted to tell you any of this. Which is why i'm so short with you and on-edge as of late.,en,kaggle
ham,do u think that any girl will propose u today by seing ur bloody funky shit fucking face...............asssssholeeee................,en,kaggle
ham,He like not v shock leh. Cos telling shuhui is like telling leona also. Like dat almost all know liao. He got ask me abt ur reaction lor.,en,kaggle
ham,"Wa, ur openin sentence very formal... Anyway, i'm fine too, juz tt i'm eatin too much n puttin on weight...Haha... So anythin special happened?",en,kaggle
spam,FREE entry into our å£250 weekly competition just text the word WIN to 80086 NOW. 18 T&C www.txttowin.co.uk,en,kaggle
ham,I'm now but have to wait till 2 for the bus to pick me.,en,kaggle
ham,Ministerio de Sanidad: Nuevas medidas de prevención de gripe A en vigor desde el lunes.,es,synthetic_claude
ham,"Hmm ok, i'll stay for like an hour cos my eye is really sore!",en,kaggle
ham,ÌÏ collecting ur laptop then going to configure da settings izzit?,en,kaggle
spam,Samsung España: ¡Su número ha sido seleccionado! Gane un Galaxy S24 Ultra: https://samsung-galaxy.top,es,synthetic_claude
ham,I'm done oredi...,en,kaggle
ham,When did you get to the library,en,kaggle
ham,"That's the trouble with classes that go well - you're due a dodgey one Û_ Expecting mine tomo! See you for recovery, same time, same place ",en,kaggle
ham,Also andros ice etc etc,en,kaggle
ham,Pls send me your address sir.,en,kaggle
ham,"Yes but i dont care! I need you bad, princess!",en,kaggle
ham,Mathews or tait or edwards or anderson,en,kaggle
ham,Once free call me sir. I am waiting for you.,en,kaggle
ham,Hey ! Don't forget ... You are MINE ... For ME ... My possession ... MY property ... MMM ... *childish smile* ...,en,kaggle
ham,Aiyah ok wat as long as got improve can already wat...,en,kaggle
ham,I will be gentle baby! Soon you will be taking all  &lt;#&gt;  inches deep inside your tight pussy...,en,kaggle
ham,I hope you arnt pissed off but id would really like to see you tomorrow. Love me xxxxxxxxxxxxxX,en,kaggle
ham,"I sent you the prices and do you mean the  &lt"";#&gt;"" g,",en,kaggle
ham,Lmao you know me so well...,en,kaggle
ham,He's just gonna worry for nothing. And he won't give you money its no use.,en,kaggle
ham,Do you think i can move  &lt;#&gt;  in a week,en,kaggle
ham,ÌÏ neva tell me how i noe... I'm not at home in da aft wat...,en,kaggle
spam,Ministerio de Trabajo: Ayuda de 200€/mes aprobada. Solicítela antes del 31/03: https://trabajo-ayuda.xyz,es,synthetic_claude
ham,"I am real, baby! I want to bring out your inner tigress...",en,kaggle
spam,"Rock yr chik. Get 100's of filthy films &XXX pics on yr phone now. rply FILTH to 69669. Saristar Ltd, E14 9YT 08701752560. 450p per 5 days. Stop2 cancel",en,kaggle
ham,"Superb Thought- \Be grateful that u dont have everything u want. That means u still have an opportunity to be happier tomorrow than u are today.\"""":-)""""",en,kaggle
ham,It's ok i wun b angry. Msg u aft i come home tonight.,en,kaggle
ham,"Ta-Daaaaa! I am home babe, are you still up ?",en,kaggle
ham,BABE !!! I miiiiiiissssssssss you ! I need you !!! I crave you !!! :-( ... Geeee ... I'm so sad without you babe ... I love you ...,en,kaggle
ham,"'Wnevr i wana fal in luv vth my books, My bed fals in luv vth me..!'' . Yen madodu, nav pretsorginta, nammanna pretsovru important alwa....!!:) Gud eveB-).",en,kaggle
ham,Sorry da. I gone mad so many pending works what to do.,en,kaggle
ham,"Nothing much, chillin at home. Any super bowl plan?",en,kaggle
ham,"Dear,regret i cudnt pick call.drove down frm ctla now at cochin home.left mobile in car..ente style ishtamayoo?happy bakrid!",en,kaggle
spam,"Gr8 Poly tones 4 ALL mobs direct 2u rply with POLY TITLE to 8007 eg POLY BREATHE1 Titles: CRAZYIN, SLEEPINGWITH, FINEST, YMCA :getzed.co.uk POBox365O4W45WQ 300p",en,kaggle
ham,We not watching movie already. Xy wants 2 shop so i'm shopping w her now.,en,kaggle
ham,I have 2 docs appointments next week.:/ I'm tired of them shoving stuff up me. Ugh why couldn't I have had a normal body?,en,kaggle
ham,"Isn't frnd a necesity in life? imagine urself witout a frnd.. hw'd u feel at ur colleg? wat'll u do wth ur cell? wat abt functions? thnk abt events espe'll cared, missed &amp"";"" irritated u? 4wrd it to all those dear-loving frnds wthout whom u cant live.. I jst did it.. Takecare..:) GOODMORNING",en,kaggle
ham,Come to medical college at 7pm ......forward it da,en,kaggle
spam,DGT: Multa de 100€ por exceso de velocidad. Pague antes del viernes y ahorre 50%: https://dgt-pago.xyz,es,synthetic_claude
spam,Sexy Singles are waiting for you! Text your AGE followed by your GENDER as wither M or F E.G.23F. For gay men text your AGE followed by a G. e.g.23G.,en,kaggle
ham,Or I guess  &lt;#&gt;  min,en,kaggle
ham,"Naturgy: Su factura de gas de 38,20€ se cargará en cuenta el próximo día 20.",es,synthetic_claude
ham,... Are you in the pub?,en,kaggle
ham,"You have come into my life and brought the sun ..Shiny down on me, warming my heart. Putting a constant smile on my face ... Making me feel loved and cared for",en,kaggle
ham,God created gap btwn ur fingers so dat sum1 vry special will fill those gaps by holding ur hands.. Now plz dont ask y he created so much gap between legs !!!,en,kaggle
spam,"Sppok up ur mob with a Halloween collection of nokia logo&pic message plus a FREE eerie tone, txt CARD SPOOK to 8007",en,kaggle
ham,Sir send to group mail check it.,en,kaggle
ham,Aah bless! How's your arm?,en,kaggle
spam,Vodafone: Su línea será dada de baja por impago. Para evitarlo llame al 1444 urgentemente.,es,synthetic_claude
ham,K..k...from tomorrow onwards started ah?,en,kaggle
ham,Alright took the morphine. Back in yo.,en,kaggle
ham,Stop knowing me so well!,en,kaggle
spam,"Spotify: Pago de 9,99€ rechazado. Actualice método de pago o perderá su cuenta: https://spotify-pago.top",es,synthetic_claude
spam,Win a å£1000 cash prize or a prize worth å£5000,en,kaggle
ham,"Brainless Baby Doll..:-D"";""-), vehicle sariyag drive madoke barolla..",en,kaggle
ham,"Tick, tick, tick ... Babe",en,kaggle
ham,"My fri ah... Okie lor,goin 4 my drivin den go shoppin after tt...",en,kaggle
ham,"Two fundamentals of cool life: \Walk,"""" like you are the KING\""""""""...! OR \""""""""Walk like you Dont care"""",""""whoever is the KING\""""""""!... Gud nyt""""""""""""",en,kaggle
ham,How much for an eighth?,en,kaggle
ham,"\CHEERS U TEX MECAUSE U WEREBORED! YEAH OKDEN HUNNY R UIN WK SAT?SOUNDåÕS LIKEYOUR HAVIN GR8FUN J! KEEP UPDAT COUNTINLOTS OF LOVEME XXXXX.\""""""""",en,kaggle
spam,You have 1 new message. Please call 08718738034.,en,kaggle
ham,Huh so early.. Then Ì_ having dinner outside izzit?,en,kaggle
ham,Take some small dose tablet for fever,en,kaggle
ham,"its cool but tyler had to take off so we're gonna buy for him and drop it off at his place later tonight. Our total order is a quarter, you got enough?",en,kaggle
ham,I've reached home n i bathe liao... U can call me now...,en,kaggle
ham,I'm coming back on Thursday. Yay. Is it gonna be ok to get the money. Cheers. Oh yeah and how are you. Everything alright. Hows school. Or do you call it work now,en,kaggle
ham,Oh great. I.ll disturb him more so that we can talk.,en,kaggle
ham,"\HEY KATE,"""" HOPE UR OK... WILL GIVE U A BUZ WEDLUNCH. GO OUTSOMEWHERE 4 ADRINK IN TOWN..CUD GO 2WATERSHD 4 A BIT? PPL FROMWRK WILL BTHERE. LOVE PETEXXX.\""""""""""""""""""""",en,kaggle
ham,Noooooooo please. Last thing I need is stress. For once in your life be fair.,en,kaggle
ham,Moji just informed me that you saved our lives. Thanks.,en,kaggle
ham,"Aiyo... U always c our ex one... I dunno abt mei, she haven reply... First time u reply so fast... Y so lucky not workin huh, got bao by ur sugardad ah...gee.. ",en,kaggle
spam,Someonone you know is trying to contact you via our dating service! To find out who it could be call from your mobile or landline 09064015307 BOX334SK38ch,en,kaggle
ham,She's fine. Good to hear from you. How are you my dear? Happy new year oh.,en,kaggle
ham,Lol ok your forgiven :),en,kaggle
ham,I dont know ask to my brother. Nothing problem some thing that. Just i told .,en,kaggle
ham,Can u get pic msgs to your phone?,en,kaggle
ham,ÌÏ v ma fan...,en,kaggle
ham,I dunno they close oredi not... ÌÏ v ma fan...,en,kaggle
ham,What pa tell me.. I went to bath:-),en,kaggle
ham,(That said can you text him one more time?),en,kaggle
ham,"Easy mate, * guess the quick drink was bit ambitious.",en,kaggle
spam,You are a winner U have been specially selected 2 receive å£1000 or a 4* holiday (flights inc) speak to a live operator 2 claim 0871277810910p/min (18+),en,kaggle
ham,Yes i will be there. Glad you made it.,en,kaggle
ham,Su código de dos pasos para Google es 582941. No lo compartas.,es,synthetic_claude
ham,"Very strange.  and  are watching the 2nd one now but i'm in bed. Sweet dreams, miss u ",en,kaggle
ham,Hey r Ì_ still online? I've finished the formatting...,en,kaggle
spam,Cashbin.co.uk (Get lots of cash this weekend!) www.cashbin.co.uk Dear Welcome to the weekend We have got our biggest and best EVER cash give away!! These..,en,kaggle
spam,Únete a nuestro equipo de afiliados. Gana comisiones infinitas invitando amigos. 100% gratis.,es,synthetic_claude
spam,Spotify: Aviso de cancelación de cuenta por falta de pago. Actualice su información de pago hoy.,es,synthetic_claude
ham,Hacienda: Su declaración de la renta del ejercicio 2024 está disponible para presentar desde el 2 de abril.,es,synthetic_claude
ham,Me n him so funny...,en,kaggle
ham,Hey u still at the gym?,en,kaggle
ham,Ujhhhhhhh computer shipped out with address to sandiago and parantella lane. Wtf. Poop.,en,kaggle
spam,"In The Simpsons Movie released in July 2007 name the band that died at the start of the film? A-Green Day, B-Blue Day, C-Red Day. (Send A, B or C)",en,kaggle
ham,Hi im having the most relaxing time ever! we have to get up at 7am every day! was the party good the other night? I get home tomorrow at 5ish.,en,kaggle
ham,Are you in castor? You need to see something,en,kaggle
ham,Dip's cell dead. So i m coming with him. U better respond else we shall come back.,en,kaggle
ham,5 nights...We nt staying at port step liao...Too ex,en,kaggle
ham,"Nah I don't think he goes to usf, he lives around here though",en,kaggle
ham,Please leave this topic..sorry for telling that..,en,kaggle
spam,FedEx: Envío bloqueado por verificación de identidad. Llame al 902 122 424 con su número de pedido.,es,synthetic_claude
spam,1st wk FREE! Gr8 tones str8 2 u each wk. Txt NOKIA ON to 8007 for Classic Nokia tones or HIT ON to 8007 for Polys. Nokia/150p Poly/200p 16+,en,kaggle
ham,Want to finally have lunch today?,en,kaggle
ham,"Greetings me, ! Consider yourself excused.",en,kaggle
ham,U 2.,en,kaggle
spam,Free msg: Single? Find a partner in your area! 1000s of real people are waiting to chat now!Send CHAT to 62220Cncl send STOPCS 08717890890å£1.50 per msg,en,kaggle
ham,Hey do you want anything to buy:),en,kaggle
ham,U R THE MOST BEAUTIFUL GIRL IVE EVER SEEN. U R MY BABY COME AND C ME IN THE COMMON ROOM,en,kaggle
ham,Asking do u knw them or nt? May be ur frnds or classmates?,en,kaggle
ham,I'm not driving... Raining! Then i'll get caught at e mrt station lor.,en,kaggle
ham,O shore are you takin the bus,en,kaggle
ham,Nope i waiting in sch 4 daddy...,en,kaggle
ham,Love it! The girls at the office may wonder why you are smiling but sore...,en,kaggle
ham,Pls help me tell sura that i'm expecting a battery from hont. And that if should pls send me a message about how to download movies. Thanks,en,kaggle
ham,"\AH POOR BABY!HOPE URFEELING BETTERSN LUV! PROBTHAT OVERDOSE OF WORK HEY GO CAREFUL SPK 2 U SN LOTS OF LOVEJEN XXX.\""""""""",en,kaggle
ham,Hey i will be late... i'm at amk. Need to drink tea or coffee,en,kaggle
ham,"Dude u knw also telugu..thts gud..k, gud nyt..",en,kaggle
spam,"Hi, the SEXYCHAT girls are waiting for you to text them. Text now for a great night chatting. send STOP to stop this service",en,kaggle
ham,It is only yesterday true true.,en,kaggle
ham,"Haha awesome, omw back now then",en,kaggle
ham,"Hiya, sorry didn't hav signal. I haven't seen or heard from and neither has, which is unusual in itself! I'll put on the case and get him to sort it out! Hugs and snogs.",en,kaggle
ham,"In case you wake up wondering where I am, I forgot I have to take care of something for grandma today, should be done before the parade",en,kaggle
ham,Yup... Hey then one day on fri we can ask miwa and jiayin take leave go karaoke,en,kaggle
ham,Hi baby ive just got back from work and i was wanting to see u allday! I hope i didnt piss u off on the phone today. If u are up give me a call xxx,en,kaggle
ham,Hey now am free you can call me.,en,kaggle
spam,Santander: Detectamos una compra online sospechosa. Responda CONFIRMAR si fue usted o CANCELAR.,es,synthetic_claude
spam,"URGENT!: Your Mobile No. was awarded a å£2,000 Bonus Caller Prize on 02/09/03! This is our 2nd attempt to contact YOU! Call 0871-872-9755 BOX95QU",en,kaggle
ham,"Abeg, make profit. But its a start. Are you using it to get sponsors for the next event?",en,kaggle
ham,I am in your office na.,en,kaggle
ham,Or maybe my fat fingers just press all these buttons and it doesn't know what to do.,en,kaggle
spam,Santander ALERTA: Cargo de 750€ detectado en su cuenta. Llame al 91 123 45 67 si no lo reconoce.,es,synthetic_claude
ham,Ha! I wouldn't say that I just didn't read anything into way u seemed. I don't like 2 be judgemental....i save that for fridays in the pub!,en,kaggle
ham,Havent still waitin as usual... ÌÏ come back sch oredi?,en,kaggle
ham,Dont think so. It turns off like randomlly within 5min of opening,en,kaggle
ham,Hi di is yijue we're meeting at 7 pm at esaplanade tonight.,en,kaggle
ham,Where at were hungry too,en,kaggle
ham,That's y we haf to combine n c how lor...,en,kaggle
ham,"You are everywhere dirt, on the floor, the windows, even on my shirt. And sometimes when i open my mouth, you are all that comes flowing out. I dream of my world without you, then half my chores are out too. A time of joy for me, lots of tv shows i.ll see. But i guess like all things you just must exist, like rain, hail and mist, and when my time here is done, you and i become one.",en,kaggle
ham,Imagine Life WITHOUT ME... see.. How fast u are searching me?Don't worry.. l'm always there To disturb U.. Goodnoon..:),en,kaggle
spam,todays vodafone numbers ending with 0089(my last four digits) are selected to received a å£350 award. If your number matches please call 09063442151 to claim your å£350 award,en,kaggle
ham,"Bill, as in: Are there any letters for me. iÛªm expecting one from orange that isnÛªt a bill but may still say orange on it.",en,kaggle
ham,Guardia Civil: Operación de control de velocidad este fin de semana en carreteras nacionales.,es,synthetic_claude
ham,"I'm home, my love ... If your still awake ... *loving kiss*",en,kaggle
ham,A pure hearted person can have a wonderful smile that makes even his/her enemies to feel guilty for being an enemy.. So catch the world with your smile..:) GOODMORNING &amp; HAVE A SMILEY SUNDAY..:),en,kaggle
ham,Do Ì_ noe if ben is going?,en,kaggle
ham,"Uh, heads up we don't have THAT much left",en,kaggle
ham,"I thought i'd get him a watch, just cos thats the kind of thing u get4an18th. And he loves so much!",en,kaggle
ham,WOT U WANNA DO THEN MISSY?,en,kaggle
ham,Are you going to write ccna exam this week??,en,kaggle
ham,Cos daddy arranging time c wat time fetch Ì_ mah...,en,kaggle
ham,Are you there in room.,en,kaggle
ham,Then i buy.,en,kaggle
ham,"No we put party 7 days a week and study lightly, I think we need to draw in some custom checkboxes so they know we're hardcore",en,kaggle
ham,Aviso: el ascensor está averiado. Usad las escaleras hasta nuevo aviso.,es,synthetic_claude
ham,I love u 2 my little pocy bell I am sorry but I love u,en,kaggle
ham,Nothin comes to my mind. ÌÏ help me buy hanger lor. Ur laptop not heavy?,en,kaggle
spam,Are you unique enough? Find out from 30th August. www.areyouunique.co.uk,en,kaggle
ham,I wont do anything de.,en,kaggle
ham,K..u also dont msg or reply to his msg..,en,kaggle
spam,Trabajo urgente: digitalizador de documentos desde casa. 14€/hora. Sin experiencia. Empieza hoy.,es,synthetic_claude
spam,XCLUSIVE@CLUBSAISAI 2MOROW 28/5 SOIREE SPECIALE ZOUK WITH NICHOLS FROM PARIS.FREE ROSES 2 ALL LADIES !!! info: 07946746291/07880867867,en,kaggle
ham,I'm glad. You are following your dreams.,en,kaggle
ham,"Shit that is really shocking and scary, cant imagine for a second. Def up for night out. Do u think there is somewhere i could crash for night, save on taxi?",en,kaggle
spam,Welcome! Please reply with your AGE and GENDER to begin. e.g 24M,en,kaggle
ham,"Mañana hay huelga de metro, aviso por si acaso",es,synthetic_claude
ham,I'm working technical support :)voice process.networking field.,en,kaggle
ham,I told her I had a Dr appt next week. She thinks I'm gonna die. I told her its just a check. Nothing to be worried about. But she didn't listen.,en,kaggle
ham,Recuerda que las vacaciones de semana santa deben solicitarse antes del 20/03.,es,synthetic_claude
ham,Jus finish bathing...,en,kaggle
spam,FREE entry into our å£250 weekly comp just send the word WIN to 80086 NOW. 18 T&C www.txttowin.co.uk,en,kaggle
ham,"Haha, my legs and neck are killing me and my amigos are hoping to end the night with a burn, think I could swing by in like an hour?",en,kaggle
ham,No shoot me. I'm in the docs waiting room. :/,en,kaggle
ham,Oh k...i'm watching here:),en,kaggle
ham,Small problem in auction:)punj now asking tiwary,en,kaggle
ham,Tu solicitud de reducción de jornada ha sido aprobada a partir del 01/04.,es,synthetic_claude
ham,Sorry i din lock my keypad.,en,kaggle
ham,U wan 2 haf lunch i'm in da canteen now.,en,kaggle
ham,Where's my boytoy? I miss you ... What happened?,en,kaggle
ham,Boy you best get yo ass out here quick,en,kaggle
spam,Su seguro médico AXA vence mañana. Para renovarlo con descuento del 30% llame al 900 300 400.,es,synthetic_claude
spam,"BBVA: Nuevo dispositivo registrado en su app. Si no fue usted, llame ahora al 900 102 801.",es,synthetic_claude
ham,Where @,en,kaggle
ham,Would really appreciate if you call me. Just need someone to talk to.,en,kaggle
ham,Minimum walk is 3miles a day.,en,kaggle
ham,Lol that's different. I don't go trying to find every real life photo you ever took.,en,kaggle
ham,Geeeee ... I love you so much I can barely stand it,en,kaggle
ham,Then what about further plan?,en,kaggle
ham,"Come round, it's . ",en,kaggle
ham,Sitting ard nothing to do lor. U leh busy w work?,en,kaggle
ham,Should i buy him a blackberry bold 2 or torch. Should i buy him new or used. Let me know. Plus are you saying i should buy the  &lt;#&gt; g wifi ipad. And what are you saying about the about the  &lt;#&gt; g?,en,kaggle
spam,Filthy stories and GIRLS waiting for your,en,kaggle
ham,"Hola, soy tu nuevo jefe de proyecto. Quedamos el lunes para ponernos al día.",es,synthetic_claude
ham,I meant middle left or right?,en,kaggle
ham,Tu código de autenticación para el acceso a la Sede Electrónica es 483920.,es,synthetic_claude
ham,"Not for possession, especially not first offense",en,kaggle
ham,"Perdona que no contesté antes, estaba en clase sin móvil",es,synthetic_claude
ham,I didnt get anything da,en,kaggle
ham,"ItÛ÷s reassuring, in this crazy world.",en,kaggle
ham,No screaming means shouting..,en,kaggle
ham,"Hello. Sort of out in town already. That . So dont rush home, I am eating nachos. Will let you know eta.",en,kaggle
ham,Centro de Salud Vallecas: Resultado de análisis disponible en su historia clínica digital.,es,synthetic_claude
ham,Those cocksuckers. If it makes you feel better ipads are worthless garbage novelty items and you should feel bad for even wanting one,en,kaggle
ham,"Netflix: Cargo de 15,99€ realizado el día 14/03. Gracias por ser suscriptor.",es,synthetic_claude
spam,AEAT: Inspección fiscal abierta en su expediente. Presente documentación: https://aeat-inspeccion.xyz,es,synthetic_claude
ham,Keep yourself safe for me because I need you and I miss you already and I envy everyone that see's you in real life,en,kaggle
spam,TBS/PERSOLVO. been chasing us since Sept forå£38 definitely not paying now thanks to your information. We will ignore them. Kath. Manchester.,en,kaggle
spam,Microsoft: Cuenta de Microsoft 365 bloqueada. Restablezca acceso: https://ms365-acceso.xyz/restablecer,es,synthetic_claude
ham,Love it! I want to flood that pretty pussy with cum...,en,kaggle
ham,"Yes, princess. Toledo.",en,kaggle
spam,"YOUR CHANCE TO BE ON A REALITY FANTASY SHOW call now = 08707509020 Just 20p per min NTT Ltd, PO Box 1327 Croydon CR9 5WB 0870 is a national = rate call.",en,kaggle
ham,"Once a fishrman woke early in d mrng. It was very dark. He waited a while &amp""; found a sack ful of stones. He strtd throwin thm in2 d sea 2 pass time. Atlast he had jus 1stone, sun rose up &amp;"" he found out tht those r nt stones, those were diamonds. Moral:\Dont wake up early in d mrng'' GOOD night""""",en,kaggle
ham,Sounds great! Im going to sleep now. Have a good night!,en,kaggle
ham,Aiyo u so poor thing... Then u dun wan 2 eat? U bathe already?,en,kaggle
ham,"\NONE!NOWHERE IKNO DOESDISCOUNT!SHITINNIT\""""""""",en,kaggle
ham,Haha... can... But i'm having dinner with my cousin...,en,kaggle
ham,"Hi. Wk been ok - on hols now! Yes on for a bit of a run. Forgot that i have hairdressers appointment at four so need to get home n shower beforehand. Does that cause prob for u?\""",en,kaggle
ham,Primavera Sound: Tu entrada para el festival está confirmada. Descarga el PDF adjunto al email.,es,synthetic_claude
spam,This message is brought to you by GMW Ltd. and is not connected to the,en,kaggle
ham,Good morning pookie pie! Lol hope I didn't wake u up,en,kaggle
ham,"Ups which is 3days also, and the shipping company that takes 2wks. The other way is usps which takes a week but when it gets to lag you may have to bribe nipost to get your stuff.",en,kaggle
ham,How? Izzit still raining?,en,kaggle
ham,I am in a marriage function,en,kaggle
ham,If u laugh really loud.. If u talk spontaneously.. If u dont care what others feel.. U are probably with your dear &amp; best friends.. GOODEVENING Dear..:),en,kaggle
ham,Ok u can take me shopping when u get paid =D,en,kaggle
spam,"FREE GAME. Get Rayman Golf 4 FREE from the O2 Games Arcade. 1st get UR games settings. Reply POST, then save & activ8. Press 0 key for Arcade. Termsapply",en,kaggle
ham,"Dizzamn, aight I'll ask my suitemates when I get back",en,kaggle
ham,"Sorry man, my stash ran dry last night and I can't pick up more until sunday",en,kaggle
ham,Is ur paper today in e morn or aft?,en,kaggle
ham,Nvm take ur time.,en,kaggle
ham,Did u find a sitter for kaitlyn? I was sick and slept all day yesterday.,en,kaggle
ham,"I just lov this line: \Hurt me with the truth, I don't mind,i wil tolerat.bcs ur my someone..... But,"""" Never comfort me with a lie\"""""""" gud ni8 and sweet dreams""""""""""""",en,kaggle
ham,HI BABE U R MOST LIKELY TO BE IN BED BUT IM SO SORRY ABOUT TONIGHT! I REALLY WANNA SEE U TOMORROW SO CALL ME AT 9. LOVE ME XXX,en,kaggle
ham,Still otside le..u come 2morrow maga..,en,kaggle
ham,.Please charge my mobile when you get up in morning.,en,kaggle
ham,"Hey doc pls I want to get nice t shirt for my hubby nice fiting ones my budget is  &lt"";#&gt;"" k help pls I will load d card abi hw,keep me posted luv. 2 mj",en,kaggle
ham,Su seguro del coche vence el 15/04. Recibirá propuesta de renovación por correo esta semana.,es,synthetic_claude
ham,Lol I was gonna last month. I cashed some in but I left &lt;#&gt; just in case. I was collecting more during the week cause they announced it on the blog.,en,kaggle
ham,"Haha, my friend tyler literally just asked if you could get him a dubsack",en,kaggle
spam,"Hi there, 2nights ur lucky night! Uve been invited 2 XCHAT, the Uks wildest chat! Txt CHAT to 86688 now! 150p/MsgrcvdHG/Suite342/2Lands/Row/W1J6HL LDN 18yrs",en,kaggle
ham,How much is blackberry bold2 in nigeria.,en,kaggle
ham,* Thought I didn't see you.,en,kaggle
ham,Ayuntamiento de Madrid: Aviso de poda de árboles en su calle el jueves y viernes.,es,synthetic_claude
ham,"sorry, no, have got few things to do. may be in pub later.",en,kaggle
spam,Mapfre Salud: Su póliza ha sido suspendida por impago. Reactívela llamando al 900 111 112.,es,synthetic_claude
ham,MY NO. IN LUTON 0125698789 RING ME IF UR AROUND! H*,en,kaggle
spam,DGT: Aviso de renovación de permiso de circulación vencido. Evite multas renovándolo esta semana.,es,synthetic_claude
ham,Most of the tiime when i don't let you hug me it's so i don't break into tears.,en,kaggle
ham,Hi dear we saw dear. We both are happy. Where you my battery is low,en,kaggle
ham,Ok which your another number,en,kaggle
ham,Ok lor thanx... ÌÏ in school?,en,kaggle
ham,"Nt only for driving even for many reasons she is called BBD..thts it chikku, then hw abt dvg cold..heard tht vinobanagar violence hw is the condition..and hw ru ? Any problem?",en,kaggle
ham,"Hola, soy la directora de operaciones. Necesito el informe de ventas de enero y febrero.",es,synthetic_claude
spam,"Someone has contacted our dating service and entered your phone becausethey fancy you! To find out who it is call from a landline 09058098002. PoBox1, W14RG 150p",en,kaggle
spam,Starbucks España: Ha ganado café gratis durante un mes. Canjee su cupón: https://starbucks-premio.net,es,synthetic_claude
ham,"Ok omw now, you at castor?",en,kaggle
ham,"Depends on quality. If you want the type i sent boye, faded glory, then about 6. If you want ralphs maybe 2",en,kaggle
ham,Super da:)good replacement for murali,en,kaggle
ham,"I think we're going to finn's now, come",en,kaggle
ham,You didn't have to tell me that...now i'm thinking. Plus he's going to stop all your runs,en,kaggle
ham,Its like that hotel dusk game i think. You solve puzzles in a area thing,en,kaggle
spam,"FreeMsg Why haven't you replied to my text? I'm Randy, sexy, female and live local. Luv to hear from u. Netcollex Ltd 08700621170150p per msg reply Stop to end",en,kaggle
spam,"CaixaBank: Se ha solicitado un préstamo en su nombre. Si no lo reconoce, llame al 900 40 40 40.",es,synthetic_claude
ham,S..antha num corrct dane,en,kaggle
ham,Did you try making another butt.,en,kaggle
spam,88800 and 89034 are premium phone services call 08718711108,en,kaggle
ham,How much i gave to you. Morning.,en,kaggle
ham,Er yep sure. Props?,en,kaggle
ham,It only does simple arithmetic not percentages.,en,kaggle
ham,"Science tells that chocolate will melt under the sunlight. Please don't walk under the sunlight. BCoz,I don't want to loss a sweet friend.",en,kaggle
ham,Ok... Help me ask if she's working tmr a not?,en,kaggle
ham,Just finished eating. Got u a plate. NOT leftovers this time.,en,kaggle
ham,Neva mind it's ok..,en,kaggle
ham,I sent your maga that money yesterday oh.,en,kaggle
ham,Carry on not disturbing both of you,en,kaggle
ham,is your hamster dead? Hey so tmr i meet you at 1pm orchard mrt?,en,kaggle
ham,Only 2% students solved this CAT question in 'xam... 5+3+2= &lt;#&gt;  9+2+4= &lt;#&gt;  8+6+3= &lt;#&gt;  then 7+2+5=????? Tell me the answer if u r brilliant...1thing.i got d answr.,en,kaggle
spam,"URGENT! Your mobile number *************** WON a å£2000 Bonus Caller prize on 10/06/03! This is the 2nd attempt to reach you! Call 09066368753 ASAP! Box 97N7QP, 150ppm",en,kaggle
ham,"I'm nt goin, got somethin on, unless they meetin 4 dinner lor... Haha, i wonder who will go tis time...",en,kaggle
ham,Anything lor if they all go then i go lor...,en,kaggle
ham,Who were those people ? Were you in a tour ? I thought you were doing that sofa thing you sent me ? Your curious sugar,en,kaggle
ham,I'm serious. You are in the money base,en,kaggle
ham,Match started.india  &lt;#&gt;  for 2,en,kaggle
spam,"Hi, this is Mandy Sullivan calling from HOTMIX FM...you are chosen to receive å£5000.00 in our Easter Prize draw.....Please telephone 09041940223 to claim before 29/03/05 or your prize will be transferred to someone else....",en,kaggle
spam,Mercadona: Sorteo especial: ha ganado la compra de la semana valorada en 150€. Llame al 900 111 222.,es,synthetic_claude
ham,Kind of. Took it to garage. Centre part of exhaust needs replacing. Part ordered n taking it to be fixed tomo morning.,en,kaggle
ham,Was doing my test earlier. I appreciate you. Will call you tomorrow.,en,kaggle
ham,"Aight, text me tonight and we'll see what's up",en,kaggle
ham,"K I'm leaving soon, be there a little after 9",en,kaggle
spam,Zara Home: Gane un conjunto de ropa de hogar valorado en 350€: https://zarahome-sorteo.top,es,synthetic_claude
spam,Plataforma de trading automático. Gana mientras duermes. Capital inicial mínimo 250€.,es,synthetic_claude
ham,Stop the story. I've told him i've returned it and he's saying i should not re order it.,en,kaggle
spam,Amazon: Entrega no realizada por código postal incorrecto. Responda con su CP correcto.,es,synthetic_claude
ham,I bought the test yesterday. Its something that lets you know the exact day u ovulate.when will get 2u in about 2 to 3wks. But pls pls dont fret. I know u r worried. Pls relax. Also is there anything in ur past history u need to tell me?,en,kaggle
ham,I think just yourself Û_Thanks and see you tomo,en,kaggle
ham,No. Its not specialisation. Can work but its slave labor. Will look for it this month sha cos no shakara 4 beggar.,en,kaggle
ham,Mum ask Ì_ to buy food home...,en,kaggle
ham,Colegio oficial de médicos: Su cuota anual de 340€ vence el 31/03. Domiciliada en cuenta.,es,synthetic_claude
ham,Id onluy matters when getting on from offcampus,en,kaggle
spam,You are a winner you have been specially selected to receive å£1000 cash or a å£2000 award. Speak to a live operator to claim call 087147123779am-7pm. Cost 10p,en,kaggle
ham,"No shit, but I wasn't that surprised, so I went and spent the evening with that french guy I met in town here and we fooled around a bit but I didn't let him fuck me",en,kaggle
ham,Have your lunch and come quickly and open the door:),en,kaggle
ham,You are right. Meanwhile how's project twins comin up,en,kaggle
ham,"Hey babe! I saw you came online for a second and then you disappeared, what happened ?",en,kaggle
ham,You call him and tell now infront of them. Call him now.,en,kaggle
spam,Santander: Su tarjeta VISA ha expirado. Contacte con su sucursal o llame al 902 242 424.,es,synthetic_claude
ham,I just made some payments so dont have that much. Sorry. Would you want it fedex or the other way.,en,kaggle
ham,Would me smoking you out help us work through this difficult time,en,kaggle
ham,Ee msg na poortiyagi odalebeku: Hanumanji 7 name 1-Hanuman 2-Bajarangabali 3-Maruti 4-Pavanaputra 5-Sankatmochan 6-Ramaduth 7-Mahaveer ee 7 name  &lt;#&gt;  janarige ivatte kalisidare next saturday olage ondu good news keluviri...! Maretare inde 1 dodda problum nalli siguviri idu matra  &lt;#&gt; % true.. Don't neglet.,en,kaggle
ham,DHL: Su paquete ha sido entregado a vecino del 4ºA por su ausencia. Ref: 9273618.,es,synthetic_claude
spam,Hacienda: Tiene una deuda fiscal pendiente de 230€. Evite recargos pagando antes del 30/04.,es,synthetic_claude
ham,Nobody names their penis a girls name this story doesn't add up at all,en,kaggle
ham,"Mon okie lor... Haha, best is cheap n gd food la, ex oso okie... Depends on whether wana eat western or chinese food... Den which u prefer... ",en,kaggle
ham,"Well, I have to leave for my class babe ... You never came back to me ... :-( ... Hope you have a nice sleep, my love",en,kaggle
ham,Leave it de:-). Start Prepare for next:-)..,en,kaggle
ham,Sen told that he is going to join his uncle finance in cbe,en,kaggle
ham,Guai... ÌÏ shd haf seen him when he's naughty... ÌÏ so free today? Can go jogging...,en,kaggle
spam,Dear Voucher Holder 2 claim your 1st class airport lounge passes when using Your holiday voucher call 08704439680. When booking quote 1st class x 2,en,kaggle
ham,How stupid to say that i challenge god.You dont think at all on what i write instead you respond immed.,en,kaggle
ham,I think that tantrum's finished so yeah I'll be by at some point,en,kaggle
spam,AVISO ING: Hemos detectado actividad inusual en su cuenta. Confirme sus datos: https://ing-directo.top/confirmar,es,synthetic_claude
spam,4mths half price Orange line rental & latest camera phones 4 FREE. Had your phone 11mths+? Call MobilesDirect free on 08000938767 to update now! or2stoptxt T&Cs,en,kaggle
spam,Empresa de reparto busca riders. 12€/hora + propinas. Horario libre. Únete a nuestro equipo.,es,synthetic_claude
ham,Hai dear friends... This is my new &amp; present number..:) By Rajitha Raj (Ranju),en,kaggle
ham,I'm sick !! I'm needy !! I want you !! *pouts* *stomps feet* Where are you ?! *pouts* *stomps feet* I want my slave !! I want him now !!,en,kaggle
ham,"Cool, I'll text you in a few",en,kaggle
spam,Enjoy the jamster videosound gold club with your credits for 2 new videosounds+2 logos+musicnews! get more fun from jamster.co.uk! 16+only Help? call: 09701213186,en,kaggle
ham,Yes... I trust u to buy new stuff ASAP so I can try it out,en,kaggle
ham,Wait . I will msg after  &lt;#&gt;  min.,en,kaggle
ham,"Give her something to drink, if she takes it and doesn't vomit then you her temp might drop. If she unmits however let me know.",en,kaggle
ham,"It'll be tough, but I'll do what I have to",en,kaggle
spam,Sabadell: Hemos detectado uso fraudulento de su tarjeta. Acceda: https://sabadell-fraude.net/tarjeta,es,synthetic_claude
ham,Hey are we going for the lo lesson or gym?,en,kaggle
ham,Should I have picked up a receipt or something earlier,en,kaggle
ham,S but mostly not like that.,en,kaggle
ham,Sac needs to carry on:),en,kaggle
ham,Seguridad Social: Su número de afiliación ha sido registrado correctamente. Guárdelo.,es,synthetic_claude
ham,Universidad de Sevilla: El plazo de solicitud de TFG se cierra el 28/03. Acceda al portal.,es,synthetic_claude
spam,Seguridad Social: Jubilación anticipada aprobada. Para cobrar su pensión llame al 901 16 65 65.,es,synthetic_claude
ham,Miserable. They don't tell u that the side effects of birth control are massive gut wrenching cramps for the first 2 months. I didn't sleep at all last night.,en,kaggle
ham,All these nice new shirts and the only thing I can wear them to is nudist themed ;_; you in mu?,en,kaggle
ham,What u talking bout early morning? It's almost noon where your at!,en,kaggle
spam,"Urgent! Please call 09066612661 from your landline, your complimentary 4* Lux Costa Del Sol holiday or å£1000 CASH await collection. ppm 150 SAE T&Cs James 28, EH74RR",en,kaggle
spam,"FREE RING TONE just text \POLYS\"""" to 87131. Then every week get a new tone. 0870737910216yrs only å£1.50/wk.""""",en,kaggle
ham,¿Quedamos el sábado? Podemos ir al cine o a tomar algo,es,synthetic_claude
ham,Thank u. IT BETTER WORK OUT CAUSE I WILL FEEL USED OTHERWISE,en,kaggle
ham,Thought praps you meant another one. Goodo! I'll look tomorrow,en,kaggle
ham,Pls accept me for one day. Or am begging you change the number.,en,kaggle
ham,"Miss ya, need ya, want ya, love ya.",en,kaggle
ham,&lt;#&gt;  w jetton ave if you forgot,en,kaggle
ham,Thanks. Fills me with complete calm and reassurance!,en,kaggle
spam,UÛªve Bin Awarded å£50 to Play 4 Instant Cash. Call 08715203028 To Claim. EVERY 9th Player Wins Min å£50-å£500. OptOut 08718727870,en,kaggle
ham,Did u find out what time the bus is at coz i need to sort some stuff out.,en,kaggle
ham,"He aparcado delante de tu portal, ya bajo enseguida.",es,synthetic_claude
ham,Sday only joined.so training we started today:),en,kaggle
ham,The new deus ex game comin early next yr,en,kaggle
ham,"Well am officially in a philosophical hole, so if u wanna call am at home ready to be saved!",en,kaggle
ham,Man this bus is so so so slow. I think you're gonna get there before me,en,kaggle
ham,Check with nuerologist.,en,kaggle
ham,"Lol you forgot it eh ? Yes, I'll bring it in babe",en,kaggle
ham,Howz pain.it will come down today.do as i said ystrday.ice and medicine.,en,kaggle
spam,sports fans - get the latest sports news str* 2 ur mobile 1 wk FREE PLUS a FREE TONE Txt SPORT ON to 8007 www.getzed.co.uk 0870141701216+ norm 4txt/120p,en,kaggle
spam,ALERTA Bizum: Se ha intentado un cargo de 500€. Verifique su número: https://bizum-seguro.top/verificar,es,synthetic_claude
ham,Hey next sun 1030 there's a basic yoga course... at bugis... We can go for that... Pilates intro next sat.... Tell me what time you r free,en,kaggle
spam,How come it takes so little time for a child who is afraid of the dark to become a teenager who wants to stay out all night?,en,kaggle
ham,¿Qué tal la boda? Cuéntame todo con fotos.,es,synthetic_claude
ham,Mm feeling sleepy. today itself i shall get that dear,en,kaggle
ham,K I'll be there before 4.,en,kaggle
spam,Plataforma de inversión con rendimiento del 15% mensual garantizado. Empieza con 100€.,es,synthetic_claude
ham,Carlos says we can pick up from him later so yeah we're set,en,kaggle
ham,Left dessert. U wan me 2 go suntec look 4 u?,en,kaggle
ham,Have you laid your airtel line to rest?,en,kaggle
ham,Or remind me in a few hrs.,en,kaggle
spam,lyricalladie(21/F) is inviting you to be her friend. Reply YES-910 or NO-910. See her: www.SMS.ac/u/hmmross STOP? Send STOP FRND to 62468,en,kaggle
ham,"He encontrado las llaves, estaban en el bolsillo del abrigo.",es,synthetic_claude
ham,I sent you  &lt;#&gt;  bucks,en,kaggle
ham,Hmm...Bad news...Hype park plaza $700 studio taken...Only left 2 bedrm-$900...,en,kaggle
spam,DKV Seguros: Su cobertura dental vence en 48h. Renuévela llamando al 900 123 456.,es,synthetic_claude
ham,We will meet soon princess! Ttyl!,en,kaggle
ham,That was random saw my old roomate on campus. He graduated,en,kaggle
spam,Apple: Su cuenta iCloud ha sido comprometida. Protéjala ahora: https://icloud-proteger.net/verificar,es,synthetic_claude
ham,Hey so this sat are we going for the intro pilates only? Or the kickboxing too?,en,kaggle
spam,CaixaBank: Su cuenta no tiene actividad reciente. Será suspendida salvo que nos contacte en 24h.,es,synthetic_claude
ham,1 in cbe. 2 in chennai.,en,kaggle
ham,Hey gals.. Anyone of u going down to e driving centre tmr?,en,kaggle
ham,And whenever you and i see we can still hook up too.,en,kaggle
ham,No got new job at bar in airport on satsgettin 4.47per hour but means no lie in! keep in touch,en,kaggle
ham,U come n search tat vid..not finishd..,en,kaggle
ham,U GOIN OUT 2NITE?,en,kaggle
ham,Hey. For me there is no leave on friday. Wait i will ask my superior and tell you..,en,kaggle
ham,Ok lar i double check wif da hair dresser already he said wun cut v short. He said will cut until i look nice.,en,kaggle
ham,Like a personal sized or what,en,kaggle
ham,Is there any training tomorrow?,en,kaggle
ham,Dunno leh cant remember mayb lor. So wat time r we meeting tmr?,en,kaggle
ham,I taught that Ranjith sir called me. So only i sms like that. Becaus hes verifying about project. Prabu told today so only pa dont mistake me..,en,kaggle
ham,"\Response\"""" is one of d powerful weapon 2 occupy a place in others 'HEART'... So"","" always give response 2 who cares 4 U\""""... Gud night..swt dreams..take care""""",en,kaggle
ham,I love to cuddle! I want to hold you in my strong arms right now...,en,kaggle
ham,You have to pls make a note of all she.s exposed to. Also find out from her school if anyone else was vomiting. Is there a dog or cat in the house? Let me know later.,en,kaggle
ham,Where can download clear movies. Dvd copies.,en,kaggle
spam,U have a secret admirer who is looking 2 make contact with U-find out who they R*reveal who thinks UR so special-call on 09058094565,en,kaggle
ham,Wot u up 2 u weirdo?,en,kaggle
ham,"Actually nvm, got hella cash, we still on for  &lt"";#&gt;"" ish?",en,kaggle
ham,"\SYMPTOMS\"""" when U are in love: \""""1.U like listening songs 2.U get stopped where u see the name of your beloved 3.U won't get angry when your""""",en,kaggle
ham,"I haven't forgotten you, i might have a couple bucks to send you tomorrow, k? I love ya too",en,kaggle
ham,I am on the way to tirupur.,en,kaggle
ham,Change again... It's e one next to escalator...,en,kaggle
ham,"Sorry, I'll call later in meeting any thing related to trade please call Arul. &lt"";#&gt;"" ",en,kaggle
ham,New car and house for my parents.:)i have only new job in hand:),en,kaggle
spam,DHL: Aviso final: su paquete será retornado al remitente mañana si no confirma recogida.,es,synthetic_claude
ham,I dont know why she.s not getting your messages,en,kaggle
ham,Host-based IDPS for linux systems.,en,kaggle
ham,"Yeah that's what I thought, lemme know if anything's goin on later",en,kaggle
ham,Thanks for sending this mental ability question..,en,kaggle
spam,Guess what! Somebody you know secretly fancies you! Wanna find out who it is? Give us a call on 09065394514 From Landline DATEBox1282EssexCM61XN 150p/min 18,en,kaggle
ham,Don know. I did't msg him recently.,en,kaggle
ham,"Until 545 lor... Ya, can go 4 dinner together...",en,kaggle
ham,I was wondering if it would be okay for you to call uncle john and let him know that things are not the same in nigeria as they r here. That  &lt;#&gt;  dollars is 2years sent and that you know its a strain but i plan to pay back every dime he gives. Every dime so for me to expect anything from you is not practical. Something like that.,en,kaggle
ham,"Aight I'll grab something to eat too, text me when you're back at mu",en,kaggle
ham,I tagged MY friends that you seemed to count as YOUR friends.,en,kaggle
spam,Thanks for your subscription to Ringtone UK your mobile will be charged å£5/month Please confirm by replying YES or NO. If you reply NO you will not be charged,en,kaggle
spam,You will be receiving this week's Triple Echo ringtone shortly. Enjoy it!,en,kaggle
ham,Thanks for picking up the trash.,en,kaggle
ham,Fuck babe ... What happened to you ? How come you never came back?,en,kaggle
ham,I think its far more than that but find out. Check google maps for a place from your dorm.,en,kaggle
ham,Ofcourse I also upload some songs,en,kaggle
ham,"Yetunde, i'm sorry but moji and i seem too busy to be able to go shopping. Can you just please find some other way to get what you wanted us to get. Please forgive me. You can reply free via yahoo messenger.",en,kaggle
ham,Yes. It's all innocent fun. O:-),en,kaggle
spam,"Congratulations - Thanks to a good friend U have WON the å£2,000 Xmas prize. 2 claim is easy, just call 08712103738 NOW! Only 10p per minute. BT-national-rate",en,kaggle
ham,ÌÏ dun wan to watch infernal affair?,en,kaggle
ham,PLEASSSSSSSEEEEEE TEL ME V AVENT DONE SPORTSx,en,kaggle
ham,"Hey ! I want you ! I crave you ! I miss you ! I need you ! I love you, Ahmad Saeed al Hallaq ...",en,kaggle
ham,Mind blastin.. No more Tsunamis will occur from now on.. Rajnikant stopped swimming in Indian Ocean..:-D,en,kaggle
ham,Oh ya ya. I remember da. .,en,kaggle
ham,"All done, all handed in. Don't know if mega shop in asda counts as celebration but thats what i'm doing!",en,kaggle
ham,My battery is low babe,en,kaggle
ham,Do you mind if I ask what happened? You dont have to say if it is uncomfortable.,en,kaggle
ham,No problem. We will be spending a lot of quality time together...,en,kaggle
ham,I had it already..sabarish asked me to go..,en,kaggle
ham,Haha... Yup hopefully  we will lose a few kg by mon. after hip hop can go orchard and weigh again,en,kaggle
ham,Hey what happen de. Are you alright.,en,kaggle
ham,SERIOUSLY. TELL HER THOSE EXACT WORDS RIGHT NOW.,en,kaggle
ham,I love working from home :),en,kaggle
ham,Also hi wesley how've you been,en,kaggle
ham,Can you do a mag meeting this avo at some point?,en,kaggle
ham,I jus reached home. I go bathe first. But my sis using net tell u when she finishes k...,en,kaggle
spam,Todays Voda numbers ending 1225 are selected to receive a å£50award. If you have a match please call 08712300220 quoting claim code 3100 standard rates app,en,kaggle
ham,Hey no I ad a crap nite was borin without ya 2 boggy with me u boring biatch! Thanx but u wait til nxt time il ave ya,en,kaggle
ham,Ya had just now.onion roast.,en,kaggle
ham,No de. But call me after some time. Ill tell you k,en,kaggle
ham,"Some friends want me to drive em someplace, probably take a while",en,kaggle
ham,Send to someone else :-),en,kaggle
ham,Nice line said by a broken heart- Plz don't cum 1 more times infront of me... Other wise once again I ll trust U... Good 9t:),en,kaggle
ham,"Ha. You donÛ÷t know either. I did a a clever but simple thing with pears the other day, perfect for christmas.",en,kaggle
ham,Watch lor. I saw a few swatch one i thk quite ok. Ard 116 but i need 2nd opinion leh...,en,kaggle
ham,"Oops - am at my mum's in somerset... Bit far! Back tomo, see you soon x",en,kaggle
ham,Gettin rdy to ship comp,en,kaggle
ham,"Yo, you around? Just got my car back",en,kaggle
ham,"Tick, tick, tick .... Where are you ? I could die of loneliness you know ! *pouts* *stomps feet* I need you ...",en,kaggle
ham,K.k:)i'm going to tirunelvali this week to see my uncle ..i already spend the amount by taking dress .so only i want money.i will give it on feb 1,en,kaggle
ham,"Indians r poor but India is not a poor country. Says one of the swiss bank directors. He says that \ &lt"";#&gt;""  lac crore\"""" of Indian money is deposited in swiss banks which can be used for 'taxless' budget for  &lt"";#&gt;  yrs. Can give  &lt;#&gt;  crore jobs to all Indians. From any village to Delhi 4 lane roads. Forever free power suply to more than  &lt;#&gt;  social projects. Every citizen can get monthly  &lt;#&gt; /- for  &lt;#&gt;  yrs. No need of World Bank &amp;"" IMF loan. Think how our money is blocked by rich politicians. We have full rights against corrupt politicians. Itna forward karo ki pura INDIA padhe.g.m.\""""""""",en,kaggle
spam,CaixaBank: Código OTP solicitado desde dispositivo desconocido. Llame al 900 40 40 40 si no fue usted.,es,synthetic_claude
ham,PICK UR FONE UP NOW U DUMB?,en,kaggle
ham,Lol I know! They're so dramatic. Schools already closed for tomorrow. Apparently we can't drive in the inch of snow were supposed to get.,en,kaggle
ham,Cramps stopped. Going back to sleep,en,kaggle
ham,I'm home.,en,kaggle
ham,"Thanx 4 the time weåÕve spent 2geva, its bin mint! Ur my Baby and all I want is u!xxxx",en,kaggle
ham,Do u still have plumbers tape and a wrench we could borrow?,en,kaggle
spam,"Sabadell: Nuevo dispositivo vinculado a su cuenta. Si no fue usted, acceda: https://sabadell-seguridad.top",es,synthetic_claude
ham,So what did the bank say about the money?,en,kaggle
ham,"Garbage bags, eggs, jam, bread, hannaford wheat chex",en,kaggle
ham,They don't put that stuff on the roads to keep it from getting slippery over there?,en,kaggle
spam,DGT: Puntos del carnet de conducir reducidos a 0 por infracción grave. Recurra en 30 días.,es,synthetic_claude
ham,staff.science.nus.edu.sg/~phyhcmk/teaching/pc1323,en,kaggle
ham,I came hostel. I m going to sleep. Plz call me up before class. Hrishi.,en,kaggle
ham,Nt joking seriously i told,en,kaggle
ham,In work now. Going have in few min.,en,kaggle
